id,image_id,class,x1,y1,x2,y2,confidence
sub_0,005299_jpg.rf.71165960b763340fddc7e7cd0e448cb5.jpg,1,258,88,305,141,0.7451517581939697
sub_1,005301_jpg.rf.2c59fae9c52694ed1895a795c23da613.jpg,0,187,179,261,255,0.8808050155639648
sub_2,005301_jpg.rf.2c59fae9c52694ed1895a795c23da613.jpg,0,306,157,341,198,0.7541353702545166
sub_3,005301_jpg.rf.2c59fae9c52694ed1895a795c23da613.jpg,0,166,143,193,173,0.7433368563652039
sub_4,005301_jpg.rf.2c59fae9c52694ed1895a795c23da613.jpg,0,343,143,365,169,0.7189558744430542
sub_5,005301_jpg.rf.2c59fae9c52694ed1895a795c23da613.jpg,0,124,153,155,185,0.6301811933517456
sub_6,005301_jpg.rf.2c59fae9c52694ed1895a795c23da613.jpg,0,112,146,139,177,0.411053866147995
sub_7,005308_jpg.rf.4403a2f5f05f7715de6bdd234a24f8e3.jpg,1,154,34,212,104,0.9046768546104431
sub_8,005308_jpg.rf.4403a2f5f05f7715de6bdd234a24f8e3.jpg,1,191,63,231,126,0.7950468063354492
sub_9,005308_jpg.rf.4403a2f5f05f7715de6bdd234a24f8e3.jpg,1,240,30,277,76,0.7272127866744995
sub_10,005308_jpg.rf.4403a2f5f05f7715de6bdd234a24f8e3.jpg,1,56,162,101,199,0.42333465814590454
sub_11,005309_jpg.rf.7857830095f72844b36a8bda9f820a12.jpg,1,109,133,158,195,0.8816820979118347
sub_12,005309_jpg.rf.7857830095f72844b36a8bda9f820a12.jpg,1,225,123,271,179,0.8494024872779846
sub_13,005311_jpg.rf.6c16e0d1052d37c4df5501a7c7b7d3b4.jpg,1,111,93,208,216,0.87420654296875
sub_14,005311_jpg.rf.6c16e0d1052d37c4df5501a7c7b7d3b4.jpg,1,288,100,370,211,0.8723382353782654
sub_15,005311_jpg.rf.6c16e0d1052d37c4df5501a7c7b7d3b4.jpg,1,199,130,271,223,0.8454579710960388
sub_16,005312_jpg.rf.2a028a462ee82f38ae6bc8dfdf9dbb60.jpg,1,70,158,90,180,0.756284236907959
sub_17,005313_jpg.rf.8268dd5f74c93be1a401b9a3cac1eb98.jpg,1,90,32,320,268,0.8513019680976868
sub_18,005315_jpg.rf.4fdcc0e63e92be506ac178d2f6595499.jpg,1,360,113,401,155,0.793795645236969
sub_19,005315_jpg.rf.4fdcc0e63e92be506ac178d2f6595499.jpg,1,85,19,132,67,0.7585946321487427
sub_20,005316_jpg.rf.45c8dd29cadc2f60f46a4ce0a4f9b9b9.jpg,1,405,20,500,122,0.8855929970741272
sub_21,005316_jpg.rf.45c8dd29cadc2f60f46a4ce0a4f9b9b9.jpg,1,314,50,374,121,0.8593791723251343
sub_22,005316_jpg.rf.45c8dd29cadc2f60f46a4ce0a4f9b9b9.jpg,1,307,90,332,124,0.5330986380577087
sub_23,005318_jpg.rf.0d498661bcf0bbaa958b91cc6a2f2f27.jpg,1,221,162,239,185,0.774043619632721
sub_24,005318_jpg.rf.0d498661bcf0bbaa958b91cc6a2f2f27.jpg,1,184,149,204,177,0.7428172826766968
sub_25,005318_jpg.rf.0d498661bcf0bbaa958b91cc6a2f2f27.jpg,1,139,149,161,176,0.7085612416267395
sub_26,005318_jpg.rf.0d498661bcf0bbaa958b91cc6a2f2f27.jpg,1,164,165,180,185,0.6723100543022156
sub_27,005319_jpg.rf.563beb6078cfab7bcf311291b8b1124a.jpg,1,98,106,139,149,0.8486313223838806
sub_28,005322_jpg.rf.38c87c9a9999606bd5936d6ddb6915b2.jpg,1,211,19,307,143,0.8815127015113831
sub_29,005323_jpg.rf.15a423f0458bd62c2c98431cb50b05b8.jpg,1,31,137,69,182,0.8675743937492371
sub_30,005323_jpg.rf.15a423f0458bd62c2c98431cb50b05b8.jpg,1,325,12,365,58,0.8547646999359131
sub_31,005323_jpg.rf.15a423f0458bd62c2c98431cb50b05b8.jpg,1,284,63,336,122,0.8528348207473755
sub_32,005324_jpg.rf.226f04b937eb57a903d93fecc61f39fe.jpg,1,261,129,286,155,0.5008443593978882
sub_33,005325_jpg.rf.45a2fcd397555b21cb09401d1a044d25.jpg,0,164,85,206,141,0.9197143316268921
sub_34,005325_jpg.rf.45a2fcd397555b21cb09401d1a044d25.jpg,0,251,109,288,159,0.9068979024887085
sub_35,005325_jpg.rf.45a2fcd397555b21cb09401d1a044d25.jpg,0,305,102,342,151,0.9061453342437744
sub_36,005325_jpg.rf.45a2fcd397555b21cb09401d1a044d25.jpg,0,386,96,430,148,0.8960299491882324
sub_37,005325_jpg.rf.45a2fcd397555b21cb09401d1a044d25.jpg,0,447,118,480,156,0.8433275818824768
sub_38,005325_jpg.rf.45a2fcd397555b21cb09401d1a044d25.jpg,0,54,94,91,147,0.8302276134490967
sub_39,005325_jpg.rf.45a2fcd397555b21cb09401d1a044d25.jpg,0,227,125,254,159,0.7904582619667053
sub_40,005325_jpg.rf.45a2fcd397555b21cb09401d1a044d25.jpg,0,37,124,63,155,0.6651355028152466
sub_41,005327_jpg.rf.7ac2e444fcb36d45bed1585055b3d53c.jpg,1,241,45,272,77,0.836184024810791
sub_42,005327_jpg.rf.7ac2e444fcb36d45bed1585055b3d53c.jpg,1,83,80,114,115,0.8321785926818848
sub_43,005327_jpg.rf.7ac2e444fcb36d45bed1585055b3d53c.jpg,1,184,108,213,140,0.8189443349838257
sub_44,005327_jpg.rf.7ac2e444fcb36d45bed1585055b3d53c.jpg,1,319,73,348,104,0.8020923733711243
sub_45,005330_jpg.rf.1ed1652556d198b9f2cb06da0064857e.jpg,1,90,38,193,158,0.8810897469520569
sub_46,005330_jpg.rf.1ed1652556d198b9f2cb06da0064857e.jpg,1,223,30,281,104,0.8632503151893616
sub_47,005330_jpg.rf.1ed1652556d198b9f2cb06da0064857e.jpg,1,0,140,20,205,0.7561747431755066
sub_48,005331_jpg.rf.662d6a4a732a30ac82b2071bc953baaa.jpg,1,366,72,399,118,0.8354030847549438
sub_49,005331_jpg.rf.662d6a4a732a30ac82b2071bc953baaa.jpg,1,106,77,139,119,0.820034921169281
sub_50,005331_jpg.rf.662d6a4a732a30ac82b2071bc953baaa.jpg,1,18,89,53,131,0.8125666975975037
sub_51,005331_jpg.rf.662d6a4a732a30ac82b2071bc953baaa.jpg,1,73,92,98,126,0.7828661203384399
sub_52,005331_jpg.rf.662d6a4a732a30ac82b2071bc953baaa.jpg,1,281,85,309,124,0.7722554206848145
sub_53,005331_jpg.rf.662d6a4a732a30ac82b2071bc953baaa.jpg,1,213,105,234,133,0.7409864068031311
sub_54,005331_jpg.rf.662d6a4a732a30ac82b2071bc953baaa.jpg,1,330,84,354,115,0.7385035753250122
sub_55,005331_jpg.rf.662d6a4a732a30ac82b2071bc953baaa.jpg,1,170,83,197,119,0.734123706817627
sub_56,005331_jpg.rf.662d6a4a732a30ac82b2071bc953baaa.jpg,1,266,92,285,119,0.685039222240448
sub_57,005331_jpg.rf.662d6a4a732a30ac82b2071bc953baaa.jpg,1,270,89,293,122,0.49823883175849915
sub_58,005331_jpg.rf.662d6a4a732a30ac82b2071bc953baaa.jpg,1,306,97,321,122,0.42096590995788574
sub_59,005332_jpg.rf.a6bd08fb3835fd674f74a516b3516563.jpg,1,82,27,144,93,0.8770373463630676
sub_60,005332_jpg.rf.a6bd08fb3835fd674f74a516b3516563.jpg,1,146,41,172,72,0.780389666557312
sub_61,005334_jpg.rf.6f6803db9bbc52b791025b568cc0b083.jpg,1,74,1,147,63,0.8773797154426575
sub_62,005334_jpg.rf.6f6803db9bbc52b791025b568cc0b083.jpg,1,213,49,245,84,0.8253374695777893
sub_63,005336_jpg.rf.aca59abc9a6f604c2850712aad51f172.jpg,1,209,52,289,157,0.8771379590034485
sub_64,005336_jpg.rf.aca59abc9a6f604c2850712aad51f172.jpg,1,83,34,161,134,0.8733214735984802
sub_65,005338_jpg.rf.e84a0c3ab9d1e434c5ad30c3bfba91ec.jpg,1,299,104,428,275,0.8891541957855225
sub_66,005338_jpg.rf.e84a0c3ab9d1e434c5ad30c3bfba91ec.jpg,1,67,33,226,218,0.8779869675636292
sub_67,005340_jpg.rf.ef8f13ee38e0734f4bf604f6237628fc.jpg,1,221,220,240,242,0.6456461548805237
sub_68,005342_jpg.rf.0b57e9bad07ceb6bf086f7e23e1e1224.jpg,1,29,126,61,165,0.8556216359138489
sub_69,005342_jpg.rf.0b57e9bad07ceb6bf086f7e23e1e1224.jpg,1,251,106,283,141,0.824877142906189
sub_70,005342_jpg.rf.0b57e9bad07ceb6bf086f7e23e1e1224.jpg,1,57,107,86,144,0.6584153771400452
sub_71,005343_jpg.rf.895a7b267aacfe87b7548dae58e752ac.jpg,1,138,157,177,200,0.8575824499130249
sub_72,005343_jpg.rf.895a7b267aacfe87b7548dae58e752ac.jpg,1,57,155,111,214,0.8517768979072571
sub_73,005343_jpg.rf.895a7b267aacfe87b7548dae58e752ac.jpg,1,228,175,264,219,0.8417733907699585
sub_74,005343_jpg.rf.895a7b267aacfe87b7548dae58e752ac.jpg,1,333,179,365,218,0.8289870619773865
sub_75,005343_jpg.rf.895a7b267aacfe87b7548dae58e752ac.jpg,1,406,178,436,210,0.7715185284614563
sub_76,005344_jpg.rf.544d70e7c48df8b4aa396e3dacd7cf57.jpg,1,93,168,133,218,0.8597425818443298
sub_77,005344_jpg.rf.544d70e7c48df8b4aa396e3dacd7cf57.jpg,1,130,179,166,220,0.8203124403953552
sub_78,005346_jpg.rf.8bd69fbd424d324d18fe1474a91261ab.jpg,1,177,134,209,176,0.8757117986679077
sub_79,005346_jpg.rf.8bd69fbd424d324d18fe1474a91261ab.jpg,1,285,119,328,173,0.8736262321472168
sub_80,005346_jpg.rf.8bd69fbd424d324d18fe1474a91261ab.jpg,1,339,109,393,173,0.8636439442634583
sub_81,005346_jpg.rf.8bd69fbd424d324d18fe1474a91261ab.jpg,1,221,120,258,168,0.8557087779045105
sub_82,005346_jpg.rf.8bd69fbd424d324d18fe1474a91261ab.jpg,1,23,148,128,262,0.8544999361038208
sub_83,005346_jpg.rf.8bd69fbd424d324d18fe1474a91261ab.jpg,1,0,120,51,190,0.831767737865448
sub_84,005346_jpg.rf.8bd69fbd424d324d18fe1474a91261ab.jpg,1,98,118,140,173,0.8305635452270508
sub_85,005346_jpg.rf.8bd69fbd424d324d18fe1474a91261ab.jpg,0,274,185,365,281,0.8008115887641907
sub_86,005346_jpg.rf.8bd69fbd424d324d18fe1474a91261ab.jpg,1,476,123,500,163,0.786139965057373
sub_87,005350_jpg.rf.0d25c4f9740b4334088797fc3243dd1a.jpg,1,214,1,371,168,0.8422895669937134
sub_88,005351_jpg.rf.ed2d454b2e059fc13f901bcc62947bfa.jpg,1,120,119,151,151,0.8318146467208862
sub_89,005351_jpg.rf.ed2d454b2e059fc13f901bcc62947bfa.jpg,1,52,179,68,197,0.728746771812439
sub_90,005353_jpg.rf.5d9af6cb4587438d64957bd7192e39de.jpg,1,222,85,322,178,0.8288124203681946
sub_91,005354_jpg.rf.66ac8412f01e08a6146d5bc63bbb158c.jpg,1,213,44,239,72,0.5196703672409058
sub_92,005355_jpg.rf.12db1f111d72bbbd5619fb7bb392ba22.jpg,1,81,57,121,108,0.8714734315872192
sub_93,005355_jpg.rf.12db1f111d72bbbd5619fb7bb392ba22.jpg,1,180,71,218,116,0.8539478182792664
sub_94,005355_jpg.rf.12db1f111d72bbbd5619fb7bb392ba22.jpg,1,340,83,381,125,0.8192920684814453
sub_95,005355_jpg.rf.12db1f111d72bbbd5619fb7bb392ba22.jpg,1,308,85,343,128,0.816022515296936
sub_96,005355_jpg.rf.12db1f111d72bbbd5619fb7bb392ba22.jpg,1,255,81,274,104,0.7648487687110901
sub_97,005355_jpg.rf.12db1f111d72bbbd5619fb7bb392ba22.jpg,1,477,84,499,108,0.7546270489692688
sub_98,005355_jpg.rf.12db1f111d72bbbd5619fb7bb392ba22.jpg,1,420,81,440,105,0.7327125072479248
sub_99,005357_jpg.rf.df51ca15e87c9aa7faace47e8ee5a572.jpg,1,327,80,456,230,0.8912366628646851
sub_100,005357_jpg.rf.df51ca15e87c9aa7faace47e8ee5a572.jpg,0,48,79,168,215,0.879749059677124
sub_101,005360_jpg.rf.75fc39584c00492f09ac369bbfc2f105.jpg,1,305,130,322,151,0.7924866676330566
sub_102,005360_jpg.rf.75fc39584c00492f09ac369bbfc2f105.jpg,0,81,120,101,144,0.7803569436073303
sub_103,005360_jpg.rf.75fc39584c00492f09ac369bbfc2f105.jpg,1,332,131,349,152,0.7463782429695129
sub_104,005360_jpg.rf.75fc39584c00492f09ac369bbfc2f105.jpg,1,193,123,210,146,0.6783339977264404
sub_105,005360_jpg.rf.75fc39584c00492f09ac369bbfc2f105.jpg,0,220,115,240,140,0.6413787603378296
sub_106,005360_jpg.rf.75fc39584c00492f09ac369bbfc2f105.jpg,0,154,130,169,147,0.6123060584068298
sub_107,005360_jpg.rf.75fc39584c00492f09ac369bbfc2f105.jpg,0,179,127,193,145,0.5998775362968445
sub_108,005360_jpg.rf.75fc39584c00492f09ac369bbfc2f105.jpg,0,113,130,126,148,0.541704535484314
sub_109,005360_jpg.rf.75fc39584c00492f09ac369bbfc2f105.jpg,1,126,128,141,149,0.46348512172698975
sub_110,005362_jpg.rf.162fd8254a194a1e0198bc1861287e46.jpg,1,403,15,456,72,0.8842694759368896
sub_111,005362_jpg.rf.162fd8254a194a1e0198bc1861287e46.jpg,1,86,45,138,107,0.8642457127571106
sub_112,005362_jpg.rf.162fd8254a194a1e0198bc1861287e46.jpg,1,315,131,349,171,0.8550500869750977
sub_113,005362_jpg.rf.162fd8254a194a1e0198bc1861287e46.jpg,1,346,140,382,183,0.7999469041824341
sub_114,005362_jpg.rf.162fd8254a194a1e0198bc1861287e46.jpg,1,195,66,224,104,0.7652786374092102
sub_115,005362_jpg.rf.162fd8254a194a1e0198bc1861287e46.jpg,1,6,76,34,106,0.7581565380096436
sub_116,005362_jpg.rf.162fd8254a194a1e0198bc1861287e46.jpg,1,235,65,263,102,0.7481974363327026
sub_117,005362_jpg.rf.162fd8254a194a1e0198bc1861287e46.jpg,1,140,57,178,109,0.7383353114128113
sub_118,005362_jpg.rf.162fd8254a194a1e0198bc1861287e46.jpg,1,168,57,198,99,0.7225134372711182
sub_119,005362_jpg.rf.162fd8254a194a1e0198bc1861287e46.jpg,1,220,61,239,88,0.696008563041687
sub_120,005364_jpg.rf.b8e3dae81d80ac55f9bec424a2fc33e2.jpg,1,235,3,298,68,0.8726666569709778
sub_121,005364_jpg.rf.b8e3dae81d80ac55f9bec424a2fc33e2.jpg,1,322,52,372,99,0.8379760384559631
sub_122,005364_jpg.rf.b8e3dae81d80ac55f9bec424a2fc33e2.jpg,1,73,125,92,146,0.6825978755950928
sub_123,005366_jpg.rf.82e5b1fb137bb3607d8ce98838ac2e03.jpg,1,273,9,444,210,0.8551515936851501
sub_124,005367_jpg.rf.cfd8e51a002cbe97a681c2e9beb4eaac.jpg,0,306,47,410,167,0.8752387166023254
sub_125,005367_jpg.rf.cfd8e51a002cbe97a681c2e9beb4eaac.jpg,0,114,31,214,154,0.8612553477287292
sub_126,005371_jpg.rf.477c8ed24f562deb664ff098e9a09df6.jpg,1,424,92,454,130,0.8627086281776428
sub_127,005371_jpg.rf.477c8ed24f562deb664ff098e9a09df6.jpg,1,113,87,141,127,0.8311627507209778
sub_128,005371_jpg.rf.477c8ed24f562deb664ff098e9a09df6.jpg,0,215,91,241,127,0.7519695162773132
sub_129,005371_jpg.rf.477c8ed24f562deb664ff098e9a09df6.jpg,0,280,92,310,127,0.7453033328056335
sub_130,005371_jpg.rf.477c8ed24f562deb664ff098e9a09df6.jpg,0,68,108,95,140,0.7439733743667603
sub_131,005371_jpg.rf.477c8ed24f562deb664ff098e9a09df6.jpg,0,236,101,257,130,0.6883637309074402
sub_132,005372_jpg.rf.4809d0a8b99b8ad46967380676ef1ff3.jpg,1,303,136,345,185,0.8449556231498718
sub_133,005372_jpg.rf.4809d0a8b99b8ad46967380676ef1ff3.jpg,1,230,130,262,171,0.8064014315605164
sub_134,005372_jpg.rf.4809d0a8b99b8ad46967380676ef1ff3.jpg,1,417,164,439,189,0.7790198922157288
sub_135,005372_jpg.rf.4809d0a8b99b8ad46967380676ef1ff3.jpg,1,360,159,381,184,0.7623820900917053
sub_136,005372_jpg.rf.4809d0a8b99b8ad46967380676ef1ff3.jpg,1,149,140,176,173,0.7603445649147034
sub_137,005372_jpg.rf.4809d0a8b99b8ad46967380676ef1ff3.jpg,1,172,154,190,177,0.6504221558570862
sub_138,005372_jpg.rf.4809d0a8b99b8ad46967380676ef1ff3.jpg,1,216,145,236,174,0.5823585987091064
sub_139,005382_jpg.rf.bad5f80a3fa19ab150532b976adaa2f1.jpg,1,153,52,199,113,0.8635923862457275
sub_140,005382_jpg.rf.bad5f80a3fa19ab150532b976adaa2f1.jpg,0,27,65,70,118,0.853204071521759
sub_141,005382_jpg.rf.bad5f80a3fa19ab150532b976adaa2f1.jpg,1,66,57,105,110,0.8468816876411438
sub_142,005382_jpg.rf.bad5f80a3fa19ab150532b976adaa2f1.jpg,1,115,46,153,97,0.8438078165054321
sub_143,005382_jpg.rf.bad5f80a3fa19ab150532b976adaa2f1.jpg,1,309,68,338,103,0.7810373306274414
sub_144,005382_jpg.rf.bad5f80a3fa19ab150532b976adaa2f1.jpg,1,230,50,282,107,0.7674331068992615
sub_145,005382_jpg.rf.bad5f80a3fa19ab150532b976adaa2f1.jpg,1,106,78,128,112,0.6844691634178162
sub_146,005382_jpg.rf.bad5f80a3fa19ab150532b976adaa2f1.jpg,1,2,76,26,114,0.535112202167511
sub_147,005384_jpg.rf.34ab47f3859c29a33df2780579333dc1.jpg,1,297,111,323,137,0.5520942807197571
sub_148,005385_jpg.rf.aa3ca01ed31ce9c709f480c7b4293342.jpg,0,111,80,166,143,0.9077584147453308
sub_149,005385_jpg.rf.aa3ca01ed31ce9c709f480c7b4293342.jpg,0,43,74,80,117,0.890155553817749
sub_150,005385_jpg.rf.aa3ca01ed31ce9c709f480c7b4293342.jpg,0,402,85,443,135,0.8680304288864136
sub_151,005385_jpg.rf.aa3ca01ed31ce9c709f480c7b4293342.jpg,0,261,88,302,138,0.8637627363204956
sub_152,005385_jpg.rf.aa3ca01ed31ce9c709f480c7b4293342.jpg,0,343,111,369,142,0.8456637263298035
sub_153,005385_jpg.rf.aa3ca01ed31ce9c709f480c7b4293342.jpg,0,222,106,248,136,0.7978216409683228
sub_154,005388_jpg.rf.23e8d14b21e417062207e580d8edb64f.jpg,1,294,33,381,134,0.8739272952079773
sub_155,005388_jpg.rf.23e8d14b21e417062207e580d8edb64f.jpg,1,0,11,52,142,0.868798553943634
sub_156,005388_jpg.rf.23e8d14b21e417062207e580d8edb64f.jpg,1,217,29,289,123,0.8667618036270142
sub_157,005395_jpg.rf.a38830389c0d26e139ba81b2e1a813a3.jpg,1,38,202,77,244,0.7872602939605713
sub_158,005395_jpg.rf.a38830389c0d26e139ba81b2e1a813a3.jpg,1,0,209,18,240,0.5787609219551086
sub_159,005396_jpg.rf.eea1d76dbbfafcfce4679882b0bf06ce.jpg,1,227,61,274,112,0.8003181219100952
sub_160,005397_jpg.rf.eb518c5ace162681763b07ddc5f5fbee.jpg,1,366,121,424,183,0.846595287322998
sub_161,005397_jpg.rf.eb518c5ace162681763b07ddc5f5fbee.jpg,1,248,157,285,206,0.8458355665206909
sub_162,005397_jpg.rf.eb518c5ace162681763b07ddc5f5fbee.jpg,1,182,157,217,208,0.8230608105659485
sub_163,005397_jpg.rf.eb518c5ace162681763b07ddc5f5fbee.jpg,1,324,138,364,189,0.8227352499961853
sub_164,005397_jpg.rf.eb518c5ace162681763b07ddc5f5fbee.jpg,1,212,161,239,211,0.7579196691513062
sub_165,005400_jpg.rf.22477b9a2785d64cc93c4019726a55d1.jpg,1,31,52,118,150,0.8786188364028931
sub_166,005400_jpg.rf.22477b9a2785d64cc93c4019726a55d1.jpg,1,179,60,241,134,0.8617812395095825
sub_167,005401_jpg.rf.6290e4866056d8d849e9a6a1be0a7d0d.jpg,1,311,48,370,123,0.8813691735267639
sub_168,005401_jpg.rf.6290e4866056d8d849e9a6a1be0a7d0d.jpg,1,53,12,135,105,0.8612082004547119
sub_169,005401_jpg.rf.6290e4866056d8d849e9a6a1be0a7d0d.jpg,1,233,30,300,104,0.8472592830657959
sub_170,005401_jpg.rf.6290e4866056d8d849e9a6a1be0a7d0d.jpg,1,0,61,26,131,0.8232735991477966
sub_171,005401_jpg.rf.6290e4866056d8d849e9a6a1be0a7d0d.jpg,1,176,116,246,192,0.7807052731513977
sub_172,005403_jpg.rf.571bb8063c0d0e463945ecf72d9fda9f.jpg,1,338,37,445,170,0.8848698735237122
sub_173,005403_jpg.rf.571bb8063c0d0e463945ecf72d9fda9f.jpg,1,53,78,166,213,0.8726933002471924
sub_174,005403_jpg.rf.571bb8063c0d0e463945ecf72d9fda9f.jpg,1,448,82,499,179,0.8613048791885376
sub_175,005403_jpg.rf.571bb8063c0d0e463945ecf72d9fda9f.jpg,1,234,87,303,166,0.8221369981765747
sub_176,005403_jpg.rf.571bb8063c0d0e463945ecf72d9fda9f.jpg,1,9,165,40,203,0.8105909824371338
sub_177,005404_jpg.rf.d0ecbd207447aed70d9bb79583224403.jpg,0,32,130,71,172,0.8757179975509644
sub_178,005404_jpg.rf.d0ecbd207447aed70d9bb79583224403.jpg,0,327,113,361,157,0.8660049438476562
sub_179,005404_jpg.rf.d0ecbd207447aed70d9bb79583224403.jpg,0,297,108,328,145,0.8503662347793579
sub_180,005404_jpg.rf.d0ecbd207447aed70d9bb79583224403.jpg,0,239,121,265,156,0.842540442943573
sub_181,005404_jpg.rf.d0ecbd207447aed70d9bb79583224403.jpg,0,386,135,429,181,0.8037257790565491
sub_182,005404_jpg.rf.d0ecbd207447aed70d9bb79583224403.jpg,0,102,124,130,156,0.7697029113769531
sub_183,005404_jpg.rf.d0ecbd207447aed70d9bb79583224403.jpg,0,137,117,159,149,0.763939619064331
sub_184,005404_jpg.rf.d0ecbd207447aed70d9bb79583224403.jpg,0,197,122,220,150,0.7607600092887878
sub_185,005404_jpg.rf.d0ecbd207447aed70d9bb79583224403.jpg,0,340,143,394,217,0.5911272764205933
sub_186,005406_jpg.rf.ab129de11ffc3491cf0f609b57775d58.jpg,1,132,78,230,212,0.871364414691925
sub_187,005406_jpg.rf.ab129de11ffc3491cf0f609b57775d58.jpg,1,290,30,391,171,0.8701931238174438
sub_188,005409_jpg.rf.55901959a41cd86e1167d35866a141db.jpg,1,76,32,115,79,0.9029549956321716
sub_189,005409_jpg.rf.55901959a41cd86e1167d35866a141db.jpg,1,342,90,378,131,0.8943047523498535
sub_190,005409_jpg.rf.55901959a41cd86e1167d35866a141db.jpg,1,278,84,304,112,0.7687782645225525
sub_191,005409_jpg.rf.55901959a41cd86e1167d35866a141db.jpg,1,210,85,232,110,0.7552042603492737
sub_192,005409_jpg.rf.55901959a41cd86e1167d35866a141db.jpg,1,188,83,204,101,0.6036151647567749
sub_193,005410_jpg.rf.081c6cd01b724fc8ff667f3201d2f41d.jpg,1,254,166,300,215,0.8546940088272095
sub_194,005410_jpg.rf.081c6cd01b724fc8ff667f3201d2f41d.jpg,1,281,6,318,48,0.6265672445297241
sub_195,005411_jpg.rf.872394408015205be6b394aefbd795f9.jpg,1,347,87,392,140,0.8440250754356384
sub_196,005411_jpg.rf.872394408015205be6b394aefbd795f9.jpg,1,107,94,137,126,0.7830841541290283
sub_197,005411_jpg.rf.872394408015205be6b394aefbd795f9.jpg,1,278,151,308,183,0.7386484146118164
sub_198,005412_jpg.rf.41fde57412f3f6a10e1aa8591753f4ee.jpg,0,294,72,326,114,0.8658046126365662
sub_199,005412_jpg.rf.41fde57412f3f6a10e1aa8591753f4ee.jpg,0,86,79,116,117,0.8245233297348022
sub_200,005412_jpg.rf.41fde57412f3f6a10e1aa8591753f4ee.jpg,0,335,78,367,119,0.8032369017601013
sub_201,005412_jpg.rf.41fde57412f3f6a10e1aa8591753f4ee.jpg,0,181,84,212,124,0.7873357534408569
sub_202,005413_jpg.rf.d71e73dcaa4199036ffdc7923cda5599.jpg,1,256,134,281,162,0.8078402280807495
sub_203,005413_jpg.rf.d71e73dcaa4199036ffdc7923cda5599.jpg,1,287,107,313,137,0.6462723016738892
sub_204,005413_jpg.rf.d71e73dcaa4199036ffdc7923cda5599.jpg,1,304,109,318,126,0.454341858625412
sub_205,005415_jpg.rf.67b0c30d56d12904c131c1b4627cd4ca.jpg,1,118,212,140,242,0.7733598351478577
sub_206,005415_jpg.rf.67b0c30d56d12904c131c1b4627cd4ca.jpg,1,349,271,367,292,0.7428784966468811
sub_207,005415_jpg.rf.67b0c30d56d12904c131c1b4627cd4ca.jpg,1,312,272,329,291,0.715194821357727
sub_208,005415_jpg.rf.67b0c30d56d12904c131c1b4627cd4ca.jpg,1,47,335,73,363,0.6637651324272156
sub_209,005415_jpg.rf.67b0c30d56d12904c131c1b4627cd4ca.jpg,1,372,240,386,256,0.45428338646888733
sub_210,005415_jpg.rf.67b0c30d56d12904c131c1b4627cd4ca.jpg,1,328,274,344,291,0.43004053831100464
sub_211,005417_jpg.rf.d8c6364bbd757c7d64ba2139f8928100.jpg,0,50,104,102,160,0.902564525604248
sub_212,005417_jpg.rf.d8c6364bbd757c7d64ba2139f8928100.jpg,0,337,98,383,152,0.889155924320221
sub_213,005417_jpg.rf.d8c6364bbd757c7d64ba2139f8928100.jpg,0,210,100,249,148,0.8878219723701477
sub_214,005417_jpg.rf.d8c6364bbd757c7d64ba2139f8928100.jpg,0,307,105,341,149,0.8474733233451843
sub_215,005417_jpg.rf.d8c6364bbd757c7d64ba2139f8928100.jpg,0,5,111,48,161,0.8174349069595337
sub_216,005423_jpg.rf.c2bf06eba2d8ca97c4d33b0a806efffc.jpg,1,217,2,330,108,0.9059402346611023
sub_217,005423_jpg.rf.c2bf06eba2d8ca97c4d33b0a806efffc.jpg,1,67,151,122,204,0.841277003288269
sub_218,005423_jpg.rf.c2bf06eba2d8ca97c4d33b0a806efffc.jpg,1,152,209,183,240,0.7237318754196167
sub_219,005424_jpg.rf.3c97e67c68dfb9badd6662666c25e7a7.jpg,0,97,91,132,130,0.8967480659484863
sub_220,005424_jpg.rf.3c97e67c68dfb9badd6662666c25e7a7.jpg,0,411,80,450,124,0.8737511038780212
sub_221,005424_jpg.rf.3c97e67c68dfb9badd6662666c25e7a7.jpg,0,200,80,231,118,0.832227349281311
sub_222,005424_jpg.rf.3c97e67c68dfb9badd6662666c25e7a7.jpg,0,278,94,311,131,0.8289796113967896
sub_223,005424_jpg.rf.3c97e67c68dfb9badd6662666c25e7a7.jpg,0,2,103,30,134,0.7708979845046997
sub_224,005425_jpg.rf.3cf50f2f121928d948bad9f90b4f52ab.jpg,1,141,53,178,101,0.8846849203109741
sub_225,005425_jpg.rf.3cf50f2f121928d948bad9f90b4f52ab.jpg,1,408,0,499,149,0.8696407675743103
sub_226,005425_jpg.rf.3cf50f2f121928d948bad9f90b4f52ab.jpg,1,86,45,133,98,0.8685754537582397
sub_227,005425_jpg.rf.3cf50f2f121928d948bad9f90b4f52ab.jpg,1,290,44,340,105,0.8668069839477539
sub_228,005425_jpg.rf.3cf50f2f121928d948bad9f90b4f52ab.jpg,1,371,31,402,70,0.813777506351471
sub_229,005425_jpg.rf.3cf50f2f121928d948bad9f90b4f52ab.jpg,1,171,72,224,125,0.7890797853469849
sub_230,005425_jpg.rf.3cf50f2f121928d948bad9f90b4f52ab.jpg,1,344,59,383,103,0.7495040893554688
sub_231,005425_jpg.rf.3cf50f2f121928d948bad9f90b4f52ab.jpg,1,103,0,139,22,0.7333774566650391
sub_232,005426_jpg.rf.c059cae5619801100662d4f0f4b129bc.jpg,0,174,65,206,102,0.8988084197044373
sub_233,005426_jpg.rf.c059cae5619801100662d4f0f4b129bc.jpg,0,266,65,297,103,0.8660950064659119
sub_234,005426_jpg.rf.c059cae5619801100662d4f0f4b129bc.jpg,0,123,79,143,103,0.8521290421485901
sub_235,005426_jpg.rf.c059cae5619801100662d4f0f4b129bc.jpg,0,342,75,369,108,0.8242783546447754
sub_236,005426_jpg.rf.c059cae5619801100662d4f0f4b129bc.jpg,0,394,68,429,107,0.8229708075523376
sub_237,005426_jpg.rf.c059cae5619801100662d4f0f4b129bc.jpg,0,44,65,80,106,0.808045506477356
sub_238,005426_jpg.rf.c059cae5619801100662d4f0f4b129bc.jpg,0,94,83,113,106,0.6933780908584595
sub_239,005427_jpg.rf.c111ec152d931cfbb01691cb8ae72e47.jpg,1,96,83,133,124,0.8196856379508972
sub_240,005428_jpg.rf.c07893f3665caaac1d1dc732830e7097.jpg,1,260,20,327,97,0.9077132344245911
sub_241,005428_jpg.rf.c07893f3665caaac1d1dc732830e7097.jpg,0,173,57,219,120,0.8980876207351685
sub_242,005428_jpg.rf.c07893f3665caaac1d1dc732830e7097.jpg,1,86,35,130,86,0.8925325274467468
sub_243,005428_jpg.rf.c07893f3665caaac1d1dc732830e7097.jpg,0,229,63,264,109,0.7956726551055908
sub_244,005428_jpg.rf.c07893f3665caaac1d1dc732830e7097.jpg,1,135,109,191,173,0.7581831216812134
sub_245,005428_jpg.rf.c07893f3665caaac1d1dc732830e7097.jpg,0,402,97,434,137,0.7572779655456543
sub_246,005428_jpg.rf.c07893f3665caaac1d1dc732830e7097.jpg,0,29,65,66,111,0.7311057448387146
sub_247,005428_jpg.rf.c07893f3665caaac1d1dc732830e7097.jpg,0,373,101,401,136,0.6361063718795776
sub_248,005428_jpg.rf.c07893f3665caaac1d1dc732830e7097.jpg,1,432,87,449,128,0.5848721861839294
sub_249,005430_jpg.rf.40b1b9a5ea13582128d6eae26c2a5bcc.jpg,0,327,48,436,187,0.8810850381851196
sub_250,005430_jpg.rf.40b1b9a5ea13582128d6eae26c2a5bcc.jpg,1,179,19,278,137,0.865869402885437
sub_251,005431_jpg.rf.cf295ebe00ac95a569d3fe3a11e3f43c.jpg,1,112,121,143,158,0.8539528846740723
sub_252,005431_jpg.rf.cf295ebe00ac95a569d3fe3a11e3f43c.jpg,1,176,123,198,148,0.7492791414260864
sub_253,005431_jpg.rf.cf295ebe00ac95a569d3fe3a11e3f43c.jpg,1,226,124,242,144,0.6111673712730408
sub_254,005431_jpg.rf.cf295ebe00ac95a569d3fe3a11e3f43c.jpg,1,239,126,253,145,0.564586877822876
sub_255,005432_jpg.rf.aaef16d6eaad64bca027cf2b4dd3bb78.jpg,1,129,60,181,133,0.9231231808662415
sub_256,005432_jpg.rf.aaef16d6eaad64bca027cf2b4dd3bb78.jpg,1,405,61,462,137,0.8767563104629517
sub_257,005432_jpg.rf.aaef16d6eaad64bca027cf2b4dd3bb78.jpg,1,196,25,264,111,0.8479644656181335
sub_258,005432_jpg.rf.aaef16d6eaad64bca027cf2b4dd3bb78.jpg,1,262,76,297,122,0.8186466097831726
sub_259,005432_jpg.rf.aaef16d6eaad64bca027cf2b4dd3bb78.jpg,1,350,104,374,137,0.79262375831604
sub_260,005432_jpg.rf.aaef16d6eaad64bca027cf2b4dd3bb78.jpg,1,388,95,411,129,0.6951741576194763
sub_261,005432_jpg.rf.aaef16d6eaad64bca027cf2b4dd3bb78.jpg,1,301,94,325,132,0.6789714694023132
sub_262,005432_jpg.rf.aaef16d6eaad64bca027cf2b4dd3bb78.jpg,1,333,102,352,129,0.6210232377052307
sub_263,005432_jpg.rf.aaef16d6eaad64bca027cf2b4dd3bb78.jpg,1,481,104,499,130,0.5578994154930115
sub_264,005435_jpg.rf.e81e53f2c7bb714f7153b49b8368186a.jpg,1,61,102,130,181,0.8627265095710754
sub_265,005435_jpg.rf.e81e53f2c7bb714f7153b49b8368186a.jpg,1,258,136,307,196,0.7784452438354492
sub_266,005435_jpg.rf.e81e53f2c7bb714f7153b49b8368186a.jpg,1,361,118,375,140,0.533890426158905
sub_267,005435_jpg.rf.e81e53f2c7bb714f7153b49b8368186a.jpg,1,341,142,366,171,0.46107345819473267
sub_268,005435_jpg.rf.e81e53f2c7bb714f7153b49b8368186a.jpg,1,372,117,389,139,0.423159122467041
sub_269,005435_jpg.rf.e81e53f2c7bb714f7153b49b8368186a.jpg,1,310,144,340,180,0.41019144654273987
sub_270,005438_jpg.rf.054318a426ef0f2081f60c08354a0e5d.jpg,1,398,313,428,349,0.7980952262878418
sub_271,005438_jpg.rf.054318a426ef0f2081f60c08354a0e5d.jpg,1,360,330,381,354,0.7148042321205139
sub_272,005438_jpg.rf.054318a426ef0f2081f60c08354a0e5d.jpg,1,331,334,353,359,0.6861460208892822
sub_273,005439_jpg.rf.7ae4cb1b8c01f7630a0950ff2eef6596.jpg,1,66,82,137,144,0.8511261940002441
sub_274,005439_jpg.rf.7ae4cb1b8c01f7630a0950ff2eef6596.jpg,1,280,14,311,53,0.8497865200042725
sub_275,005439_jpg.rf.7ae4cb1b8c01f7630a0950ff2eef6596.jpg,1,407,76,435,105,0.7559749484062195
sub_276,005439_jpg.rf.7ae4cb1b8c01f7630a0950ff2eef6596.jpg,1,442,62,464,85,0.6842108964920044
sub_277,005441_jpg.rf.fbc85bcb03819b5d800e496afe61fde5.jpg,1,304,189,325,214,0.7345470190048218
sub_278,005441_jpg.rf.fbc85bcb03819b5d800e496afe61fde5.jpg,1,326,181,348,205,0.6910064220428467
sub_279,005443_jpg.rf.5c55c848babfe657cf21f0deb8d1b2cd.jpg,1,157,3,406,221,0.9313762784004211
sub_280,005443_jpg.rf.5c55c848babfe657cf21f0deb8d1b2cd.jpg,1,68,79,88,101,0.7558851838111877
sub_281,005443_jpg.rf.5c55c848babfe657cf21f0deb8d1b2cd.jpg,1,166,102,184,122,0.6771665811538696
sub_282,005443_jpg.rf.5c55c848babfe657cf21f0deb8d1b2cd.jpg,1,127,104,144,125,0.4477443993091583
sub_283,005444_jpg.rf.9c13341ca1520a56efbdc93db70114bc.jpg,1,152,124,184,161,0.8298110365867615
sub_284,005444_jpg.rf.9c13341ca1520a56efbdc93db70114bc.jpg,1,47,184,74,219,0.7811760902404785
sub_285,005444_jpg.rf.9c13341ca1520a56efbdc93db70114bc.jpg,1,400,87,426,118,0.7403806447982788
sub_286,005445_jpg.rf.375e56397db2d97252d43de4ca6c4ca1.jpg,1,70,137,97,170,0.8341084122657776
sub_287,005445_jpg.rf.375e56397db2d97252d43de4ca6c4ca1.jpg,1,427,134,451,165,0.8085824847221375
sub_288,005445_jpg.rf.375e56397db2d97252d43de4ca6c4ca1.jpg,1,347,138,375,178,0.7825089693069458
sub_289,005445_jpg.rf.375e56397db2d97252d43de4ca6c4ca1.jpg,1,0,88,21,156,0.7818053960800171
sub_290,005445_jpg.rf.375e56397db2d97252d43de4ca6c4ca1.jpg,1,242,138,263,168,0.7336268424987793
sub_291,005445_jpg.rf.375e56397db2d97252d43de4ca6c4ca1.jpg,1,137,144,156,168,0.732265293598175
sub_292,005445_jpg.rf.375e56397db2d97252d43de4ca6c4ca1.jpg,1,303,150,327,181,0.7137888669967651
sub_293,005445_jpg.rf.375e56397db2d97252d43de4ca6c4ca1.jpg,1,209,133,233,165,0.7113980650901794
sub_294,005445_jpg.rf.375e56397db2d97252d43de4ca6c4ca1.jpg,1,176,138,196,166,0.6979463696479797
sub_295,005445_jpg.rf.375e56397db2d97252d43de4ca6c4ca1.jpg,1,268,150,288,177,0.660490870475769
sub_296,005445_jpg.rf.375e56397db2d97252d43de4ca6c4ca1.jpg,1,384,139,405,163,0.6042963266372681
sub_297,005445_jpg.rf.375e56397db2d97252d43de4ca6c4ca1.jpg,1,335,151,353,178,0.5472906231880188
sub_298,005451_jpg.rf.5f2b6bd25e0bc6ed934d32cdef81b7ac.jpg,1,294,68,355,140,0.899779200553894
sub_299,005451_jpg.rf.5f2b6bd25e0bc6ed934d32cdef81b7ac.jpg,1,384,73,443,142,0.8975510597229004
sub_300,005451_jpg.rf.5f2b6bd25e0bc6ed934d32cdef81b7ac.jpg,1,220,94,255,142,0.872532069683075
sub_301,005451_jpg.rf.5f2b6bd25e0bc6ed934d32cdef81b7ac.jpg,1,163,81,217,144,0.8707650303840637
sub_302,005451_jpg.rf.5f2b6bd25e0bc6ed934d32cdef81b7ac.jpg,1,43,50,121,135,0.8639105558395386
sub_303,005451_jpg.rf.5f2b6bd25e0bc6ed934d32cdef81b7ac.jpg,1,253,104,282,144,0.8221527934074402
sub_304,005451_jpg.rf.5f2b6bd25e0bc6ed934d32cdef81b7ac.jpg,1,452,99,500,176,0.8130255341529846
sub_305,005452_jpg.rf.0c8dc3a911981ec503fb6b7de5fccc93.jpg,1,61,113,107,158,0.8515170812606812
sub_306,005452_jpg.rf.0c8dc3a911981ec503fb6b7de5fccc93.jpg,1,125,141,161,179,0.814690351486206
sub_307,005452_jpg.rf.0c8dc3a911981ec503fb6b7de5fccc93.jpg,1,468,116,491,138,0.6201818585395813
sub_308,005452_jpg.rf.0c8dc3a911981ec503fb6b7de5fccc93.jpg,1,8,128,31,154,0.5812364816665649
sub_309,005452_jpg.rf.0c8dc3a911981ec503fb6b7de5fccc93.jpg,1,0,125,10,148,0.5142521262168884
sub_310,005453_jpg.rf.78837959c22603a70f0eecd8c39777a5.jpg,1,239,19,285,73,0.8664548993110657
sub_311,005456_jpg.rf.07c00a9222ffff9b2d8b69e35263e098.jpg,0,169,27,229,99,0.8967422842979431
sub_312,005456_jpg.rf.07c00a9222ffff9b2d8b69e35263e098.jpg,0,277,49,325,111,0.8904998302459717
sub_313,005456_jpg.rf.07c00a9222ffff9b2d8b69e35263e098.jpg,1,354,3,452,111,0.878169596195221
sub_314,005456_jpg.rf.07c00a9222ffff9b2d8b69e35263e098.jpg,0,2,18,87,108,0.8682786822319031
sub_315,005456_jpg.rf.07c00a9222ffff9b2d8b69e35263e098.jpg,0,250,58,284,107,0.8490440845489502
sub_316,005456_jpg.rf.07c00a9222ffff9b2d8b69e35263e098.jpg,0,113,58,155,109,0.8315467834472656
sub_317,005457_jpg.rf.44b81185f7ddc9286805c567057cf9a5.jpg,1,28,112,68,160,0.8859093189239502
sub_318,005457_jpg.rf.44b81185f7ddc9286805c567057cf9a5.jpg,0,391,117,428,163,0.8723257184028625
sub_319,005457_jpg.rf.44b81185f7ddc9286805c567057cf9a5.jpg,1,350,134,380,175,0.8687406182289124
sub_320,005457_jpg.rf.44b81185f7ddc9286805c567057cf9a5.jpg,0,463,127,498,172,0.8666388988494873
sub_321,005457_jpg.rf.44b81185f7ddc9286805c567057cf9a5.jpg,0,291,114,320,149,0.8561473488807678
sub_322,005457_jpg.rf.44b81185f7ddc9286805c567057cf9a5.jpg,0,247,117,283,160,0.8546544909477234
sub_323,005457_jpg.rf.44b81185f7ddc9286805c567057cf9a5.jpg,1,213,127,242,165,0.846538245677948
sub_324,005457_jpg.rf.44b81185f7ddc9286805c567057cf9a5.jpg,0,0,124,20,163,0.845032811164856
sub_325,005457_jpg.rf.44b81185f7ddc9286805c567057cf9a5.jpg,0,154,132,185,172,0.7906136512756348
sub_326,005457_jpg.rf.44b81185f7ddc9286805c567057cf9a5.jpg,0,436,131,463,165,0.7658966779708862
sub_327,005457_jpg.rf.44b81185f7ddc9286805c567057cf9a5.jpg,0,132,136,154,167,0.7603704929351807
sub_328,005457_jpg.rf.44b81185f7ddc9286805c567057cf9a5.jpg,1,194,141,213,167,0.6361496448516846
sub_329,005457_jpg.rf.44b81185f7ddc9286805c567057cf9a5.jpg,0,111,143,133,171,0.5757471323013306
sub_330,005458_jpg.rf.ab6e6338eabaf419febaf19950051373.jpg,1,192,113,217,142,0.7278876304626465
sub_331,005458_jpg.rf.ab6e6338eabaf419febaf19950051373.jpg,1,141,106,158,127,0.6223477125167847
sub_332,005458_jpg.rf.ab6e6338eabaf419febaf19950051373.jpg,0,13,75,34,101,0.6065815687179565
sub_333,005458_jpg.rf.ab6e6338eabaf419febaf19950051373.jpg,1,167,108,183,127,0.5605695843696594
sub_334,005459_jpg.rf.bda838e84fd811f42428556e040d10d4.jpg,1,260,281,323,346,0.8682811856269836
sub_335,005459_jpg.rf.bda838e84fd811f42428556e040d10d4.jpg,1,92,307,132,352,0.7972869277000427
sub_336,005459_jpg.rf.bda838e84fd811f42428556e040d10d4.jpg,1,148,269,172,299,0.7196947932243347
sub_337,005461_jpg.rf.735dbc4c6a7378c44cfb6e338cbea312.jpg,1,145,15,202,86,0.8664119243621826
sub_338,005463_jpg.rf.19b742272079c94cc865e9a092dd5c97.jpg,1,221,138,242,160,0.6780651211738586
sub_339,005463_jpg.rf.19b742272079c94cc865e9a092dd5c97.jpg,1,284,1,306,24,0.6576655507087708
sub_340,005466_jpg.rf.c7f9c0734082ab28e741b9126aa7226f.jpg,1,30,73,126,182,0.8965831995010376
sub_341,005466_jpg.rf.c7f9c0734082ab28e741b9126aa7226f.jpg,1,128,38,223,158,0.8909907937049866
sub_342,005466_jpg.rf.c7f9c0734082ab28e741b9126aa7226f.jpg,1,260,10,370,130,0.8808237910270691
sub_343,005466_jpg.rf.c7f9c0734082ab28e741b9126aa7226f.jpg,1,201,101,259,165,0.4055935740470886
sub_344,005469_jpg.rf.cc1f839bb4efb88b73e9d1c789a67703.jpg,1,246,102,322,179,0.8559824824333191
sub_345,005471_jpg.rf.43ac080c2182ebbee809a298b9fd1175.jpg,1,321,69,404,156,0.8680717349052429
sub_346,005471_jpg.rf.43ac080c2182ebbee809a298b9fd1175.jpg,1,118,141,155,188,0.8386645317077637
sub_347,005471_jpg.rf.43ac080c2182ebbee809a298b9fd1175.jpg,1,231,137,267,176,0.7835330367088318
sub_348,005472_jpg.rf.bacd3dcbf8f9e64204cec20aa0a56d94.jpg,0,401,23,445,77,0.8477479219436646
sub_349,005472_jpg.rf.bacd3dcbf8f9e64204cec20aa0a56d94.jpg,0,206,28,249,81,0.840648353099823
sub_350,005472_jpg.rf.bacd3dcbf8f9e64204cec20aa0a56d94.jpg,0,373,47,405,91,0.8353599905967712
sub_351,005472_jpg.rf.bacd3dcbf8f9e64204cec20aa0a56d94.jpg,0,449,34,481,79,0.8259019255638123
sub_352,005472_jpg.rf.bacd3dcbf8f9e64204cec20aa0a56d94.jpg,0,115,25,162,80,0.8000457882881165
sub_353,005472_jpg.rf.bacd3dcbf8f9e64204cec20aa0a56d94.jpg,0,283,32,314,83,0.7979725003242493
sub_354,005472_jpg.rf.bacd3dcbf8f9e64204cec20aa0a56d94.jpg,0,0,5,49,69,0.7689540982246399
sub_355,005472_jpg.rf.bacd3dcbf8f9e64204cec20aa0a56d94.jpg,0,344,42,372,90,0.7182753086090088
sub_356,005472_jpg.rf.bacd3dcbf8f9e64204cec20aa0a56d94.jpg,0,306,37,347,89,0.7012239694595337
sub_357,005472_jpg.rf.bacd3dcbf8f9e64204cec20aa0a56d94.jpg,0,46,1,74,34,0.4794010818004608
sub_358,005472_jpg.rf.bacd3dcbf8f9e64204cec20aa0a56d94.jpg,0,0,69,26,136,0.43468740582466125
sub_359,005474_jpg.rf.a8c79622e3103b93274d2509f1c1406b.jpg,1,119,66,174,130,0.8656964302062988
sub_360,005476_jpg.rf.502f4776704ecef752c4972be40d4a0a.jpg,1,140,21,188,79,0.8370939493179321
sub_361,005477_jpg.rf.0fe8c755c64429c4af0c3e8d9a244907.jpg,0,39,96,83,145,0.8601099848747253
sub_362,005477_jpg.rf.0fe8c755c64429c4af0c3e8d9a244907.jpg,0,149,133,177,165,0.8525128364562988
sub_363,005477_jpg.rf.0fe8c755c64429c4af0c3e8d9a244907.jpg,0,390,127,416,160,0.8389876484870911
sub_364,005477_jpg.rf.0fe8c755c64429c4af0c3e8d9a244907.jpg,0,350,130,382,170,0.8322485089302063
sub_365,005477_jpg.rf.0fe8c755c64429c4af0c3e8d9a244907.jpg,0,76,139,108,176,0.8303934335708618
sub_366,005477_jpg.rf.0fe8c755c64429c4af0c3e8d9a244907.jpg,0,2,139,29,171,0.8253542184829712
sub_367,005477_jpg.rf.0fe8c755c64429c4af0c3e8d9a244907.jpg,0,299,128,325,162,0.8000425696372986
sub_368,005477_jpg.rf.0fe8c755c64429c4af0c3e8d9a244907.jpg,0,240,135,273,173,0.7874881625175476
sub_369,005477_jpg.rf.0fe8c755c64429c4af0c3e8d9a244907.jpg,0,322,133,342,161,0.7719731330871582
sub_370,005477_jpg.rf.0fe8c755c64429c4af0c3e8d9a244907.jpg,0,194,139,216,167,0.7187729477882385
sub_371,005477_jpg.rf.0fe8c755c64429c4af0c3e8d9a244907.jpg,0,220,145,234,165,0.50150465965271
sub_372,005477_jpg.rf.0fe8c755c64429c4af0c3e8d9a244907.jpg,0,279,138,298,165,0.454206645488739
sub_373,005478_jpg.rf.2452fa6099f08abb69e20d6c382df96d.jpg,1,260,66,312,118,0.8586528301239014
sub_374,005479_jpg.rf.08809d8ccc4ec2efb7571422489c1854.jpg,1,368,116,402,160,0.8852455615997314
sub_375,005479_jpg.rf.08809d8ccc4ec2efb7571422489c1854.jpg,1,302,121,334,165,0.8742296695709229
sub_376,005479_jpg.rf.08809d8ccc4ec2efb7571422489c1854.jpg,1,231,134,261,173,0.8330356478691101
sub_377,005479_jpg.rf.08809d8ccc4ec2efb7571422489c1854.jpg,1,179,131,207,168,0.828539252281189
sub_378,005479_jpg.rf.08809d8ccc4ec2efb7571422489c1854.jpg,1,124,143,153,180,0.7900212407112122
sub_379,005480_jpg.rf.9b29ab5deaffec984fa146637c38cb02.jpg,1,316,42,468,194,0.8859983682632446
sub_380,005481_jpg.rf.0bda1aa863648ceb626a2baccfc085cb.jpg,1,94,188,120,216,0.7846633195877075
sub_381,005481_jpg.rf.0bda1aa863648ceb626a2baccfc085cb.jpg,1,418,143,442,170,0.7794845104217529
sub_382,005484_jpg.rf.bdb768ccefb9170432bd1386265fd788.jpg,0,358,111,379,137,0.8704047799110413
sub_383,005484_jpg.rf.bdb768ccefb9170432bd1386265fd788.jpg,0,53,118,72,141,0.8066872954368591
sub_384,005484_jpg.rf.bdb768ccefb9170432bd1386265fd788.jpg,0,88,111,109,136,0.8036177158355713
sub_385,005484_jpg.rf.bdb768ccefb9170432bd1386265fd788.jpg,0,272,106,293,131,0.7987452745437622
sub_386,005484_jpg.rf.bdb768ccefb9170432bd1386265fd788.jpg,0,318,108,338,134,0.7830620408058167
sub_387,005484_jpg.rf.bdb768ccefb9170432bd1386265fd788.jpg,0,171,117,189,140,0.7815495133399963
sub_388,005484_jpg.rf.bdb768ccefb9170432bd1386265fd788.jpg,0,235,110,254,134,0.7814692258834839
sub_389,005484_jpg.rf.bdb768ccefb9170432bd1386265fd788.jpg,0,201,114,221,138,0.767289400100708
sub_390,005484_jpg.rf.bdb768ccefb9170432bd1386265fd788.jpg,0,23,123,41,145,0.7596868872642517
sub_391,005484_jpg.rf.bdb768ccefb9170432bd1386265fd788.jpg,0,143,119,160,142,0.7438472509384155
sub_392,005484_jpg.rf.bdb768ccefb9170432bd1386265fd788.jpg,0,121,126,138,148,0.7281221747398376
sub_393,005484_jpg.rf.bdb768ccefb9170432bd1386265fd788.jpg,0,345,118,361,140,0.4111327826976776
sub_394,005488_jpg.rf.3043894301a9ca5dd2ff3fcfe3144de6.jpg,0,171,63,197,97,0.8281863331794739
sub_395,005488_jpg.rf.3043894301a9ca5dd2ff3fcfe3144de6.jpg,0,95,62,125,101,0.8236606121063232
sub_396,005488_jpg.rf.3043894301a9ca5dd2ff3fcfe3144de6.jpg,0,229,74,251,103,0.8063440322875977
sub_397,005488_jpg.rf.3043894301a9ca5dd2ff3fcfe3144de6.jpg,0,306,46,345,90,0.7925441861152649
sub_398,005488_jpg.rf.3043894301a9ca5dd2ff3fcfe3144de6.jpg,0,0,46,44,107,0.7599163055419922
sub_399,005488_jpg.rf.3043894301a9ca5dd2ff3fcfe3144de6.jpg,0,249,62,275,97,0.7319462299346924
sub_400,005488_jpg.rf.3043894301a9ca5dd2ff3fcfe3144de6.jpg,0,80,73,100,102,0.6835120916366577
sub_401,005489_jpg.rf.712b5ea97fe288876bac13770895d6d2.jpg,1,233,11,285,68,0.8680264949798584
sub_402,005490_jpg.rf.331fc032a422276aa91555de107f6df7.jpg,0,1,50,32,84,0.8874989151954651
sub_403,005490_jpg.rf.331fc032a422276aa91555de107f6df7.jpg,0,205,63,224,86,0.8580874800682068
sub_404,005490_jpg.rf.331fc032a422276aa91555de107f6df7.jpg,0,84,54,116,88,0.8565085530281067
sub_405,005490_jpg.rf.331fc032a422276aa91555de107f6df7.jpg,0,130,63,155,90,0.8035309910774231
sub_406,005490_jpg.rf.331fc032a422276aa91555de107f6df7.jpg,0,52,69,69,88,0.7688970565795898
sub_407,005491_jpg.rf.b0f1a367c29620b249230e48ec97b0a5.jpg,1,195,36,242,100,0.8473543524742126
sub_408,005491_jpg.rf.b0f1a367c29620b249230e48ec97b0a5.jpg,1,72,20,132,99,0.8470462560653687
sub_409,005491_jpg.rf.b0f1a367c29620b249230e48ec97b0a5.jpg,1,127,28,171,91,0.7918075323104858
sub_410,005492_jpg.rf.c10e0891b3c65676541fa1a518510fc1.jpg,1,145,154,184,204,0.8443540930747986
sub_411,005492_jpg.rf.c10e0891b3c65676541fa1a518510fc1.jpg,1,111,129,146,175,0.6837363243103027
sub_412,005495_jpg.rf.a8aecf49086428d6db6acb99a17ab65f.jpg,0,403,28,441,74,0.914042055606842
sub_413,005495_jpg.rf.a8aecf49086428d6db6acb99a17ab65f.jpg,0,294,18,329,67,0.8910483717918396
sub_414,005495_jpg.rf.a8aecf49086428d6db6acb99a17ab65f.jpg,0,331,30,363,71,0.8893643021583557
sub_415,005495_jpg.rf.a8aecf49086428d6db6acb99a17ab65f.jpg,0,81,22,120,68,0.8661181330680847
sub_416,005495_jpg.rf.a8aecf49086428d6db6acb99a17ab65f.jpg,0,179,20,216,65,0.8654245138168335
sub_417,005497_jpg.rf.07c717ffbb7e5ab36a621fab548c266b.jpg,1,28,1,171,124,0.8792626261711121
sub_418,005497_jpg.rf.07c717ffbb7e5ab36a621fab548c266b.jpg,1,152,87,211,159,0.8421469330787659
sub_419,005497_jpg.rf.07c717ffbb7e5ab36a621fab548c266b.jpg,1,277,150,338,210,0.6923635601997375
sub_420,005498_jpg.rf.a42bfacc3745aafd78d1be9c7a4f380b.jpg,1,231,26,286,92,0.7354507446289062
sub_421,005506_jpg.rf.46835fa7b1fc3197fa1eafd5cce87f0b.jpg,1,197,91,279,190,0.8756800889968872
sub_422,005506_jpg.rf.46835fa7b1fc3197fa1eafd5cce87f0b.jpg,1,74,44,168,159,0.8698832988739014
sub_423,005508_jpg.rf.4f012c4f814e41b84af4c43207f1b84b.jpg,1,377,192,397,216,0.7063403725624084
sub_424,005509_jpg.rf.2da8b803ff46a40ed4c96a908c089c6b.jpg,1,259,59,336,151,0.885791540145874
sub_425,005509_jpg.rf.2da8b803ff46a40ed4c96a908c089c6b.jpg,1,187,61,257,132,0.8564391136169434
sub_426,005511_jpg.rf.473912b17d564f09301b81138c571183.jpg,1,0,132,31,194,0.7755787968635559
sub_427,005511_jpg.rf.473912b17d564f09301b81138c571183.jpg,1,139,163,158,187,0.7497845888137817
sub_428,005511_jpg.rf.473912b17d564f09301b81138c571183.jpg,1,219,166,237,187,0.6748765110969543
sub_429,005511_jpg.rf.473912b17d564f09301b81138c571183.jpg,1,204,160,221,181,0.4396432638168335
sub_430,005512_jpg.rf.5664f5fdc5a10cb95333c7697bdb9f51.jpg,1,281,160,307,190,0.7852802872657776
sub_431,005512_jpg.rf.5664f5fdc5a10cb95333c7697bdb9f51.jpg,0,221,161,241,187,0.7557389736175537
sub_432,005512_jpg.rf.5664f5fdc5a10cb95333c7697bdb9f51.jpg,0,120,154,143,181,0.7418817281723022
sub_433,005512_jpg.rf.5664f5fdc5a10cb95333c7697bdb9f51.jpg,0,183,164,205,190,0.7241060137748718
sub_434,005512_jpg.rf.5664f5fdc5a10cb95333c7697bdb9f51.jpg,1,336,175,353,197,0.6137555241584778
sub_435,005512_jpg.rf.5664f5fdc5a10cb95333c7697bdb9f51.jpg,0,357,176,373,197,0.5531550049781799
sub_436,005512_jpg.rf.5664f5fdc5a10cb95333c7697bdb9f51.jpg,0,261,169,280,194,0.5128002762794495
sub_437,005513_jpg.rf.65a0aecac80466939cc3033ed5e94aef.jpg,1,259,62,298,110,0.813646674156189
sub_438,005513_jpg.rf.65a0aecac80466939cc3033ed5e94aef.jpg,0,99,92,126,125,0.6380106210708618
sub_439,005513_jpg.rf.65a0aecac80466939cc3033ed5e94aef.jpg,1,305,113,325,138,0.48406627774238586
sub_440,005514_jpg.rf.d3c03bc2e6b2c296a92d2e491323fc9c.jpg,1,247,80,300,147,0.914819061756134
sub_441,005514_jpg.rf.d3c03bc2e6b2c296a92d2e491323fc9c.jpg,1,393,25,447,91,0.8815643191337585
sub_442,005514_jpg.rf.d3c03bc2e6b2c296a92d2e491323fc9c.jpg,1,8,113,84,199,0.8686196208000183
sub_443,005514_jpg.rf.d3c03bc2e6b2c296a92d2e491323fc9c.jpg,1,349,73,387,124,0.8661031126976013
sub_444,005514_jpg.rf.d3c03bc2e6b2c296a92d2e491323fc9c.jpg,1,61,36,105,98,0.8542457818984985
sub_445,005514_jpg.rf.d3c03bc2e6b2c296a92d2e491323fc9c.jpg,1,362,100,441,187,0.8531027436256409
sub_446,005514_jpg.rf.d3c03bc2e6b2c296a92d2e491323fc9c.jpg,1,183,51,223,102,0.851150393486023
sub_447,005514_jpg.rf.d3c03bc2e6b2c296a92d2e491323fc9c.jpg,1,132,94,177,153,0.8491826057434082
sub_448,005514_jpg.rf.d3c03bc2e6b2c296a92d2e491323fc9c.jpg,1,138,47,176,93,0.8357164859771729
sub_449,005514_jpg.rf.d3c03bc2e6b2c296a92d2e491323fc9c.jpg,1,300,39,336,89,0.825989842414856
sub_450,005514_jpg.rf.d3c03bc2e6b2c296a92d2e491323fc9c.jpg,1,235,29,271,76,0.8219233155250549
sub_451,005514_jpg.rf.d3c03bc2e6b2c296a92d2e491323fc9c.jpg,1,98,39,131,89,0.741248607635498
sub_452,005519_jpg.rf.9fc377450890006672a2ed4f0991c3b8.jpg,1,0,98,127,231,0.6797683835029602
sub_453,005520_jpg.rf.5fbecf5b5fb497f73cc267d829fd0961.jpg,1,255,282,315,358,0.8310766816139221
sub_454,005520_jpg.rf.5fbecf5b5fb497f73cc267d829fd0961.jpg,1,373,290,434,366,0.8163945078849792
sub_455,005521_jpg.rf.79c8325000dbb4dc533e0997d7dc319d.jpg,1,250,152,293,199,0.8343334794044495
sub_456,005521_jpg.rf.79c8325000dbb4dc533e0997d7dc319d.jpg,1,269,101,306,142,0.7781599760055542
sub_457,005521_jpg.rf.79c8325000dbb4dc533e0997d7dc319d.jpg,1,134,168,160,195,0.5982111096382141
sub_458,005521_jpg.rf.79c8325000dbb4dc533e0997d7dc319d.jpg,1,116,187,144,216,0.5966585278511047
sub_459,005521_jpg.rf.79c8325000dbb4dc533e0997d7dc319d.jpg,1,169,155,190,177,0.5406128764152527
sub_460,005522_jpg.rf.c4d593227243372f785d3bdfbe84d82f.jpg,1,267,31,357,134,0.899356484413147
sub_461,005525_jpg.rf.71b4e5c4f46c2c3b64a9ef68350d7867.jpg,1,212,16,247,63,0.9147639870643616
sub_462,005525_jpg.rf.71b4e5c4f46c2c3b64a9ef68350d7867.jpg,1,341,205,384,254,0.9111717343330383
sub_463,005525_jpg.rf.71b4e5c4f46c2c3b64a9ef68350d7867.jpg,1,46,0,133,68,0.8740885853767395
sub_464,005525_jpg.rf.71b4e5c4f46c2c3b64a9ef68350d7867.jpg,1,320,106,341,129,0.7968189120292664
sub_465,005525_jpg.rf.71b4e5c4f46c2c3b64a9ef68350d7867.jpg,1,302,32,330,60,0.6995527744293213
sub_466,005530_jpg.rf.78978a85217fca98ff351c2bb54a1adb.jpg,1,114,119,190,202,0.8536304831504822
sub_467,005530_jpg.rf.78978a85217fca98ff351c2bb54a1adb.jpg,1,346,80,416,150,0.7709023356437683
sub_468,005531_jpg.rf.9665c73df61e112f0fd97aa0aa82bb8f.jpg,1,360,177,428,251,0.8633972406387329
sub_469,005532_jpg.rf.a8255ee4c3b73bb6ac2a3b299852579e.jpg,1,360,70,429,156,0.8514371514320374
sub_470,005533_jpg.rf.28f86ac23e7aed54754b1820a5fdda06.jpg,1,140,29,319,243,0.8620577454566956
sub_471,005534_jpg.rf.3164808911a24ed08973ce9d2dfc081c.jpg,1,422,128,462,174,0.7854154706001282
sub_472,005536_jpg.rf.4b788ae41afe852fe486e343146047d9.jpg,0,369,19,423,80,0.8793827295303345
sub_473,005536_jpg.rf.4b788ae41afe852fe486e343146047d9.jpg,0,282,36,326,91,0.8705441951751709
sub_474,005536_jpg.rf.4b788ae41afe852fe486e343146047d9.jpg,0,102,45,137,91,0.860577404499054
sub_475,005536_jpg.rf.4b788ae41afe852fe486e343146047d9.jpg,0,185,42,226,91,0.8587361574172974
sub_476,005536_jpg.rf.4b788ae41afe852fe486e343146047d9.jpg,1,24,33,83,93,0.8285611867904663
sub_477,005536_jpg.rf.4b788ae41afe852fe486e343146047d9.jpg,1,4,51,33,92,0.7536464333534241
sub_478,005536_jpg.rf.4b788ae41afe852fe486e343146047d9.jpg,0,232,77,252,104,0.5049033761024475
sub_479,005537_jpg.rf.0be7591822ab1e49de88006862053c55.jpg,1,248,172,270,198,0.7619066834449768
sub_480,005539_jpg.rf.1df50099b72b096b523031cffb375786.jpg,1,162,54,213,112,0.8638473153114319
sub_481,005539_jpg.rf.1df50099b72b096b523031cffb375786.jpg,1,395,100,445,159,0.856561005115509
sub_482,005539_jpg.rf.1df50099b72b096b523031cffb375786.jpg,1,364,106,395,147,0.6940169334411621
sub_483,005541_jpg.rf.46c852daf369ed8d1528dcaaa2a9bb8e.jpg,0,404,79,445,123,0.8881694674491882
sub_484,005541_jpg.rf.46c852daf369ed8d1528dcaaa2a9bb8e.jpg,0,73,91,131,160,0.8286983966827393
sub_485,005541_jpg.rf.46c852daf369ed8d1528dcaaa2a9bb8e.jpg,0,314,114,339,146,0.8121539950370789
sub_486,005541_jpg.rf.46c852daf369ed8d1528dcaaa2a9bb8e.jpg,0,239,103,266,138,0.7693636417388916
sub_487,005541_jpg.rf.46c852daf369ed8d1528dcaaa2a9bb8e.jpg,0,106,91,138,132,0.5498592257499695
sub_488,005542_jpg.rf.15dd4624efa361018be106cad24e73cb.jpg,1,50,208,137,314,0.8510528206825256
sub_489,005543_jpg.rf.a9ec2b73ae338797f252127a72ce9d84.jpg,1,51,85,81,121,0.7979002594947815
sub_490,005543_jpg.rf.a9ec2b73ae338797f252127a72ce9d84.jpg,1,350,106,370,127,0.7220797538757324
sub_491,005545_jpg.rf.1a4f9fa1b634327ffd7d084a8630e107.jpg,1,102,55,244,210,0.871584415435791
sub_492,005546_jpg.rf.0659cbe956b374c87dfdca1ed82102ef.jpg,1,140,135,172,174,0.8014156222343445
sub_493,005546_jpg.rf.0659cbe956b374c87dfdca1ed82102ef.jpg,1,280,138,319,177,0.7861341238021851
sub_494,005546_jpg.rf.0659cbe956b374c87dfdca1ed82102ef.jpg,1,342,147,364,176,0.7199102640151978
sub_495,005546_jpg.rf.0659cbe956b374c87dfdca1ed82102ef.jpg,1,419,147,450,180,0.6583848595619202
sub_496,005546_jpg.rf.0659cbe956b374c87dfdca1ed82102ef.jpg,1,122,161,150,193,0.5899057984352112
sub_497,005547_jpg.rf.304a667d4f1fabfce67f2f2fbbbff505.jpg,1,265,78,284,101,0.7917174100875854
sub_498,005547_jpg.rf.304a667d4f1fabfce67f2f2fbbbff505.jpg,1,317,78,342,106,0.7636741995811462
sub_499,005547_jpg.rf.304a667d4f1fabfce67f2f2fbbbff505.jpg,1,198,82,218,105,0.7573622465133667
sub_500,005547_jpg.rf.304a667d4f1fabfce67f2f2fbbbff505.jpg,1,77,94,94,118,0.4978168308734894
sub_501,005548_jpg.rf.c87928dcc2c92662ea5a3d50aee8b9f8.jpg,1,60,1,119,72,0.8617091178894043
sub_502,005548_jpg.rf.c87928dcc2c92662ea5a3d50aee8b9f8.jpg,1,0,0,15,45,0.711855947971344
sub_503,005549_jpg.rf.031493f883027fed69e510540017d6a0.jpg,1,337,84,435,165,0.8325139880180359
sub_504,005550_jpg.rf.bb773694d696bc5424a0c914866505b2.jpg,1,134,154,172,196,0.8513984084129333
sub_505,005550_jpg.rf.bb773694d696bc5424a0c914866505b2.jpg,1,170,106,197,144,0.7846234440803528
sub_506,005550_jpg.rf.bb773694d696bc5424a0c914866505b2.jpg,1,341,108,369,141,0.7658799290657043
sub_507,005552_jpg.rf.063f04fa6ac4db2fefe71c3e5e4c7579.jpg,1,373,67,432,133,0.8763127326965332
sub_508,005552_jpg.rf.063f04fa6ac4db2fefe71c3e5e4c7579.jpg,1,311,100,344,141,0.8448473811149597
sub_509,005553_jpg.rf.8c086f300dd76611e75a30bcfcf7b2bc.jpg,1,34,81,85,145,0.8506892919540405
sub_510,005553_jpg.rf.8c086f300dd76611e75a30bcfcf7b2bc.jpg,1,169,112,198,153,0.7952592968940735
sub_511,005555_jpg.rf.b79b62e1ff0527d707d7a2b0f70f562c.jpg,1,119,129,157,168,0.8506869077682495
sub_512,005558_jpg.rf.5c743c4f8e14f4e38c29512a95410965.jpg,1,42,208,107,269,0.8714160323143005
sub_513,005559_jpg.rf.385fee0d4897d591b453276c100dcfbd.jpg,1,136,0,221,88,0.8619462251663208
sub_514,005560_jpg.rf.a184e7921b85344d07ac44709acc1dc6.jpg,1,209,74,262,144,0.8771653175354004
sub_515,005561_jpg.rf.eb777f5866dfd0dd994be5de864a1c86.jpg,1,88,50,167,143,0.9008476734161377
sub_516,005561_jpg.rf.eb777f5866dfd0dd994be5de864a1c86.jpg,1,229,36,294,126,0.8683883547782898
sub_517,005561_jpg.rf.eb777f5866dfd0dd994be5de864a1c86.jpg,1,335,27,410,124,0.8560563325881958
sub_518,005562_jpg.rf.6cf2a02edc6e714144b1bdef4cf5e815.jpg,1,397,131,440,178,0.8650049567222595
sub_519,005562_jpg.rf.6cf2a02edc6e714144b1bdef4cf5e815.jpg,1,62,98,119,159,0.8521884083747864
sub_520,005562_jpg.rf.6cf2a02edc6e714144b1bdef4cf5e815.jpg,1,276,125,304,161,0.8282774686813354
sub_521,005562_jpg.rf.6cf2a02edc6e714144b1bdef4cf5e815.jpg,1,176,128,201,162,0.7646496891975403
sub_522,005562_jpg.rf.6cf2a02edc6e714144b1bdef4cf5e815.jpg,0,125,115,149,145,0.7451958060264587
sub_523,005562_jpg.rf.6cf2a02edc6e714144b1bdef4cf5e815.jpg,0,322,123,342,148,0.662239134311676
sub_524,005562_jpg.rf.6cf2a02edc6e714144b1bdef4cf5e815.jpg,0,251,138,269,162,0.625686526298523
sub_525,005562_jpg.rf.6cf2a02edc6e714144b1bdef4cf5e815.jpg,1,333,143,360,175,0.462718665599823
sub_526,005563_jpg.rf.b8b976eab04e6eed20d86c0e4c811ea8.jpg,1,318,197,346,229,0.7588154673576355
sub_527,005563_jpg.rf.b8b976eab04e6eed20d86c0e4c811ea8.jpg,1,142,180,161,202,0.750665009021759
sub_528,005563_jpg.rf.b8b976eab04e6eed20d86c0e4c811ea8.jpg,1,230,186,254,215,0.7384248971939087
sub_529,005563_jpg.rf.b8b976eab04e6eed20d86c0e4c811ea8.jpg,1,282,185,306,216,0.7269591689109802
sub_530,005563_jpg.rf.b8b976eab04e6eed20d86c0e4c811ea8.jpg,1,165,187,187,211,0.6621221899986267
sub_531,005563_jpg.rf.b8b976eab04e6eed20d86c0e4c811ea8.jpg,1,200,188,212,208,0.5706194639205933
sub_532,005563_jpg.rf.b8b976eab04e6eed20d86c0e4c811ea8.jpg,1,206,187,228,213,0.45913875102996826
sub_533,005571_jpg.rf.d33ab53e379da06ff88a167c1f45aa49.jpg,1,305,6,369,72,0.866162121295929
sub_534,005571_jpg.rf.d33ab53e379da06ff88a167c1f45aa49.jpg,1,80,38,146,107,0.8602790236473083
sub_535,005571_jpg.rf.d33ab53e379da06ff88a167c1f45aa49.jpg,1,247,57,293,121,0.8365641236305237
sub_536,005572_jpg.rf.70c2107cd01e012e32186628b0c99817.jpg,1,273,105,310,146,0.8702465295791626
sub_537,005572_jpg.rf.70c2107cd01e012e32186628b0c99817.jpg,1,141,92,165,120,0.8303309679031372
sub_538,005572_jpg.rf.70c2107cd01e012e32186628b0c99817.jpg,1,93,99,107,114,0.6051363348960876
sub_539,005575_jpg.rf.1dfda5bc6dd406c2a3e27648a40004c4.jpg,1,323,241,362,283,0.8174512386322021
sub_540,005576_jpg.rf.baae79f5bb3298f7eee49c63d2d6f0b8.jpg,1,320,104,348,136,0.7777863144874573
sub_541,005576_jpg.rf.baae79f5bb3298f7eee49c63d2d6f0b8.jpg,1,151,90,176,119,0.7733255624771118
sub_542,005576_jpg.rf.baae79f5bb3298f7eee49c63d2d6f0b8.jpg,1,56,99,87,131,0.7499294281005859
sub_543,005576_jpg.rf.baae79f5bb3298f7eee49c63d2d6f0b8.jpg,1,224,100,248,127,0.6884066462516785
sub_544,005576_jpg.rf.baae79f5bb3298f7eee49c63d2d6f0b8.jpg,1,13,95,31,116,0.4510730803012848
sub_545,005578_jpg.rf.b594b7422f1cf73279e8bab2d95a5c52.jpg,1,230,74,364,249,0.8876138925552368
sub_546,005578_jpg.rf.b594b7422f1cf73279e8bab2d95a5c52.jpg,1,0,181,115,324,0.8467401266098022
sub_547,005579_jpg.rf.00144e546160d352f5598ce4ca7ef967.jpg,0,299,111,380,203,0.8926520943641663
sub_548,005579_jpg.rf.00144e546160d352f5598ce4ca7ef967.jpg,0,0,139,54,205,0.8918596506118774
sub_549,005579_jpg.rf.00144e546160d352f5598ce4ca7ef967.jpg,0,204,95,254,159,0.8865292072296143
sub_550,005579_jpg.rf.00144e546160d352f5598ce4ca7ef967.jpg,0,48,89,128,185,0.858479380607605
sub_551,005579_jpg.rf.00144e546160d352f5598ce4ca7ef967.jpg,0,131,105,171,163,0.8546420335769653
sub_552,005580_jpg.rf.aad6b44476b3b3676c70118395d8af29.jpg,1,360,77,391,112,0.8360495567321777
sub_553,005580_jpg.rf.aad6b44476b3b3676c70118395d8af29.jpg,1,432,82,465,121,0.8191041946411133
sub_554,005580_jpg.rf.aad6b44476b3b3676c70118395d8af29.jpg,1,317,79,341,109,0.8120618462562561
sub_555,005581_jpg.rf.38cf7d7608889fd0c277d2fbeb2cef28.jpg,0,49,53,94,109,0.9204132556915283
sub_556,005581_jpg.rf.38cf7d7608889fd0c277d2fbeb2cef28.jpg,0,201,46,245,106,0.9201607704162598
sub_557,005581_jpg.rf.38cf7d7608889fd0c277d2fbeb2cef28.jpg,0,339,82,382,136,0.8926560282707214
sub_558,005581_jpg.rf.38cf7d7608889fd0c277d2fbeb2cef28.jpg,0,398,89,424,118,0.780096173286438
sub_559,005582_jpg.rf.7c15bea7bcd504061a1d5c782d31e139.jpg,1,300,69,332,111,0.8649290800094604
sub_560,005582_jpg.rf.7c15bea7bcd504061a1d5c782d31e139.jpg,1,449,82,481,123,0.8424956798553467
sub_561,005582_jpg.rf.7c15bea7bcd504061a1d5c782d31e139.jpg,1,47,86,79,126,0.8320128321647644
sub_562,005582_jpg.rf.7c15bea7bcd504061a1d5c782d31e139.jpg,1,370,89,401,130,0.829609751701355
sub_563,005582_jpg.rf.7c15bea7bcd504061a1d5c782d31e139.jpg,0,152,33,234,131,0.8275259137153625
sub_564,005582_jpg.rf.7c15bea7bcd504061a1d5c782d31e139.jpg,1,241,69,273,114,0.8192670345306396
sub_565,005582_jpg.rf.7c15bea7bcd504061a1d5c782d31e139.jpg,1,114,66,143,110,0.8103700280189514
sub_566,005585_jpg.rf.44210f31034ff2b4a3c8ee15653f93ee.jpg,0,286,139,316,175,0.8761910796165466
sub_567,005585_jpg.rf.44210f31034ff2b4a3c8ee15653f93ee.jpg,0,379,113,421,166,0.8674827218055725
sub_568,005585_jpg.rf.44210f31034ff2b4a3c8ee15653f93ee.jpg,0,333,120,365,155,0.8510946035385132
sub_569,005585_jpg.rf.44210f31034ff2b4a3c8ee15653f93ee.jpg,1,442,106,477,153,0.8398726582527161
sub_570,005585_jpg.rf.44210f31034ff2b4a3c8ee15653f93ee.jpg,0,217,140,243,173,0.8138893842697144
sub_571,005585_jpg.rf.44210f31034ff2b4a3c8ee15653f93ee.jpg,0,83,144,107,174,0.7814730405807495
sub_572,005585_jpg.rf.44210f31034ff2b4a3c8ee15653f93ee.jpg,0,162,141,186,174,0.7517106533050537
sub_573,005585_jpg.rf.44210f31034ff2b4a3c8ee15653f93ee.jpg,0,185,147,204,173,0.7347208857536316
sub_574,005585_jpg.rf.44210f31034ff2b4a3c8ee15653f93ee.jpg,0,140,149,159,176,0.7066829204559326
sub_575,005585_jpg.rf.44210f31034ff2b4a3c8ee15653f93ee.jpg,0,119,146,142,172,0.5892155766487122
sub_576,005586_jpg.rf.ae7b35e9c9beb6acf2ed186592928481.jpg,1,213,103,268,158,0.83731609582901
sub_577,005586_jpg.rf.ae7b35e9c9beb6acf2ed186592928481.jpg,1,159,248,191,281,0.7322935461997986
sub_578,005586_jpg.rf.ae7b35e9c9beb6acf2ed186592928481.jpg,1,275,65,308,98,0.6489050984382629
sub_579,005590_jpg.rf.6d5e7e2aa827b4776b57f3f9667aec01.jpg,1,84,228,139,299,0.8955304026603699
sub_580,005591_jpg.rf.c1d2a737f98d80b3ee582d5b08d8cd7e.jpg,0,308,83,344,128,0.8829183578491211
sub_581,005591_jpg.rf.c1d2a737f98d80b3ee582d5b08d8cd7e.jpg,0,390,96,441,156,0.8651673197746277
sub_582,005591_jpg.rf.c1d2a737f98d80b3ee582d5b08d8cd7e.jpg,0,148,87,183,132,0.8613346815109253
sub_583,005591_jpg.rf.c1d2a737f98d80b3ee582d5b08d8cd7e.jpg,0,0,62,45,161,0.8523686528205872
sub_584,005591_jpg.rf.c1d2a737f98d80b3ee582d5b08d8cd7e.jpg,0,240,105,272,149,0.8334228992462158
sub_585,005591_jpg.rf.c1d2a737f98d80b3ee582d5b08d8cd7e.jpg,0,105,70,149,125,0.8211759328842163
sub_586,005591_jpg.rf.c1d2a737f98d80b3ee582d5b08d8cd7e.jpg,0,276,110,298,137,0.6677854657173157
sub_587,005591_jpg.rf.c1d2a737f98d80b3ee582d5b08d8cd7e.jpg,0,208,117,226,141,0.645601212978363
sub_588,005593_jpg.rf.cedb1b73032cfd2151c588fd7f235755.jpg,0,462,28,500,94,0.9403669238090515
sub_589,005593_jpg.rf.cedb1b73032cfd2151c588fd7f235755.jpg,0,235,32,283,93,0.8933551907539368
sub_590,005593_jpg.rf.cedb1b73032cfd2151c588fd7f235755.jpg,0,129,59,174,114,0.8926277756690979
sub_591,005593_jpg.rf.cedb1b73032cfd2151c588fd7f235755.jpg,0,13,55,56,108,0.862246036529541
sub_592,005593_jpg.rf.cedb1b73032cfd2151c588fd7f235755.jpg,0,363,47,415,112,0.8297768235206604
sub_593,005593_jpg.rf.cedb1b73032cfd2151c588fd7f235755.jpg,0,209,58,246,105,0.8276351094245911
sub_594,005593_jpg.rf.cedb1b73032cfd2151c588fd7f235755.jpg,0,102,54,138,110,0.7834905982017517
sub_595,005593_jpg.rf.cedb1b73032cfd2151c588fd7f235755.jpg,0,380,43,421,105,0.64417964220047
sub_596,005594_jpg.rf.b6f98d504d2e2138109acfeb381f8fa5.jpg,0,335,120,365,155,0.8410485982894897
sub_597,005594_jpg.rf.b6f98d504d2e2138109acfeb381f8fa5.jpg,0,224,110,253,143,0.8376293778419495
sub_598,005594_jpg.rf.b6f98d504d2e2138109acfeb381f8fa5.jpg,0,57,112,92,153,0.8288979530334473
sub_599,005594_jpg.rf.b6f98d504d2e2138109acfeb381f8fa5.jpg,0,447,93,477,131,0.8222324848175049
sub_600,005594_jpg.rf.b6f98d504d2e2138109acfeb381f8fa5.jpg,0,102,116,133,154,0.8144399523735046
sub_601,005595_jpg.rf.b830d59b7b1f8161eb91c6b6fbcb393f.jpg,1,242,48,302,120,0.8552552461624146
sub_602,005596_jpg.rf.95b0406f1a349fea80341d0f04b91915.jpg,1,185,0,284,124,0.8593658804893494
sub_603,005608_jpg.rf.4bb508bb3c91257f8399f548660b85e2.jpg,1,127,26,156,63,0.8157511949539185
sub_604,005608_jpg.rf.4bb508bb3c91257f8399f548660b85e2.jpg,1,386,201,402,219,0.5248808264732361
sub_605,005609_jpg.rf.e33fdf7270439b47b5118c8486638f22.jpg,1,370,18,420,86,0.8961097598075867
sub_606,005609_jpg.rf.e33fdf7270439b47b5118c8486638f22.jpg,1,37,157,105,234,0.8412904739379883
sub_607,005609_jpg.rf.e33fdf7270439b47b5118c8486638f22.jpg,1,120,124,168,168,0.6276129484176636
sub_608,005609_jpg.rf.e33fdf7270439b47b5118c8486638f22.jpg,1,153,62,174,85,0.5939313769340515
sub_609,005611_jpg.rf.1160bfc2e3dc8a231ace35140dc4d176.jpg,1,401,143,422,166,0.7687506675720215
sub_610,005611_jpg.rf.1160bfc2e3dc8a231ace35140dc4d176.jpg,1,217,116,242,143,0.7133790254592896
sub_611,005611_jpg.rf.1160bfc2e3dc8a231ace35140dc4d176.jpg,1,31,190,53,214,0.606401264667511
sub_612,005611_jpg.rf.1160bfc2e3dc8a231ace35140dc4d176.jpg,1,295,104,314,122,0.5903127193450928
sub_613,005611_jpg.rf.1160bfc2e3dc8a231ace35140dc4d176.jpg,1,99,131,117,153,0.5054181814193726
sub_614,005612_jpg.rf.6d75099865eb963eacbd17a851e58631.jpg,1,108,127,149,179,0.8617600798606873
sub_615,005612_jpg.rf.6d75099865eb963eacbd17a851e58631.jpg,1,159,120,189,165,0.854418158531189
sub_616,005612_jpg.rf.6d75099865eb963eacbd17a851e58631.jpg,1,0,8,56,165,0.8529819250106812
sub_617,005612_jpg.rf.6d75099865eb963eacbd17a851e58631.jpg,1,43,133,109,214,0.8461251854896545
sub_618,005612_jpg.rf.6d75099865eb963eacbd17a851e58631.jpg,1,315,121,343,162,0.8209834098815918
sub_619,005612_jpg.rf.6d75099865eb963eacbd17a851e58631.jpg,1,226,119,269,174,0.8113383650779724
sub_620,005612_jpg.rf.6d75099865eb963eacbd17a851e58631.jpg,1,338,175,384,227,0.8008207082748413
sub_621,005612_jpg.rf.6d75099865eb963eacbd17a851e58631.jpg,0,361,113,393,153,0.7695544958114624
sub_622,005612_jpg.rf.6d75099865eb963eacbd17a851e58631.jpg,1,432,134,449,156,0.5649347901344299
sub_623,005612_jpg.rf.6d75099865eb963eacbd17a851e58631.jpg,1,367,223,425,274,0.5129324793815613
sub_624,005612_jpg.rf.6d75099865eb963eacbd17a851e58631.jpg,1,246,105,274,138,0.5111916661262512
sub_625,005612_jpg.rf.6d75099865eb963eacbd17a851e58631.jpg,0,435,84,449,135,0.4180733263492584
sub_626,005618_jpg.rf.4a06edad0251785a2cc56b26f3bba918.jpg,1,29,27,76,87,0.8671634793281555
sub_627,005618_jpg.rf.4a06edad0251785a2cc56b26f3bba918.jpg,1,268,56,307,108,0.8614327311515808
sub_628,005618_jpg.rf.4a06edad0251785a2cc56b26f3bba918.jpg,1,103,40,147,98,0.8527039289474487
sub_629,005618_jpg.rf.4a06edad0251785a2cc56b26f3bba918.jpg,1,180,52,218,100,0.8252477049827576
sub_630,005618_jpg.rf.4a06edad0251785a2cc56b26f3bba918.jpg,1,378,47,426,106,0.8176169991493225
sub_631,005618_jpg.rf.4a06edad0251785a2cc56b26f3bba918.jpg,1,139,67,162,102,0.6741215586662292
sub_632,005618_jpg.rf.4a06edad0251785a2cc56b26f3bba918.jpg,1,214,71,238,103,0.6245769262313843
sub_633,005618_jpg.rf.4a06edad0251785a2cc56b26f3bba918.jpg,1,68,56,92,94,0.6074937582015991
sub_634,005621_jpg.rf.170ad8da94a82c86b5aa92a011bfead5.jpg,1,413,60,478,134,0.9240318536758423
sub_635,005621_jpg.rf.170ad8da94a82c86b5aa92a011bfead5.jpg,1,342,68,417,150,0.888927698135376
sub_636,005621_jpg.rf.170ad8da94a82c86b5aa92a011bfead5.jpg,1,157,83,210,145,0.8703933954238892
sub_637,005621_jpg.rf.170ad8da94a82c86b5aa92a011bfead5.jpg,1,18,97,60,148,0.8481627106666565
sub_638,005621_jpg.rf.170ad8da94a82c86b5aa92a011bfead5.jpg,1,121,97,162,151,0.8197047710418701
sub_639,005621_jpg.rf.170ad8da94a82c86b5aa92a011bfead5.jpg,1,466,100,516,151,0.7930675148963928
sub_640,005621_jpg.rf.170ad8da94a82c86b5aa92a011bfead5.jpg,1,243,103,284,154,0.7838534116744995
sub_641,005621_jpg.rf.170ad8da94a82c86b5aa92a011bfead5.jpg,1,212,104,237,135,0.7781310677528381
sub_642,005621_jpg.rf.170ad8da94a82c86b5aa92a011bfead5.jpg,1,299,102,327,138,0.7503151893615723
sub_643,005621_jpg.rf.170ad8da94a82c86b5aa92a011bfead5.jpg,1,327,106,346,137,0.7115499377250671
sub_644,005621_jpg.rf.170ad8da94a82c86b5aa92a011bfead5.jpg,1,271,87,301,132,0.5885628461837769
sub_645,005621_jpg.rf.170ad8da94a82c86b5aa92a011bfead5.jpg,1,175,89,210,145,0.4472259283065796
sub_646,005623_jpg.rf.205f4528ecb4cce3807b4ef8846a22a7.jpg,1,235,188,257,213,0.7353177070617676
sub_647,005628_jpg.rf.cd63089e345ac79f62b0933edddbaddf.jpg,1,90,9,156,91,0.8541465997695923
sub_648,005628_jpg.rf.cd63089e345ac79f62b0933edddbaddf.jpg,1,353,23,377,46,0.4634837508201599
sub_649,005630_jpg.rf.a0a1b4aade1849e0dae6ee34bba64b2b.jpg,1,68,153,135,250,0.837468683719635
sub_650,005631_jpg.rf.ac1dc43364a6d68dcc86e33de64a79e3.jpg,1,146,61,227,154,0.8771023750305176
sub_651,005634_jpg.rf.c58f598b4b5fa7f76b8f2e236a07c50d.jpg,0,298,112,357,192,0.9035768508911133
sub_652,005634_jpg.rf.c58f598b4b5fa7f76b8f2e236a07c50d.jpg,0,397,139,453,208,0.8940854072570801
sub_653,005634_jpg.rf.c58f598b4b5fa7f76b8f2e236a07c50d.jpg,0,181,107,243,188,0.8757114410400391
sub_654,005634_jpg.rf.c58f598b4b5fa7f76b8f2e236a07c50d.jpg,0,268,125,308,188,0.7890906929969788
sub_655,005634_jpg.rf.c58f598b4b5fa7f76b8f2e236a07c50d.jpg,0,148,121,184,178,0.6727067828178406
sub_656,005637_jpg.rf.bb5d03fbe9b8d76091b419fbe72cccc9.jpg,1,199,17,273,95,0.8638202548027039
sub_657,005638_jpg.rf.204f1ff30a774ff6126d092636d042e1.jpg,1,33,26,64,59,0.8576067686080933
sub_658,005640_jpg.rf.e710011d3e74457af0f4b8882729e637.jpg,1,74,1,185,96,0.8963200449943542
sub_659,005640_jpg.rf.e710011d3e74457af0f4b8882729e637.jpg,1,378,33,462,130,0.8854753375053406
sub_660,005640_jpg.rf.e710011d3e74457af0f4b8882729e637.jpg,1,308,90,378,181,0.8647342324256897
sub_661,005641_jpg.rf.e8f647a4d5ddee7031cbe5cc58145fe8.jpg,0,199,73,230,112,0.8604711890220642
sub_662,005641_jpg.rf.e8f647a4d5ddee7031cbe5cc58145fe8.jpg,0,161,75,192,115,0.852929949760437
sub_663,005641_jpg.rf.e8f647a4d5ddee7031cbe5cc58145fe8.jpg,0,112,74,148,114,0.7969156503677368
sub_664,005643_jpg.rf.febba6ceecc92e1f10d40b257857e7dd.jpg,1,46,151,142,238,0.8555851578712463
sub_665,005643_jpg.rf.febba6ceecc92e1f10d40b257857e7dd.jpg,1,405,192,482,268,0.8509811758995056
sub_666,005643_jpg.rf.febba6ceecc92e1f10d40b257857e7dd.jpg,1,261,278,275,298,0.4099014699459076
sub_667,005648_jpg.rf.e8b448772dbdb9d212aff5ada8103f18.jpg,1,69,29,105,75,0.8814738988876343
sub_668,005648_jpg.rf.e8b448772dbdb9d212aff5ada8103f18.jpg,1,116,71,130,88,0.6525722742080688
sub_669,005653_jpg.rf.163cfae5e506b9949b0072d0e2dbf994.jpg,1,311,177,328,197,0.7728499174118042
sub_670,005653_jpg.rf.163cfae5e506b9949b0072d0e2dbf994.jpg,1,169,174,186,194,0.7522218227386475
sub_671,005653_jpg.rf.163cfae5e506b9949b0072d0e2dbf994.jpg,1,358,168,375,189,0.7338591814041138
sub_672,005653_jpg.rf.163cfae5e506b9949b0072d0e2dbf994.jpg,1,213,149,228,168,0.7293365001678467
sub_673,005653_jpg.rf.163cfae5e506b9949b0072d0e2dbf994.jpg,1,130,182,146,200,0.6723638772964478
sub_674,005653_jpg.rf.163cfae5e506b9949b0072d0e2dbf994.jpg,1,257,187,273,206,0.6012206673622131
sub_675,005658_jpg.rf.9be5689654240ec6e7c3ed3810e2b960.jpg,1,253,128,279,157,0.7843452095985413
sub_676,005658_jpg.rf.9be5689654240ec6e7c3ed3810e2b960.jpg,1,153,35,180,60,0.7706126570701599
sub_677,005658_jpg.rf.9be5689654240ec6e7c3ed3810e2b960.jpg,1,300,142,322,165,0.6901270747184753
sub_678,005658_jpg.rf.9be5689654240ec6e7c3ed3810e2b960.jpg,1,402,188,424,212,0.44274070858955383
sub_679,005660_jpg.rf.631ec1ff80edd07f1d6cb3415f5ffac4.jpg,1,238,130,302,198,0.8300230503082275
sub_680,005660_jpg.rf.631ec1ff80edd07f1d6cb3415f5ffac4.jpg,1,162,154,212,212,0.8280677795410156
sub_681,005662_jpg.rf.5bf98c4cd097dffcb6b692f336c6483b.jpg,1,445,247,554,380,0.8515574336051941
sub_682,005662_jpg.rf.5bf98c4cd097dffcb6b692f336c6483b.jpg,1,287,201,412,359,0.8411620259284973
sub_683,005664_jpg.rf.ee079093f48ec40c5db812d6a6aea73a.jpg,1,291,28,329,69,0.8605513572692871
sub_684,005664_jpg.rf.ee079093f48ec40c5db812d6a6aea73a.jpg,1,200,48,233,85,0.812737762928009
sub_685,005667_jpg.rf.ca155189ddbea3cf763d9682b6cef9e4.jpg,1,141,49,252,195,0.8774906396865845
sub_686,005667_jpg.rf.ca155189ddbea3cf763d9682b6cef9e4.jpg,1,429,96,509,195,0.8499279022216797
sub_687,005672_jpg.rf.d4c30db28bb5da0c996744362c9f1a04.jpg,1,268,159,287,184,0.7964007258415222
sub_688,005672_jpg.rf.d4c30db28bb5da0c996744362c9f1a04.jpg,1,63,164,86,193,0.7923571467399597
sub_689,005672_jpg.rf.d4c30db28bb5da0c996744362c9f1a04.jpg,1,382,156,403,183,0.7855587005615234
sub_690,005672_jpg.rf.d4c30db28bb5da0c996744362c9f1a04.jpg,1,101,161,123,188,0.780775785446167
sub_691,005672_jpg.rf.d4c30db28bb5da0c996744362c9f1a04.jpg,1,412,157,435,183,0.7772881388664246
sub_692,005672_jpg.rf.d4c30db28bb5da0c996744362c9f1a04.jpg,1,208,160,226,182,0.7674716114997864
sub_693,005672_jpg.rf.d4c30db28bb5da0c996744362c9f1a04.jpg,1,237,158,257,183,0.766049325466156
sub_694,005672_jpg.rf.d4c30db28bb5da0c996744362c9f1a04.jpg,1,331,161,351,187,0.7614505290985107
sub_695,005672_jpg.rf.d4c30db28bb5da0c996744362c9f1a04.jpg,1,299,154,320,179,0.7567434906959534
sub_696,005672_jpg.rf.d4c30db28bb5da0c996744362c9f1a04.jpg,1,172,157,191,181,0.7405543923377991
sub_697,005672_jpg.rf.d4c30db28bb5da0c996744362c9f1a04.jpg,1,136,146,157,172,0.7373644709587097
sub_698,005672_jpg.rf.d4c30db28bb5da0c996744362c9f1a04.jpg,1,358,167,378,193,0.6961265802383423
sub_699,005673_jpg.rf.20d53a74f57b0f3901bdbdaaec6ec49d.jpg,1,317,160,344,191,0.8018478155136108
sub_700,005673_jpg.rf.20d53a74f57b0f3901bdbdaaec6ec49d.jpg,1,82,149,111,182,0.7962068915367126
sub_701,005673_jpg.rf.20d53a74f57b0f3901bdbdaaec6ec49d.jpg,1,135,155,158,183,0.7753090262413025
sub_702,005673_jpg.rf.20d53a74f57b0f3901bdbdaaec6ec49d.jpg,1,177,160,201,189,0.7595617175102234
sub_703,005673_jpg.rf.20d53a74f57b0f3901bdbdaaec6ec49d.jpg,1,351,151,375,180,0.7546065449714661
sub_704,005673_jpg.rf.20d53a74f57b0f3901bdbdaaec6ec49d.jpg,0,282,153,304,180,0.7302087545394897
sub_705,005673_jpg.rf.20d53a74f57b0f3901bdbdaaec6ec49d.jpg,1,203,150,224,174,0.7229044437408447
sub_706,005673_jpg.rf.20d53a74f57b0f3901bdbdaaec6ec49d.jpg,1,233,164,255,192,0.7205950617790222
sub_707,005673_jpg.rf.20d53a74f57b0f3901bdbdaaec6ec49d.jpg,1,260,168,284,195,0.7160652875900269
sub_708,005673_jpg.rf.20d53a74f57b0f3901bdbdaaec6ec49d.jpg,1,157,160,179,189,0.6774673461914062
sub_709,005673_jpg.rf.20d53a74f57b0f3901bdbdaaec6ec49d.jpg,0,401,161,422,186,0.6759209036827087
sub_710,005673_jpg.rf.20d53a74f57b0f3901bdbdaaec6ec49d.jpg,1,219,168,240,193,0.4645370543003082
sub_711,005673_jpg.rf.20d53a74f57b0f3901bdbdaaec6ec49d.jpg,1,225,167,252,194,0.4173089265823364
sub_712,005679_jpg.rf.48f529c4f7a96f77b48e0b53e952ed1e.jpg,1,193,57,243,111,0.8541427850723267
sub_713,005679_jpg.rf.48f529c4f7a96f77b48e0b53e952ed1e.jpg,1,126,112,155,142,0.42059388756752014
sub_714,005680_jpg.rf.a6de6b3dcde9b8b8267e4c2de7896450.jpg,0,266,44,345,137,0.8828155398368835
sub_715,005681_jpg.rf.7d736e98afb52dd1c707e69c058a65ce.jpg,1,59,187,114,245,0.8759706616401672
sub_716,005681_jpg.rf.7d736e98afb52dd1c707e69c058a65ce.jpg,1,302,191,339,236,0.8628894090652466
sub_717,005681_jpg.rf.7d736e98afb52dd1c707e69c058a65ce.jpg,1,144,160,179,202,0.8449981808662415
sub_718,005681_jpg.rf.7d736e98afb52dd1c707e69c058a65ce.jpg,1,414,168,445,203,0.8101927638053894
sub_719,005681_jpg.rf.7d736e98afb52dd1c707e69c058a65ce.jpg,1,322,162,353,196,0.7350241541862488
sub_720,005681_jpg.rf.7d736e98afb52dd1c707e69c058a65ce.jpg,1,254,209,285,242,0.5938289761543274
sub_721,005684_jpg.rf.75005c16f826f4c0d3b0d743150a2bc4.jpg,1,266,83,297,114,0.8037416934967041
sub_722,005684_jpg.rf.75005c16f826f4c0d3b0d743150a2bc4.jpg,1,108,110,134,135,0.7181131839752197
sub_723,005685_jpg.rf.99e4ead083272bed00f0c740c46e390e.jpg,0,182,138,207,168,0.8473829030990601
sub_724,005685_jpg.rf.99e4ead083272bed00f0c740c46e390e.jpg,0,277,147,301,181,0.8281653523445129
sub_725,005685_jpg.rf.99e4ead083272bed00f0c740c46e390e.jpg,0,136,140,162,171,0.8216702938079834
sub_726,005685_jpg.rf.99e4ead083272bed00f0c740c46e390e.jpg,0,92,143,118,175,0.8167370557785034
sub_727,005685_jpg.rf.99e4ead083272bed00f0c740c46e390e.jpg,0,317,141,343,171,0.8134635090827942
sub_728,005685_jpg.rf.99e4ead083272bed00f0c740c46e390e.jpg,0,227,152,252,181,0.7911316752433777
sub_729,005688_jpg.rf.abb8eda33f5573ecb24e11c2fadad9a4.jpg,1,277,214,320,267,0.8963509798049927
sub_730,005688_jpg.rf.abb8eda33f5573ecb24e11c2fadad9a4.jpg,1,214,205,258,262,0.8610633015632629
sub_731,005696_jpg.rf.f06dd23f477c5cca3af639e00d2c52ae.jpg,1,363,46,430,128,0.8581073880195618
sub_732,005696_jpg.rf.f06dd23f477c5cca3af639e00d2c52ae.jpg,1,223,47,337,158,0.8515768647193909
sub_733,005697_jpg.rf.2dde27a7e8e8e6b6c4151ce287406865.jpg,0,218,83,250,122,0.8770657181739807
sub_734,005697_jpg.rf.2dde27a7e8e8e6b6c4151ce287406865.jpg,0,292,92,320,126,0.8710734248161316
sub_735,005697_jpg.rf.2dde27a7e8e8e6b6c4151ce287406865.jpg,0,40,89,75,131,0.8515937328338623
sub_736,005697_jpg.rf.2dde27a7e8e8e6b6c4151ce287406865.jpg,0,96,76,123,111,0.8436708450317383
sub_737,005697_jpg.rf.2dde27a7e8e8e6b6c4151ce287406865.jpg,0,421,101,449,134,0.7790217399597168
sub_738,005703_jpg.rf.1cd5a018be27b529a47da570ce3e9a01.jpg,1,259,171,281,196,0.7561414837837219
sub_739,005703_jpg.rf.1cd5a018be27b529a47da570ce3e9a01.jpg,1,319,141,342,167,0.7456213235855103
sub_740,005703_jpg.rf.1cd5a018be27b529a47da570ce3e9a01.jpg,1,101,140,123,165,0.678347110748291
sub_741,005706_jpg.rf.8bde0af977a085346ce3715d1022b6e1.jpg,1,183,168,203,190,0.7254053950309753
sub_742,005706_jpg.rf.8bde0af977a085346ce3715d1022b6e1.jpg,1,144,154,164,176,0.7218489646911621
sub_743,005706_jpg.rf.8bde0af977a085346ce3715d1022b6e1.jpg,1,400,167,414,182,0.40992140769958496
sub_744,005708_jpg.rf.924ad1fe6e675af25311b0ebdd92c2fe.jpg,1,8,93,129,247,0.861160397529602
sub_745,005710_jpg.rf.b961bd1ae559e6c2e2a40660966cb4e3.jpg,0,224,14,263,60,0.8633615970611572
sub_746,005710_jpg.rf.b961bd1ae559e6c2e2a40660966cb4e3.jpg,0,109,7,178,87,0.8472915291786194
sub_747,005710_jpg.rf.b961bd1ae559e6c2e2a40660966cb4e3.jpg,0,312,7,399,99,0.8386712670326233
sub_748,005712_jpg.rf.7dc44904aa25c869a20d51565223e3c3.jpg,1,259,129,284,159,0.7667505145072937
sub_749,005712_jpg.rf.7dc44904aa25c869a20d51565223e3c3.jpg,1,304,160,323,181,0.4045533835887909
sub_750,005713_jpg.rf.6d2e6827000ecf281dd7eb8319135ffe.jpg,1,134,84,172,133,0.8775596022605896
sub_751,005713_jpg.rf.6d2e6827000ecf281dd7eb8319135ffe.jpg,1,239,98,266,132,0.7999206781387329
sub_752,005713_jpg.rf.6d2e6827000ecf281dd7eb8319135ffe.jpg,1,438,192,468,225,0.79608553647995
sub_753,005713_jpg.rf.6d2e6827000ecf281dd7eb8319135ffe.jpg,1,181,97,211,136,0.7883772253990173
sub_754,005714_jpg.rf.1f22f292221124615b9cf0374f022b11.jpg,0,151,83,270,198,0.6791144609451294
sub_755,005716_jpg.rf.de6ef50536f3f07f036af502737abbea.jpg,1,185,123,242,180,0.8551364541053772
sub_756,005716_jpg.rf.de6ef50536f3f07f036af502737abbea.jpg,1,5,54,111,163,0.8252995014190674
sub_757,005716_jpg.rf.de6ef50536f3f07f036af502737abbea.jpg,1,88,141,118,177,0.7606039047241211
sub_758,005716_jpg.rf.de6ef50536f3f07f036af502737abbea.jpg,1,137,155,180,200,0.7114933729171753
sub_759,005719_jpg.rf.7ffb259f4857d193fe300112ccbeeb1c.jpg,1,181,72,218,116,0.8572426438331604
sub_760,005720_jpg.rf.e393f6ce77d7e10e90c41fa3b5f100f8.jpg,1,189,19,278,114,0.8717045187950134
sub_761,005721_jpg.rf.3338d1bbc1c924e9551adf937fb6081f.jpg,1,94,285,149,340,0.8368103504180908
sub_762,005721_jpg.rf.3338d1bbc1c924e9551adf937fb6081f.jpg,1,167,148,212,202,0.6269188523292542
sub_763,005722_jpg.rf.5ab6362650f8ff8dadc4ed6f9d79a7cc.jpg,1,91,152,255,338,0.8758686184883118
sub_764,005722_jpg.rf.5ab6362650f8ff8dadc4ed6f9d79a7cc.jpg,1,196,69,280,170,0.8591649532318115
sub_765,005724_jpg.rf.7bbbfb8cbd9e088e4c70206d46d91a40.jpg,1,345,60,488,229,0.8800460696220398
sub_766,005726_jpg.rf.20e8a862988cfadc5731c72b821055ba.jpg,1,289,109,325,152,0.8723752498626709
sub_767,005726_jpg.rf.20e8a862988cfadc5731c72b821055ba.jpg,1,54,126,91,169,0.85076504945755
sub_768,005731_jpg.rf.8cc89a166a023d259286811511153dac.jpg,1,242,83,266,109,0.6791391968727112
sub_769,005731_jpg.rf.8cc89a166a023d259286811511153dac.jpg,1,78,154,101,178,0.6327217221260071
sub_770,005736_jpg.rf.9610a60cbe99d3f3fc7abf92f502797d.jpg,1,138,284,172,323,0.7833967804908752
sub_771,005739_jpg.rf.ea9483d1d6f740fd0dc2a1f539ebd276.jpg,1,426,46,483,111,0.884571373462677
sub_772,005739_jpg.rf.ea9483d1d6f740fd0dc2a1f539ebd276.jpg,1,45,57,89,112,0.8650789856910706
sub_773,005739_jpg.rf.ea9483d1d6f740fd0dc2a1f539ebd276.jpg,0,232,48,272,96,0.8517805933952332
sub_774,005739_jpg.rf.ea9483d1d6f740fd0dc2a1f539ebd276.jpg,1,366,41,416,99,0.8495768308639526
sub_775,005739_jpg.rf.ea9483d1d6f740fd0dc2a1f539ebd276.jpg,1,296,54,333,99,0.8059486150741577
sub_776,005739_jpg.rf.ea9483d1d6f740fd0dc2a1f539ebd276.jpg,0,128,68,159,111,0.7878762483596802
sub_777,005739_jpg.rf.ea9483d1d6f740fd0dc2a1f539ebd276.jpg,1,107,72,130,109,0.7844432592391968
sub_778,005739_jpg.rf.ea9483d1d6f740fd0dc2a1f539ebd276.jpg,1,219,75,245,106,0.6955162286758423
sub_779,005739_jpg.rf.ea9483d1d6f740fd0dc2a1f539ebd276.jpg,1,75,93,96,121,0.636531412601471
sub_780,005740_jpg.rf.d3f41c0f813361e3e6f5a58f4cdf6de5.jpg,1,179,86,206,118,0.8078086972236633
sub_781,005740_jpg.rf.d3f41c0f813361e3e6f5a58f4cdf6de5.jpg,1,316,93,344,125,0.7868839502334595
sub_782,005740_jpg.rf.d3f41c0f813361e3e6f5a58f4cdf6de5.jpg,1,241,100,262,126,0.7563519477844238
sub_783,005740_jpg.rf.d3f41c0f813361e3e6f5a58f4cdf6de5.jpg,1,277,87,297,111,0.6938332915306091
sub_784,005743_jpg.rf.bc41ae39428b226ce3b87253e877e617.jpg,1,328,95,357,131,0.8417162299156189
sub_785,005743_jpg.rf.bc41ae39428b226ce3b87253e877e617.jpg,1,95,86,128,125,0.8352764844894409
sub_786,005743_jpg.rf.bc41ae39428b226ce3b87253e877e617.jpg,1,258,95,282,127,0.8247264623641968
sub_787,005743_jpg.rf.bc41ae39428b226ce3b87253e877e617.jpg,1,224,108,248,137,0.7599211931228638
sub_788,005748_jpg.rf.cdd189a5571dda9690772224f198800e.jpg,1,220,85,304,172,0.8697797060012817
sub_789,005748_jpg.rf.cdd189a5571dda9690772224f198800e.jpg,1,64,94,137,176,0.8489639759063721
sub_790,005751_jpg.rf.f737d7472cc6d7c4dde958daf768c2a5.jpg,1,143,52,163,79,0.7617282867431641
sub_791,005752_jpg.rf.bd62713dd9e52150480668aeb97541fb.jpg,1,245,31,281,73,0.881472110748291
sub_792,005752_jpg.rf.bd62713dd9e52150480668aeb97541fb.jpg,1,169,35,194,67,0.880443811416626
sub_793,005754_jpg.rf.0fb7396a992bd2aae9ef8dbc74dacf9d.jpg,1,174,74,237,141,0.8820216655731201
sub_794,005754_jpg.rf.0fb7396a992bd2aae9ef8dbc74dacf9d.jpg,1,220,119,262,176,0.8359912633895874
sub_795,005754_jpg.rf.0fb7396a992bd2aae9ef8dbc74dacf9d.jpg,0,335,114,382,171,0.7677747011184692
sub_796,005757_jpg.rf.c66cec9db7a1ebfb032e243de9ec3528.jpg,1,313,150,343,187,0.8389938473701477
sub_797,005757_jpg.rf.c66cec9db7a1ebfb032e243de9ec3528.jpg,1,232,135,275,197,0.8170162439346313
sub_798,005757_jpg.rf.c66cec9db7a1ebfb032e243de9ec3528.jpg,1,262,123,318,197,0.8125380873680115
sub_799,005759_jpg.rf.8b13496c89dcbeb9332a3469b171a251.jpg,1,341,0,458,99,0.8750976920127869
sub_800,005760_jpg.rf.34b7462cd2946f57e28328f91271bce8.jpg,1,246,22,334,109,0.8841020464897156
sub_801,005763_jpg.rf.a32998dbfd92b102d6d9621115e21351.jpg,0,177,103,212,150,0.9181448221206665
sub_802,005763_jpg.rf.a32998dbfd92b102d6d9621115e21351.jpg,0,71,112,111,166,0.9067935347557068
sub_803,005763_jpg.rf.a32998dbfd92b102d6d9621115e21351.jpg,0,203,121,250,178,0.890566349029541
sub_804,005763_jpg.rf.a32998dbfd92b102d6d9621115e21351.jpg,0,337,116,366,153,0.8321434259414673
sub_805,005763_jpg.rf.a32998dbfd92b102d6d9621115e21351.jpg,0,390,97,428,142,0.8281404376029968
sub_806,005763_jpg.rf.a32998dbfd92b102d6d9621115e21351.jpg,0,290,147,311,172,0.7803677916526794
sub_807,005763_jpg.rf.a32998dbfd92b102d6d9621115e21351.jpg,0,147,140,166,165,0.7093562483787537
sub_808,005763_jpg.rf.a32998dbfd92b102d6d9621115e21351.jpg,0,120,135,140,160,0.7050971388816833
sub_809,005765_jpg.rf.56592da270d3ce978010ec9464d0619e.jpg,1,193,93,216,118,0.6769461631774902
sub_810,005765_jpg.rf.56592da270d3ce978010ec9464d0619e.jpg,1,74,128,101,156,0.6268684267997742
sub_811,005766_jpg.rf.f6834c4cbbcdf44c98bc164bbfde00c5.jpg,1,241,171,256,189,0.6158561706542969
sub_812,005766_jpg.rf.f6834c4cbbcdf44c98bc164bbfde00c5.jpg,1,220,174,232,191,0.5837361812591553
sub_813,005768_jpg.rf.3e4765c920373bc4965eb45f19025264.jpg,1,200,21,240,71,0.8707810044288635
sub_814,005768_jpg.rf.3e4765c920373bc4965eb45f19025264.jpg,1,71,0,121,59,0.8607535362243652
sub_815,005769_jpg.rf.24da4a1dd8ee6ba6d2d534e5057237fb.jpg,1,330,75,355,105,0.7863179445266724
sub_816,005769_jpg.rf.24da4a1dd8ee6ba6d2d534e5057237fb.jpg,1,90,143,127,179,0.7817251086235046
sub_817,005776_jpg.rf.d3084f3c7695cd65a08c978cdaa13c34.jpg,1,65,149,89,175,0.7786166071891785
sub_818,005776_jpg.rf.d3084f3c7695cd65a08c978cdaa13c34.jpg,1,439,217,456,236,0.6836272478103638
sub_819,005776_jpg.rf.d3084f3c7695cd65a08c978cdaa13c34.jpg,1,133,149,153,174,0.6746178269386292
sub_820,005776_jpg.rf.d3084f3c7695cd65a08c978cdaa13c34.jpg,1,326,162,342,180,0.5684387683868408
sub_821,005779_jpg.rf.3d5a8f327d1ea4f840949165d463cfb9.jpg,0,404,27,470,104,0.9104722738265991
sub_822,005779_jpg.rf.3d5a8f327d1ea4f840949165d463cfb9.jpg,0,0,47,24,97,0.8895542025566101
sub_823,005779_jpg.rf.3d5a8f327d1ea4f840949165d463cfb9.jpg,0,173,76,211,127,0.8792080283164978
sub_824,005779_jpg.rf.3d5a8f327d1ea4f840949165d463cfb9.jpg,0,25,40,74,98,0.844193160533905
sub_825,005779_jpg.rf.3d5a8f327d1ea4f840949165d463cfb9.jpg,0,105,71,142,114,0.8311877846717834
sub_826,005779_jpg.rf.3d5a8f327d1ea4f840949165d463cfb9.jpg,0,273,64,318,120,0.8234092593193054
sub_827,005779_jpg.rf.3d5a8f327d1ea4f840949165d463cfb9.jpg,0,253,79,280,117,0.7854442596435547
sub_828,005779_jpg.rf.3d5a8f327d1ea4f840949165d463cfb9.jpg,0,236,101,261,133,0.702224612236023
sub_829,005779_jpg.rf.3d5a8f327d1ea4f840949165d463cfb9.jpg,0,400,81,428,120,0.5962490439414978
sub_830,005779_jpg.rf.3d5a8f327d1ea4f840949165d463cfb9.jpg,0,246,85,276,122,0.515184223651886
sub_831,005781_jpg.rf.d6191ae5c926001784ebe56b87201e0e.jpg,1,232,33,301,115,0.8711048364639282
sub_832,005781_jpg.rf.d6191ae5c926001784ebe56b87201e0e.jpg,1,165,48,211,105,0.8671548366546631
sub_833,005782_jpg.rf.8f1d94fff90efdf57eb74c84b7878be3.jpg,1,341,159,384,211,0.7902432084083557
sub_834,005782_jpg.rf.8f1d94fff90efdf57eb74c84b7878be3.jpg,1,201,522,239,564,0.7744501829147339
sub_835,005786_jpg.rf.63fabe3ba60b302a049592ae02e3be28.jpg,0,85,99,116,138,0.891692042350769
sub_836,005786_jpg.rf.63fabe3ba60b302a049592ae02e3be28.jpg,0,185,93,216,132,0.8906746506690979
sub_837,005786_jpg.rf.63fabe3ba60b302a049592ae02e3be28.jpg,0,340,98,369,137,0.879763662815094
sub_838,005786_jpg.rf.63fabe3ba60b302a049592ae02e3be28.jpg,0,24,89,56,132,0.8775649070739746
sub_839,005786_jpg.rf.63fabe3ba60b302a049592ae02e3be28.jpg,0,297,77,329,120,0.8636373281478882
sub_840,005786_jpg.rf.63fabe3ba60b302a049592ae02e3be28.jpg,0,409,100,439,142,0.8349828124046326
sub_841,005786_jpg.rf.63fabe3ba60b302a049592ae02e3be28.jpg,0,247,92,278,133,0.8264472484588623
sub_842,005786_jpg.rf.63fabe3ba60b302a049592ae02e3be28.jpg,0,141,100,173,144,0.7688391804695129
sub_843,005787_jpg.rf.77aac343d68a318d122cf1f1dc716267.jpg,1,329,91,388,168,0.8686168193817139
sub_844,005787_jpg.rf.77aac343d68a318d122cf1f1dc716267.jpg,1,247,75,309,151,0.8651144504547119
sub_845,005790_jpg.rf.809528b52e84ae16e01948ea41025d6d.jpg,1,100,234,145,289,0.8214432597160339
sub_846,005790_jpg.rf.809528b52e84ae16e01948ea41025d6d.jpg,1,181,247,218,291,0.731228232383728
sub_847,005790_jpg.rf.809528b52e84ae16e01948ea41025d6d.jpg,1,447,82,495,146,0.6335289478302002
sub_848,005790_jpg.rf.809528b52e84ae16e01948ea41025d6d.jpg,1,372,22,441,112,0.6281350255012512
sub_849,005790_jpg.rf.809528b52e84ae16e01948ea41025d6d.jpg,0,140,238,173,280,0.4649178087711334
sub_850,005791_jpg.rf.8d965cff83ba21ec1c83d94e1997b885.jpg,1,23,65,95,146,0.8660739660263062
sub_851,005791_jpg.rf.8d965cff83ba21ec1c83d94e1997b885.jpg,1,227,36,283,105,0.8305252194404602
sub_852,005791_jpg.rf.8d965cff83ba21ec1c83d94e1997b885.jpg,1,137,165,189,209,0.7481632232666016
sub_853,005795_jpg.rf.5ac4b797d6d6168b4f2e5c62f2920522.jpg,0,295,151,318,179,0.8154588937759399
sub_854,005795_jpg.rf.5ac4b797d6d6168b4f2e5c62f2920522.jpg,0,155,140,184,176,0.8135982751846313
sub_855,005795_jpg.rf.5ac4b797d6d6168b4f2e5c62f2920522.jpg,0,236,129,262,161,0.8124439120292664
sub_856,005795_jpg.rf.5ac4b797d6d6168b4f2e5c62f2920522.jpg,1,55,149,86,186,0.7993994951248169
sub_857,005795_jpg.rf.5ac4b797d6d6168b4f2e5c62f2920522.jpg,0,104,145,128,173,0.7340015172958374
sub_858,005797_jpg.rf.094999c73053cae96ebe1fc72d76fd28.jpg,1,204,80,254,135,0.8470010757446289
sub_859,005797_jpg.rf.094999c73053cae96ebe1fc72d76fd28.jpg,1,16,241,61,288,0.8210577964782715
sub_860,005800_jpg.rf.2a3e65900694e061c1c0985170d7bb35.jpg,1,197,92,283,185,0.8738983273506165
sub_861,005800_jpg.rf.2a3e65900694e061c1c0985170d7bb35.jpg,1,330,152,394,231,0.8288856744766235
sub_862,005801_jpg.rf.e3511461b670d47fdaa76d9328ad8f79.jpg,1,65,12,180,145,0.921902060508728
sub_863,005801_jpg.rf.e3511461b670d47fdaa76d9328ad8f79.jpg,1,160,109,221,181,0.88188636302948
sub_864,005802_jpg.rf.c132ea6bccb923fd4e19ae19f19eb0e9.jpg,1,305,19,414,141,0.8986676931381226
sub_865,005802_jpg.rf.c132ea6bccb923fd4e19ae19f19eb0e9.jpg,1,226,92,291,178,0.8479585647583008
sub_866,005806_jpg.rf.5e4da9eecab926eb8362fb04fc44b862.jpg,1,190,32,239,99,0.8916075825691223
sub_867,005806_jpg.rf.5e4da9eecab926eb8362fb04fc44b862.jpg,1,324,39,391,121,0.8654137849807739
sub_868,005806_jpg.rf.5e4da9eecab926eb8362fb04fc44b862.jpg,1,469,34,499,109,0.8059756755828857
sub_869,005807_jpg.rf.28210ea45cb47fd7e1ccf177d84a4d69.jpg,1,246,196,279,230,0.8269290328025818
sub_870,005808_jpg.rf.a362aa82fd76c4375b4caed2a1b2e3d8.jpg,1,198,1,313,124,0.8796149492263794
sub_871,005809_jpg.rf.fe51df4872841acd7c7dc53660e6fc00.jpg,1,186,147,226,192,0.8535296320915222
sub_872,005809_jpg.rf.fe51df4872841acd7c7dc53660e6fc00.jpg,1,155,65,211,121,0.8222624659538269
sub_873,005809_jpg.rf.fe51df4872841acd7c7dc53660e6fc00.jpg,1,254,50,320,113,0.8133063316345215
sub_874,005810_jpg.rf.d95da55ceca4b57b13dafd02ab65b61b.jpg,1,280,122,305,152,0.807284414768219
sub_875,005810_jpg.rf.d95da55ceca4b57b13dafd02ab65b61b.jpg,1,159,93,188,130,0.8053640127182007
sub_876,005810_jpg.rf.d95da55ceca4b57b13dafd02ab65b61b.jpg,1,193,116,232,153,0.7639213800430298
sub_877,005810_jpg.rf.d95da55ceca4b57b13dafd02ab65b61b.jpg,1,22,127,45,154,0.7623304724693298
sub_878,005810_jpg.rf.d95da55ceca4b57b13dafd02ab65b61b.jpg,1,92,111,116,140,0.7290514707565308
sub_879,005810_jpg.rf.d95da55ceca4b57b13dafd02ab65b61b.jpg,1,253,136,270,157,0.6592451333999634
sub_880,005811_jpg.rf.0a8accf9ff2e859ab9fa67b29bdc61f8.jpg,0,279,63,319,109,0.8476634621620178
sub_881,005811_jpg.rf.0a8accf9ff2e859ab9fa67b29bdc61f8.jpg,0,240,85,278,130,0.836055338382721
sub_882,005811_jpg.rf.0a8accf9ff2e859ab9fa67b29bdc61f8.jpg,0,174,84,207,123,0.835495114326477
sub_883,005811_jpg.rf.0a8accf9ff2e859ab9fa67b29bdc61f8.jpg,0,21,88,63,139,0.7968350648880005
sub_884,005811_jpg.rf.0a8accf9ff2e859ab9fa67b29bdc61f8.jpg,0,120,96,154,133,0.7859996557235718
sub_885,005811_jpg.rf.0a8accf9ff2e859ab9fa67b29bdc61f8.jpg,0,147,81,169,109,0.7025246620178223
sub_886,005811_jpg.rf.0a8accf9ff2e859ab9fa67b29bdc61f8.jpg,0,73,83,90,101,0.6458652019500732
sub_887,005812_jpg.rf.9e158f8976451feffd96a1c90ddf2a07.jpg,1,215,177,255,221,0.8315240144729614
sub_888,005812_jpg.rf.9e158f8976451feffd96a1c90ddf2a07.jpg,1,265,102,323,152,0.8287976980209351
sub_889,005812_jpg.rf.9e158f8976451feffd96a1c90ddf2a07.jpg,1,164,13,204,53,0.8260214328765869
sub_890,005812_jpg.rf.9e158f8976451feffd96a1c90ddf2a07.jpg,1,95,5,136,49,0.8172089457511902
sub_891,005812_jpg.rf.9e158f8976451feffd96a1c90ddf2a07.jpg,1,46,38,88,87,0.8006981015205383
sub_892,005812_jpg.rf.9e158f8976451feffd96a1c90ddf2a07.jpg,1,151,192,190,234,0.7994827032089233
sub_893,005812_jpg.rf.9e158f8976451feffd96a1c90ddf2a07.jpg,1,119,145,161,187,0.775040864944458
sub_894,005812_jpg.rf.9e158f8976451feffd96a1c90ddf2a07.jpg,1,0,93,43,140,0.774992048740387
sub_895,005812_jpg.rf.9e158f8976451feffd96a1c90ddf2a07.jpg,1,187,93,219,134,0.7179845571517944
sub_896,005812_jpg.rf.9e158f8976451feffd96a1c90ddf2a07.jpg,1,47,269,108,334,0.7049047946929932
sub_897,005812_jpg.rf.9e158f8976451feffd96a1c90ddf2a07.jpg,1,235,227,276,271,0.6862339377403259
sub_898,005812_jpg.rf.9e158f8976451feffd96a1c90ddf2a07.jpg,0,231,21,278,68,0.5473803281784058
sub_899,005812_jpg.rf.9e158f8976451feffd96a1c90ddf2a07.jpg,1,423,14,479,68,0.5167555212974548
sub_900,005814_jpg.rf.0b17386ec77c4c71c091511b4074bcd5.jpg,1,0,22,175,200,0.8668197393417358
sub_901,005814_jpg.rf.0b17386ec77c4c71c091511b4074bcd5.jpg,1,374,62,417,112,0.8638694882392883
sub_902,005815_jpg.rf.79f839343d390fad321654c4af25ccff.jpg,0,90,97,118,131,0.833446741104126
sub_903,005815_jpg.rf.79f839343d390fad321654c4af25ccff.jpg,0,161,98,191,135,0.8259224891662598
sub_904,005815_jpg.rf.79f839343d390fad321654c4af25ccff.jpg,0,366,116,387,141,0.7602447867393494
sub_905,005815_jpg.rf.79f839343d390fad321654c4af25ccff.jpg,0,281,121,298,142,0.7122939229011536
sub_906,005815_jpg.rf.79f839343d390fad321654c4af25ccff.jpg,0,237,116,252,136,0.7111579179763794
sub_907,005815_jpg.rf.79f839343d390fad321654c4af25ccff.jpg,0,421,122,438,144,0.6854570508003235
sub_908,005815_jpg.rf.79f839343d390fad321654c4af25ccff.jpg,0,310,127,330,149,0.6539163589477539
sub_909,005817_jpg.rf.0f2a0123eabd8e9f56da7d2c28cd530b.jpg,1,43,78,63,99,0.763369083404541
sub_910,005821_jpg.rf.8a3015612f55d4c13d81222f79004e68.jpg,1,151,41,192,94,0.8222355246543884
sub_911,005822_jpg.rf.f3517768854d02c87de6371394250621.jpg,1,118,107,170,168,0.8658086657524109
sub_912,005822_jpg.rf.f3517768854d02c87de6371394250621.jpg,1,158,49,237,142,0.8500880002975464
sub_913,005823_jpg.rf.7d4c48eb66b10218f06e0f45fd77c27e.jpg,1,51,2,284,215,0.910124659538269
sub_914,005825_jpg.rf.6ad92778be41311d11d6d0c9c718c1b6.jpg,1,281,84,310,116,0.7475090622901917
sub_915,005825_jpg.rf.6ad92778be41311d11d6d0c9c718c1b6.jpg,0,196,77,215,103,0.686750590801239
sub_916,005825_jpg.rf.6ad92778be41311d11d6d0c9c718c1b6.jpg,0,87,116,109,141,0.6796625256538391
sub_917,005825_jpg.rf.6ad92778be41311d11d6d0c9c718c1b6.jpg,0,139,72,170,106,0.6662264466285706
sub_918,005825_jpg.rf.6ad92778be41311d11d6d0c9c718c1b6.jpg,0,15,150,66,206,0.6632808446884155
sub_919,005825_jpg.rf.6ad92778be41311d11d6d0c9c718c1b6.jpg,0,10,123,32,150,0.6553717851638794
sub_920,005825_jpg.rf.6ad92778be41311d11d6d0c9c718c1b6.jpg,0,0,115,11,153,0.5045191049575806
sub_921,005827_jpg.rf.a2e5726c0fa00e89d7c2941763e7ddcf.jpg,0,382,55,460,144,0.8887766003608704
sub_922,005827_jpg.rf.a2e5726c0fa00e89d7c2941763e7ddcf.jpg,0,112,20,193,111,0.8822035193443298
sub_923,005827_jpg.rf.a2e5726c0fa00e89d7c2941763e7ddcf.jpg,0,212,44,281,127,0.877954363822937
sub_924,005827_jpg.rf.a2e5726c0fa00e89d7c2941763e7ddcf.jpg,0,7,28,91,125,0.8774901032447815
sub_925,005827_jpg.rf.a2e5726c0fa00e89d7c2941763e7ddcf.jpg,0,437,54,485,132,0.6132358908653259
sub_926,005828_jpg.rf.c8bea4d1df9e5129f4aae25c154beac9.jpg,1,255,79,309,144,0.8752931356430054
sub_927,005828_jpg.rf.c8bea4d1df9e5129f4aae25c154beac9.jpg,1,312,91,354,151,0.8594362139701843
sub_928,005829_jpg.rf.03b4cf468f42989f9f5bd19aaabec8ef.jpg,1,254,44,346,147,0.8926982879638672
sub_929,005829_jpg.rf.03b4cf468f42989f9f5bd19aaabec8ef.jpg,1,145,63,190,122,0.8559643626213074
sub_930,005829_jpg.rf.03b4cf468f42989f9f5bd19aaabec8ef.jpg,1,117,92,148,128,0.7811430096626282
sub_931,005831_jpg.rf.a4c5a30998624b262df07ba525f5706f.jpg,1,277,110,291,126,0.773969829082489
sub_932,005831_jpg.rf.a4c5a30998624b262df07ba525f5706f.jpg,1,211,114,224,130,0.6348020434379578
sub_933,005831_jpg.rf.a4c5a30998624b262df07ba525f5706f.jpg,1,115,117,131,136,0.5852521061897278
sub_934,005831_jpg.rf.a4c5a30998624b262df07ba525f5706f.jpg,1,155,121,172,140,0.5679398775100708
sub_935,005831_jpg.rf.a4c5a30998624b262df07ba525f5706f.jpg,0,198,83,212,99,0.5470127463340759
sub_936,005831_jpg.rf.a4c5a30998624b262df07ba525f5706f.jpg,1,267,120,283,139,0.5431188941001892
sub_937,005834_jpg.rf.519f465db9b4258b7d5e08a64e967b16.jpg,0,281,54,375,158,0.8955788612365723
sub_938,005834_jpg.rf.519f465db9b4258b7d5e08a64e967b16.jpg,0,234,123,284,189,0.8737086653709412
sub_939,005834_jpg.rf.519f465db9b4258b7d5e08a64e967b16.jpg,0,174,95,208,139,0.8382876515388489
sub_940,005834_jpg.rf.519f465db9b4258b7d5e08a64e967b16.jpg,0,107,116,131,144,0.8196223974227905
sub_941,005834_jpg.rf.519f465db9b4258b7d5e08a64e967b16.jpg,0,143,121,169,152,0.7967934012413025
sub_942,005834_jpg.rf.519f465db9b4258b7d5e08a64e967b16.jpg,0,361,118,392,162,0.6636693477630615
sub_943,005838_jpg.rf.5490a45cfdfca1f900bd7f33f0988194.jpg,1,53,63,104,116,0.8602572679519653
sub_944,005838_jpg.rf.5490a45cfdfca1f900bd7f33f0988194.jpg,1,378,105,425,154,0.8237173557281494
sub_945,005838_jpg.rf.5490a45cfdfca1f900bd7f33f0988194.jpg,1,118,99,147,129,0.6948816776275635
sub_946,005841_jpg.rf.4e5f4104441995a40d46b080307e55a4.jpg,1,369,73,402,117,0.8552385568618774
sub_947,005841_jpg.rf.4e5f4104441995a40d46b080307e55a4.jpg,1,420,18,469,73,0.8505735993385315
sub_948,005841_jpg.rf.4e5f4104441995a40d46b080307e55a4.jpg,1,67,66,105,113,0.8421036005020142
sub_949,005841_jpg.rf.4e5f4104441995a40d46b080307e55a4.jpg,1,124,66,154,104,0.8308010101318359
sub_950,005841_jpg.rf.4e5f4104441995a40d46b080307e55a4.jpg,1,328,83,355,117,0.825483500957489
sub_951,005841_jpg.rf.4e5f4104441995a40d46b080307e55a4.jpg,1,165,102,210,147,0.811980664730072
sub_952,005841_jpg.rf.4e5f4104441995a40d46b080307e55a4.jpg,1,220,59,248,95,0.7977001070976257
sub_953,005841_jpg.rf.4e5f4104441995a40d46b080307e55a4.jpg,1,398,72,422,108,0.7763633131980896
sub_954,005841_jpg.rf.4e5f4104441995a40d46b080307e55a4.jpg,1,0,99,22,129,0.5381588935852051
sub_955,005841_jpg.rf.4e5f4104441995a40d46b080307e55a4.jpg,1,376,72,413,114,0.4391111731529236
sub_956,005842_jpg.rf.45cf688e9f1cca34fc599ad740166ec3.jpg,1,175,4,241,75,0.8663337230682373
sub_957,005844_jpg.rf.21ed45a8b66dfe2724fa121260f87b75.jpg,0,258,57,291,100,0.892460823059082
sub_958,005844_jpg.rf.21ed45a8b66dfe2724fa121260f87b75.jpg,0,297,60,325,98,0.8810285925865173
sub_959,005844_jpg.rf.21ed45a8b66dfe2724fa121260f87b75.jpg,0,117,43,153,89,0.8761672973632812
sub_960,005844_jpg.rf.21ed45a8b66dfe2724fa121260f87b75.jpg,0,192,61,227,105,0.8213571310043335
sub_961,005844_jpg.rf.21ed45a8b66dfe2724fa121260f87b75.jpg,0,166,57,192,95,0.8066136837005615
sub_962,005844_jpg.rf.21ed45a8b66dfe2724fa121260f87b75.jpg,0,22,55,63,107,0.7784274816513062
sub_963,005844_jpg.rf.21ed45a8b66dfe2724fa121260f87b75.jpg,0,395,55,426,94,0.7633320093154907
sub_964,005844_jpg.rf.21ed45a8b66dfe2724fa121260f87b75.jpg,0,323,67,345,99,0.6447680592536926
sub_965,005844_jpg.rf.21ed45a8b66dfe2724fa121260f87b75.jpg,0,343,75,363,101,0.6188355684280396
sub_966,005844_jpg.rf.21ed45a8b66dfe2724fa121260f87b75.jpg,0,387,54,416,93,0.6184059977531433
sub_967,005846_jpg.rf.967040ecadef9732a6a533e87e87fd7a.jpg,1,133,208,166,242,0.7538009881973267
sub_968,005846_jpg.rf.967040ecadef9732a6a533e87e87fd7a.jpg,1,275,203,304,232,0.6330869197845459
sub_969,005847_jpg.rf.734fd658b41cc2decb3e76f91f29055a.jpg,0,196,179,222,212,0.8614575266838074
sub_970,005847_jpg.rf.734fd658b41cc2decb3e76f91f29055a.jpg,0,170,187,195,215,0.757339358329773
sub_971,005847_jpg.rf.734fd658b41cc2decb3e76f91f29055a.jpg,0,266,183,288,208,0.7520952820777893
sub_972,005847_jpg.rf.734fd658b41cc2decb3e76f91f29055a.jpg,0,306,168,327,197,0.7449237108230591
sub_973,005847_jpg.rf.734fd658b41cc2decb3e76f91f29055a.jpg,0,220,189,240,215,0.7083956003189087
sub_974,005847_jpg.rf.734fd658b41cc2decb3e76f91f29055a.jpg,0,322,172,340,198,0.6918960213661194
sub_975,005848_jpg.rf.ad9b514ce11ddc0d1324147c6b2e65c5.jpg,1,169,418,189,441,0.7158145308494568
sub_976,005848_jpg.rf.ad9b514ce11ddc0d1324147c6b2e65c5.jpg,0,306,414,330,443,0.6486804485321045
sub_977,005848_jpg.rf.ad9b514ce11ddc0d1324147c6b2e65c5.jpg,1,212,421,235,450,0.569587767124176
sub_978,005848_jpg.rf.ad9b514ce11ddc0d1324147c6b2e65c5.jpg,1,230,416,258,447,0.48126596212387085
sub_979,005856_jpg.rf.dd3f7299761bc5024dfc7fb4b72c4e58.jpg,1,210,7,343,165,0.9273796677589417
sub_980,005856_jpg.rf.dd3f7299761bc5024dfc7fb4b72c4e58.jpg,1,69,1,196,145,0.8793890476226807
sub_981,005858_jpg.rf.0505244848083455f71bc90f3cb37234.jpg,1,304,52,325,77,0.6877782940864563
sub_982,005858_jpg.rf.0505244848083455f71bc90f3cb37234.jpg,1,140,20,162,44,0.6849034428596497
sub_983,005859_jpg.rf.21649519c8e29886161b7c1aa382f2a9.jpg,1,170,146,310,338,0.8763376474380493
sub_984,005866_jpg.rf.cba3e34ada963f114a8e5f80e694de53.jpg,1,163,26,188,58,0.857931911945343
sub_985,005866_jpg.rf.cba3e34ada963f114a8e5f80e694de53.jpg,1,81,21,111,55,0.8448183536529541
sub_986,005866_jpg.rf.cba3e34ada963f114a8e5f80e694de53.jpg,1,121,82,148,114,0.8360583186149597
sub_987,005866_jpg.rf.cba3e34ada963f114a8e5f80e694de53.jpg,1,110,58,129,81,0.7175332307815552
sub_988,005869_jpg.rf.f357b5e961033807962c85c696f11963.jpg,1,131,40,162,74,0.7986286878585815
sub_989,005869_jpg.rf.f357b5e961033807962c85c696f11963.jpg,1,318,78,341,106,0.7907492518424988
sub_990,005869_jpg.rf.f357b5e961033807962c85c696f11963.jpg,1,245,93,268,118,0.7367558479309082
sub_991,005870_jpg.rf.6638e005f5e5791b54babcf25af7f2ba.jpg,1,305,79,353,139,0.881764829158783
sub_992,005870_jpg.rf.6638e005f5e5791b54babcf25af7f2ba.jpg,1,202,79,244,133,0.8771127462387085
sub_993,005870_jpg.rf.6638e005f5e5791b54babcf25af7f2ba.jpg,1,90,87,139,144,0.8574222922325134
sub_994,005870_jpg.rf.6638e005f5e5791b54babcf25af7f2ba.jpg,1,278,92,313,143,0.8326010704040527
sub_995,005871_jpg.rf.d2b8edb90fa8911a4f3b66ab079b6690.jpg,1,105,20,249,206,0.8900418281555176
sub_996,005872_jpg.rf.5ea41dfd4285e58927ac70caadf15d12.jpg,1,132,127,219,220,0.8826907873153687
sub_997,005872_jpg.rf.5ea41dfd4285e58927ac70caadf15d12.jpg,1,258,77,307,135,0.8400174379348755
sub_998,005875_jpg.rf.9b7ba2ace053d0ff071812fd00c12f66.jpg,1,30,42,130,156,0.8783120512962341
sub_999,005876_jpg.rf.53ff91f5fec1b3ff1272a63c9c076a4a.jpg,1,308,53,350,106,0.8468615412712097
sub_1000,005876_jpg.rf.53ff91f5fec1b3ff1272a63c9c076a4a.jpg,1,193,50,231,95,0.8195184469223022
sub_1001,005877_jpg.rf.6922fcf3415321f964ac801bbdd6fe73.jpg,0,97,103,137,150,0.8981026411056519
sub_1002,005877_jpg.rf.6922fcf3415321f964ac801bbdd6fe73.jpg,0,211,110,245,151,0.8806567788124084
sub_1003,005877_jpg.rf.6922fcf3415321f964ac801bbdd6fe73.jpg,1,259,109,288,150,0.8585109710693359
sub_1004,005877_jpg.rf.6922fcf3415321f964ac801bbdd6fe73.jpg,1,308,97,344,144,0.8567796349525452
sub_1005,005877_jpg.rf.6922fcf3415321f964ac801bbdd6fe73.jpg,0,411,66,464,125,0.8513907790184021
sub_1006,005877_jpg.rf.6922fcf3415321f964ac801bbdd6fe73.jpg,1,35,117,60,147,0.834352970123291
sub_1007,005877_jpg.rf.6922fcf3415321f964ac801bbdd6fe73.jpg,0,461,40,518,139,0.8309248089790344
sub_1008,005877_jpg.rf.6922fcf3415321f964ac801bbdd6fe73.jpg,1,401,107,429,144,0.799360454082489
sub_1009,005880_jpg.rf.2e607851908a06bbb36cc4d987deb9dd.jpg,1,135,41,164,79,0.8592237830162048
sub_1010,005880_jpg.rf.2e607851908a06bbb36cc4d987deb9dd.jpg,1,250,52,279,93,0.8529345393180847
sub_1011,005880_jpg.rf.2e607851908a06bbb36cc4d987deb9dd.jpg,1,37,53,63,88,0.8453492522239685
sub_1012,005880_jpg.rf.2e607851908a06bbb36cc4d987deb9dd.jpg,1,224,64,245,94,0.8276808857917786
sub_1013,005880_jpg.rf.2e607851908a06bbb36cc4d987deb9dd.jpg,1,200,61,223,95,0.82664555311203
sub_1014,005880_jpg.rf.2e607851908a06bbb36cc4d987deb9dd.jpg,1,76,59,106,99,0.8105322122573853
sub_1015,005880_jpg.rf.2e607851908a06bbb36cc4d987deb9dd.jpg,1,369,84,394,113,0.7756432890892029
sub_1016,005880_jpg.rf.2e607851908a06bbb36cc4d987deb9dd.jpg,1,309,79,330,107,0.7695299386978149
sub_1017,005880_jpg.rf.2e607851908a06bbb36cc4d987deb9dd.jpg,1,175,72,195,98,0.742190957069397
sub_1018,005880_jpg.rf.2e607851908a06bbb36cc4d987deb9dd.jpg,1,101,64,123,98,0.7235791087150574
sub_1019,005880_jpg.rf.2e607851908a06bbb36cc4d987deb9dd.jpg,1,353,84,370,108,0.7072386741638184
sub_1020,005880_jpg.rf.2e607851908a06bbb36cc4d987deb9dd.jpg,1,339,97,352,117,0.6114882230758667
sub_1021,005880_jpg.rf.2e607851908a06bbb36cc4d987deb9dd.jpg,1,296,78,313,105,0.4318093955516815
sub_1022,005882_jpg.rf.08048de443ea780d42c71724f6eac83a.jpg,1,386,45,431,100,0.8938317894935608
sub_1023,005882_jpg.rf.08048de443ea780d42c71724f6eac83a.jpg,1,282,88,335,144,0.8375982642173767
sub_1024,005882_jpg.rf.08048de443ea780d42c71724f6eac83a.jpg,1,260,12,360,111,0.574247419834137
sub_1025,005883_jpg.rf.f937fcf3431d11c8a9dc5e4d94658cf5.jpg,1,204,213,245,268,0.8535098433494568
sub_1026,005883_jpg.rf.f937fcf3431d11c8a9dc5e4d94658cf5.jpg,1,270,219,311,273,0.8416803479194641
sub_1027,005883_jpg.rf.f937fcf3431d11c8a9dc5e4d94658cf5.jpg,1,114,216,161,269,0.8244787454605103
sub_1028,005883_jpg.rf.f937fcf3431d11c8a9dc5e4d94658cf5.jpg,1,22,219,70,271,0.8060594797134399
sub_1029,005883_jpg.rf.f937fcf3431d11c8a9dc5e4d94658cf5.jpg,1,373,236,409,282,0.7667551636695862
sub_1030,005883_jpg.rf.f937fcf3431d11c8a9dc5e4d94658cf5.jpg,1,403,239,433,282,0.7081493139266968
sub_1031,005887_jpg.rf.0135a7bf76a3659c2da4efe3b3760fa2.jpg,1,74,134,98,166,0.8086690306663513
sub_1032,005887_jpg.rf.0135a7bf76a3659c2da4efe3b3760fa2.jpg,1,270,151,292,178,0.8066626191139221
sub_1033,005887_jpg.rf.0135a7bf76a3659c2da4efe3b3760fa2.jpg,1,115,142,137,171,0.8053744435310364
sub_1034,005887_jpg.rf.0135a7bf76a3659c2da4efe3b3760fa2.jpg,1,235,145,256,172,0.7979246973991394
sub_1035,005887_jpg.rf.0135a7bf76a3659c2da4efe3b3760fa2.jpg,1,412,153,436,182,0.7917343974113464
sub_1036,005887_jpg.rf.0135a7bf76a3659c2da4efe3b3760fa2.jpg,1,303,142,323,169,0.7755334377288818
sub_1037,005887_jpg.rf.0135a7bf76a3659c2da4efe3b3760fa2.jpg,1,154,143,177,172,0.7606173157691956
sub_1038,005887_jpg.rf.0135a7bf76a3659c2da4efe3b3760fa2.jpg,1,376,143,398,171,0.7533355355262756
sub_1039,005887_jpg.rf.0135a7bf76a3659c2da4efe3b3760fa2.jpg,1,194,137,215,163,0.7387802600860596
sub_1040,005887_jpg.rf.0135a7bf76a3659c2da4efe3b3760fa2.jpg,1,339,147,360,175,0.7304937839508057
sub_1041,005888_jpg.rf.045b8960a8a57e07b24adef46eacec3c.jpg,1,115,27,220,160,0.8819639682769775
sub_1042,005891_jpg.rf.0be6bde1d2229600b6caa5d44685d6df.jpg,1,183,66,291,209,0.8901086449623108
sub_1043,005893_jpg.rf.a8b9745d50af35671fe272784cea36a1.jpg,1,178,47,269,158,0.8824485540390015
sub_1044,005893_jpg.rf.a8b9745d50af35671fe272784cea36a1.jpg,1,37,12,170,152,0.8502836227416992
sub_1045,005895_jpg.rf.f605840d61422cb21a2e16245ec5e123.jpg,1,219,96,293,185,0.848688006401062
sub_1046,005895_jpg.rf.f605840d61422cb21a2e16245ec5e123.jpg,1,307,35,421,139,0.8413252830505371
sub_1047,005900_jpg.rf.c46ba74a8216c84a4277edb8a4ee784c.jpg,1,50,50,88,100,0.834489107131958
sub_1048,005900_jpg.rf.c46ba74a8216c84a4277edb8a4ee784c.jpg,1,129,61,172,107,0.8301253914833069
sub_1049,005904_jpg.rf.a3f928aa643fabab034c87e565737e45.jpg,1,299,144,326,176,0.7572986483573914
sub_1050,005904_jpg.rf.a3f928aa643fabab034c87e565737e45.jpg,1,244,92,268,119,0.49616533517837524
sub_1051,005906_jpg.rf.a4394e16294ce5e68e5eb80c0321ed41.jpg,1,100,1,174,80,0.8697252869606018
sub_1052,005907_jpg.rf.1e95541aeb5a8a6e618b4cbee7271233.jpg,1,251,126,280,158,0.7865594625473022
sub_1053,005907_jpg.rf.1e95541aeb5a8a6e618b4cbee7271233.jpg,1,368,121,402,163,0.7570687532424927
sub_1054,005907_jpg.rf.1e95541aeb5a8a6e618b4cbee7271233.jpg,1,348,135,372,162,0.4828522801399231
sub_1055,005914_jpg.rf.f46c8e9a7661efd71bb96979eac1a2fd.jpg,1,305,32,341,79,0.8797431588172913
sub_1056,005914_jpg.rf.f46c8e9a7661efd71bb96979eac1a2fd.jpg,1,201,49,262,121,0.8489260077476501
sub_1057,005914_jpg.rf.f46c8e9a7661efd71bb96979eac1a2fd.jpg,1,11,4,37,40,0.7472148537635803
sub_1058,005916_jpg.rf.7141c1fcb5c5344190e58ba8cffc6d6b.jpg,1,251,56,311,104,0.7320654988288879
sub_1059,005921_jpg.rf.cc43cd5796a3303d43db2b703732a07c.jpg,1,346,134,488,305,0.8638216257095337
sub_1060,005921_jpg.rf.cc43cd5796a3303d43db2b703732a07c.jpg,1,163,103,260,237,0.8608407378196716
sub_1061,005921_jpg.rf.cc43cd5796a3303d43db2b703732a07c.jpg,1,89,153,139,220,0.7675650119781494
sub_1062,005921_jpg.rf.cc43cd5796a3303d43db2b703732a07c.jpg,1,1,147,34,217,0.7601959705352783
sub_1063,005921_jpg.rf.cc43cd5796a3303d43db2b703732a07c.jpg,1,386,300,437,361,0.7365862131118774
sub_1064,005922_jpg.rf.3306acdeb925bf1c47bb5cb3174c60c0.jpg,1,355,101,395,141,0.8039650321006775
sub_1065,005922_jpg.rf.3306acdeb925bf1c47bb5cb3174c60c0.jpg,1,123,103,179,157,0.7668330669403076
sub_1066,005923_jpg.rf.73c1046c1c0aa6b8233bfcbe9122fad2.jpg,1,363,10,451,113,0.9015147089958191
sub_1067,005923_jpg.rf.73c1046c1c0aa6b8233bfcbe9122fad2.jpg,1,177,28,260,125,0.8792168498039246
sub_1068,005923_jpg.rf.73c1046c1c0aa6b8233bfcbe9122fad2.jpg,1,27,27,102,120,0.868617832660675
sub_1069,005925_jpg.rf.689f962e1b5e9c730d40abcc3c136274.jpg,1,306,111,357,171,0.86815345287323
sub_1070,005926_jpg.rf.7d7b56a64673a144ab602254cb3b42de.jpg,1,261,43,307,89,0.8752394318580627
sub_1071,005927_jpg.rf.c5fe9cffe488654ac1f7d42972c0af36.jpg,1,263,555,330,631,0.8410160541534424
sub_1072,005927_jpg.rf.c5fe9cffe488654ac1f7d42972c0af36.jpg,1,486,563,554,636,0.7698141932487488
sub_1073,005929_jpg.rf.faed48a263321c994490e8218047b2bc.jpg,1,161,123,186,152,0.8100363612174988
sub_1074,005929_jpg.rf.faed48a263321c994490e8218047b2bc.jpg,0,201,123,225,150,0.7580510377883911
sub_1075,005929_jpg.rf.faed48a263321c994490e8218047b2bc.jpg,0,393,127,415,155,0.7243587374687195
sub_1076,005929_jpg.rf.faed48a263321c994490e8218047b2bc.jpg,0,347,123,377,156,0.7089089155197144
sub_1077,005929_jpg.rf.faed48a263321c994490e8218047b2bc.jpg,0,372,117,396,147,0.6956825852394104
sub_1078,005929_jpg.rf.faed48a263321c994490e8218047b2bc.jpg,0,456,126,477,149,0.685468316078186
sub_1079,005929_jpg.rf.faed48a263321c994490e8218047b2bc.jpg,0,284,124,307,154,0.6698694825172424
sub_1080,005929_jpg.rf.faed48a263321c994490e8218047b2bc.jpg,0,245,131,265,156,0.6506428122520447
sub_1081,005929_jpg.rf.faed48a263321c994490e8218047b2bc.jpg,0,323,123,345,153,0.6463662385940552
sub_1082,005929_jpg.rf.faed48a263321c994490e8218047b2bc.jpg,0,344,120,357,151,0.6159989237785339
sub_1083,005929_jpg.rf.faed48a263321c994490e8218047b2bc.jpg,0,313,125,325,149,0.6022598743438721
sub_1084,005931_jpg.rf.fad766965edfde0c611aaa8b732d57bc.jpg,0,319,72,347,105,0.8587983250617981
sub_1085,005931_jpg.rf.fad766965edfde0c611aaa8b732d57bc.jpg,0,246,77,272,111,0.8564113974571228
sub_1086,005931_jpg.rf.fad766965edfde0c611aaa8b732d57bc.jpg,0,276,79,297,108,0.8399816751480103
sub_1087,005931_jpg.rf.fad766965edfde0c611aaa8b732d57bc.jpg,0,393,57,423,93,0.8132055997848511
sub_1088,005931_jpg.rf.fad766965edfde0c611aaa8b732d57bc.jpg,0,192,68,221,106,0.7908063530921936
sub_1089,005931_jpg.rf.fad766965edfde0c611aaa8b732d57bc.jpg,0,90,83,123,124,0.7629956007003784
sub_1090,005931_jpg.rf.fad766965edfde0c611aaa8b732d57bc.jpg,0,383,71,401,98,0.5641373991966248
sub_1091,005931_jpg.rf.fad766965edfde0c611aaa8b732d57bc.jpg,0,0,110,46,189,0.4223773181438446
sub_1092,005933_jpg.rf.f743fb41197a8dc88fd37ba2b8b0c946.jpg,1,289,5,355,90,0.8804505467414856
sub_1093,005933_jpg.rf.f743fb41197a8dc88fd37ba2b8b0c946.jpg,1,225,25,278,98,0.8355476260185242
sub_1094,005935_jpg.rf.eb10a7a75e2cb199dc479e19129ae2e1.jpg,1,123,71,208,165,0.8740583658218384
sub_1095,005935_jpg.rf.eb10a7a75e2cb199dc479e19129ae2e1.jpg,1,213,103,263,171,0.8328229784965515
sub_1096,005939_jpg.rf.ddc7ae70b5bfdab64322ba7c396c34cb.jpg,1,43,102,77,140,0.8327222466468811
sub_1097,005939_jpg.rf.ddc7ae70b5bfdab64322ba7c396c34cb.jpg,1,439,109,471,147,0.8225089907646179
sub_1098,005939_jpg.rf.ddc7ae70b5bfdab64322ba7c396c34cb.jpg,1,231,112,254,142,0.7964845299720764
sub_1099,005939_jpg.rf.ddc7ae70b5bfdab64322ba7c396c34cb.jpg,1,186,100,216,139,0.7946653366088867
sub_1100,005939_jpg.rf.ddc7ae70b5bfdab64322ba7c396c34cb.jpg,1,95,110,118,140,0.7876152992248535
sub_1101,005939_jpg.rf.ddc7ae70b5bfdab64322ba7c396c34cb.jpg,1,358,127,386,159,0.7759420871734619
sub_1102,005939_jpg.rf.ddc7ae70b5bfdab64322ba7c396c34cb.jpg,1,273,114,291,139,0.7687357068061829
sub_1103,005939_jpg.rf.ddc7ae70b5bfdab64322ba7c396c34cb.jpg,1,288,118,316,151,0.7626066207885742
sub_1104,005939_jpg.rf.ddc7ae70b5bfdab64322ba7c396c34cb.jpg,1,312,106,335,136,0.7509387731552124
sub_1105,005939_jpg.rf.ddc7ae70b5bfdab64322ba7c396c34cb.jpg,1,169,104,192,140,0.7184341549873352
sub_1106,005939_jpg.rf.ddc7ae70b5bfdab64322ba7c396c34cb.jpg,1,114,120,129,140,0.6103047132492065
sub_1107,005941_jpg.rf.edb2f006a743fea942162b1bd0fbc086.jpg,1,104,95,148,150,0.8625428676605225
sub_1108,005942_jpg.rf.9508a7e8ad5fefe049d29d733ab309f3.jpg,1,378,82,478,206,0.8864080905914307
sub_1109,005942_jpg.rf.9508a7e8ad5fefe049d29d733ab309f3.jpg,1,102,67,188,165,0.8759585022926331
sub_1110,005942_jpg.rf.9508a7e8ad5fefe049d29d733ab309f3.jpg,1,238,98,304,176,0.8324409127235413
sub_1111,005944_jpg.rf.4eef366f637488a3f3212d631f353029.jpg,1,304,55,359,113,0.88304203748703
sub_1112,005944_jpg.rf.4eef366f637488a3f3212d631f353029.jpg,1,129,139,163,176,0.7676648497581482
sub_1113,005944_jpg.rf.4eef366f637488a3f3212d631f353029.jpg,1,234,95,254,118,0.7381435036659241
sub_1114,005944_jpg.rf.4eef366f637488a3f3212d631f353029.jpg,1,182,105,197,123,0.40200307965278625
sub_1115,005945_jpg.rf.734e606485a8cd168323e46bcfc2119c.jpg,1,152,77,203,137,0.8675966262817383
sub_1116,005948_jpg.rf.4a9537653a2a8bd6e96d0859958ce6ee.jpg,1,77,4,229,184,0.887462317943573
sub_1117,005949_jpg.rf.a4c25094c6d46cff8f82d8824908269e.jpg,0,395,98,427,136,0.8714036345481873
sub_1118,005949_jpg.rf.a4c25094c6d46cff8f82d8824908269e.jpg,0,311,112,332,140,0.7644646167755127
sub_1119,005949_jpg.rf.a4c25094c6d46cff8f82d8824908269e.jpg,0,289,113,308,137,0.7063538432121277
sub_1120,005949_jpg.rf.a4c25094c6d46cff8f82d8824908269e.jpg,0,194,129,212,149,0.7008488178253174
sub_1121,005949_jpg.rf.a4c25094c6d46cff8f82d8824908269e.jpg,0,52,126,73,151,0.6849480867385864
sub_1122,005949_jpg.rf.a4c25094c6d46cff8f82d8824908269e.jpg,0,264,125,281,146,0.6576927900314331
sub_1123,005949_jpg.rf.a4c25094c6d46cff8f82d8824908269e.jpg,0,82,128,98,149,0.6566606163978577
sub_1124,005949_jpg.rf.a4c25094c6d46cff8f82d8824908269e.jpg,0,367,113,395,143,0.638192355632782
sub_1125,005949_jpg.rf.a4c25094c6d46cff8f82d8824908269e.jpg,0,230,127,246,146,0.5756571888923645
sub_1126,005949_jpg.rf.a4c25094c6d46cff8f82d8824908269e.jpg,0,130,137,144,155,0.529183566570282
sub_1127,005949_jpg.rf.a4c25094c6d46cff8f82d8824908269e.jpg,0,350,135,367,156,0.4740992486476898
sub_1128,005955_jpg.rf.2b856a245efcaf08637d13b941a14f3f.jpg,1,165,71,281,186,0.8615526556968689
sub_1129,005955_jpg.rf.2b856a245efcaf08637d13b941a14f3f.jpg,1,324,9,391,97,0.8543519973754883
sub_1130,005957_jpg.rf.2d6f45f654ce2c96872e72e3515298cb.jpg,1,128,91,151,117,0.490117609500885
sub_1131,005960_jpg.rf.6af167d0d3ccab62c923c8cc54de24cf.jpg,1,320,108,466,258,0.8631053566932678
sub_1132,005962_jpg.rf.893685155a0eb8731f51d4f38bac67b7.jpg,1,451,104,485,143,0.8346803784370422
sub_1133,005962_jpg.rf.893685155a0eb8731f51d4f38bac67b7.jpg,1,365,135,387,158,0.7341184020042419
sub_1134,005962_jpg.rf.893685155a0eb8731f51d4f38bac67b7.jpg,1,416,200,449,226,0.6539099812507629
sub_1135,005962_jpg.rf.893685155a0eb8731f51d4f38bac67b7.jpg,1,329,208,348,228,0.5380446910858154
sub_1136,005963_jpg.rf.2e0185afd8bd6057b308654d745d921a.jpg,1,133,15,234,137,0.8931859135627747
sub_1137,005963_jpg.rf.2e0185afd8bd6057b308654d745d921a.jpg,1,258,136,390,276,0.8695108890533447
sub_1138,005965_jpg.rf.ae966d9dd0c5fb93a60b25f0e16ae127.jpg,1,223,43,275,99,0.846847653388977
sub_1139,005965_jpg.rf.ae966d9dd0c5fb93a60b25f0e16ae127.jpg,1,150,26,191,78,0.8234120011329651
sub_1140,005965_jpg.rf.ae966d9dd0c5fb93a60b25f0e16ae127.jpg,1,267,50,292,92,0.5481439828872681
sub_1141,005966_jpg.rf.659361ca57a4292003ac72e0e92df914.jpg,1,405,290,488,394,0.8799256086349487
sub_1142,005966_jpg.rf.659361ca57a4292003ac72e0e92df914.jpg,1,146,371,230,454,0.8324669003486633
sub_1143,005969_jpg.rf.95199b90662155df3b4b4b3d42192d7c.jpg,1,177,142,227,191,0.7998018264770508
sub_1144,005969_jpg.rf.95199b90662155df3b4b4b3d42192d7c.jpg,1,263,101,308,145,0.7688999772071838
sub_1145,005970_jpg.rf.914c5fc192a0dd5ac2397c5c2d8aa391.jpg,0,220,30,266,90,0.9066737294197083
sub_1146,005970_jpg.rf.914c5fc192a0dd5ac2397c5c2d8aa391.jpg,1,270,58,327,134,0.8807268738746643
sub_1147,005970_jpg.rf.914c5fc192a0dd5ac2397c5c2d8aa391.jpg,0,134,67,183,127,0.8252306580543518
sub_1148,005971_jpg.rf.dc5a9ac743bf8cd4b6303a48c7989255.jpg,1,77,200,94,221,0.7231905460357666
sub_1149,005976_jpg.rf.15ea461855f61b35992f42789ad2c964.jpg,1,190,71,393,344,0.8751932382583618
sub_1150,005979_jpg.rf.5eb672b00fd3a66115d9b3dc1bf51f7d.jpg,1,183,45,217,90,0.8726961016654968
sub_1151,005979_jpg.rf.5eb672b00fd3a66115d9b3dc1bf51f7d.jpg,1,101,72,140,115,0.8509058952331543
sub_1152,005979_jpg.rf.5eb672b00fd3a66115d9b3dc1bf51f7d.jpg,1,143,50,178,96,0.8506419062614441
sub_1153,005984_jpg.rf.8753ab07d5466cb14c6f3088ebfc4f29.jpg,1,320,40,351,77,0.8352298736572266
sub_1154,005984_jpg.rf.8753ab07d5466cb14c6f3088ebfc4f29.jpg,1,107,57,137,93,0.8057747483253479
sub_1155,005984_jpg.rf.8753ab07d5466cb14c6f3088ebfc4f29.jpg,1,210,46,240,82,0.801211416721344
sub_1156,005986_jpg.rf.b131cdf3de6e3a88164ba2724193fbfa.jpg,1,60,36,123,109,0.8380338549613953
sub_1157,005986_jpg.rf.b131cdf3de6e3a88164ba2724193fbfa.jpg,1,367,58,406,102,0.8256490230560303
sub_1158,005989_jpg.rf.b586c546c8ab1b496d7d5c7096f3f00d.jpg,1,260,185,286,213,0.553949773311615
sub_1159,005994_jpg.rf.047d611dd5d0754f5fd10b6d433eb897.jpg,1,116,190,138,218,0.7462224364280701
sub_1160,005994_jpg.rf.047d611dd5d0754f5fd10b6d433eb897.jpg,1,284,170,307,197,0.7395129799842834
sub_1161,005994_jpg.rf.047d611dd5d0754f5fd10b6d433eb897.jpg,1,144,194,166,220,0.7258407473564148
sub_1162,005994_jpg.rf.047d611dd5d0754f5fd10b6d433eb897.jpg,1,3,137,36,167,0.5892147421836853
sub_1163,005994_jpg.rf.047d611dd5d0754f5fd10b6d433eb897.jpg,1,300,194,328,223,0.4043903052806854
sub_1164,005997_jpg.rf.feb357e9c9695bd8ef7a12d18850a62c.jpg,1,232,205,280,268,0.8538594245910645
sub_1165,005998_jpg.rf.775e7262e175c6ddc23d26f7473754c9.jpg,1,139,75,225,171,0.865348756313324
sub_1166,005998_jpg.rf.775e7262e175c6ddc23d26f7473754c9.jpg,1,208,61,281,164,0.8582115173339844
sub_1167,005999_jpg.rf.621b1e1a610deb5dfb26cf89a74589d9.jpg,0,63,147,84,174,0.7497106790542603
sub_1168,005999_jpg.rf.621b1e1a610deb5dfb26cf89a74589d9.jpg,0,342,138,363,164,0.7419062256813049
sub_1169,005999_jpg.rf.621b1e1a610deb5dfb26cf89a74589d9.jpg,0,146,143,167,170,0.7353805899620056
sub_1170,005999_jpg.rf.621b1e1a610deb5dfb26cf89a74589d9.jpg,0,250,135,271,160,0.7260570526123047
sub_1171,005999_jpg.rf.621b1e1a610deb5dfb26cf89a74589d9.jpg,0,284,135,304,162,0.7193717360496521
sub_1172,005999_jpg.rf.621b1e1a610deb5dfb26cf89a74589d9.jpg,0,219,142,239,167,0.6867197751998901
sub_1173,005999_jpg.rf.621b1e1a610deb5dfb26cf89a74589d9.jpg,0,92,141,111,166,0.676139771938324
sub_1174,005999_jpg.rf.621b1e1a610deb5dfb26cf89a74589d9.jpg,0,314,141,332,165,0.6645690202713013
sub_1175,005999_jpg.rf.621b1e1a610deb5dfb26cf89a74589d9.jpg,0,124,142,142,166,0.6416552662849426
sub_1176,005999_jpg.rf.621b1e1a610deb5dfb26cf89a74589d9.jpg,0,183,140,203,166,0.626794159412384
sub_1177,006000_jpg.rf.4f3bb32192ac663072de7dec2e9271fd.jpg,1,131,52,193,123,0.8695868849754333
sub_1178,006000_jpg.rf.4f3bb32192ac663072de7dec2e9271fd.jpg,1,287,139,319,173,0.747617781162262
sub_1179,006001_jpg.rf.24682f59a8865d7678ed15108b152025.jpg,1,288,71,348,136,0.8317802548408508
sub_1180,006001_jpg.rf.24682f59a8865d7678ed15108b152025.jpg,1,198,75,249,135,0.8210536241531372
sub_1181,006002_jpg.rf.fc127a73bba37d3788afc7f7c1e0b77e.jpg,1,138,52,201,121,0.8520476818084717
sub_1182,006002_jpg.rf.fc127a73bba37d3788afc7f7c1e0b77e.jpg,1,254,88,305,150,0.8155533671379089
sub_1183,006004_jpg.rf.4312d61b0434bbd941f7bf5d59e1ed66.jpg,1,353,104,402,159,0.8839300274848938
sub_1184,006004_jpg.rf.4312d61b0434bbd941f7bf5d59e1ed66.jpg,1,252,61,312,126,0.8251912593841553
sub_1185,006004_jpg.rf.4312d61b0434bbd941f7bf5d59e1ed66.jpg,1,0,59,38,130,0.8206303119659424
sub_1186,006004_jpg.rf.4312d61b0434bbd941f7bf5d59e1ed66.jpg,1,477,98,499,165,0.8132282495498657
sub_1187,006004_jpg.rf.4312d61b0434bbd941f7bf5d59e1ed66.jpg,1,134,94,175,151,0.7970321774482727
sub_1188,006004_jpg.rf.4312d61b0434bbd941f7bf5d59e1ed66.jpg,1,168,128,197,165,0.7133790254592896
sub_1189,006004_jpg.rf.4312d61b0434bbd941f7bf5d59e1ed66.jpg,1,85,128,109,161,0.5579805374145508
sub_1190,006004_jpg.rf.4312d61b0434bbd941f7bf5d59e1ed66.jpg,1,443,168,466,193,0.5573893785476685
sub_1191,006004_jpg.rf.4312d61b0434bbd941f7bf5d59e1ed66.jpg,1,62,129,87,164,0.4765160083770752
sub_1192,006004_jpg.rf.4312d61b0434bbd941f7bf5d59e1ed66.jpg,1,414,233,450,273,0.4236968159675598
sub_1193,006006_jpg.rf.cf747e2f2d2946bb457b1ca78e42f843.jpg,1,182,39,304,205,0.8422905802726746
sub_1194,006006_jpg.rf.cf747e2f2d2946bb457b1ca78e42f843.jpg,1,278,48,356,187,0.7654473781585693
sub_1195,006007_jpg.rf.d00f064617ad284ad71fd27c6e5c9073.jpg,1,182,113,204,137,0.7281084060668945
sub_1196,006008_jpg.rf.a04dff2f01978d65f35c7e8913f06442.jpg,1,289,18,372,129,0.8777188062667847
sub_1197,006009_jpg.rf.6be50b25a2dfb8cdbb3877004dbbbe6c.jpg,1,221,42,274,102,0.8289745450019836
sub_1198,006010_jpg.rf.de0b4af1d8bab31cb922e66671e490f9.jpg,1,137,23,212,107,0.8736512660980225
sub_1199,006011_jpg.rf.be7bc0248fd1ab7e28e579e951fc220e.jpg,1,451,110,473,133,0.7250849604606628
sub_1200,006011_jpg.rf.be7bc0248fd1ab7e28e579e951fc220e.jpg,1,22,105,43,129,0.7157626748085022
sub_1201,006011_jpg.rf.be7bc0248fd1ab7e28e579e951fc220e.jpg,1,316,264,336,285,0.6954028606414795
sub_1202,006011_jpg.rf.be7bc0248fd1ab7e28e579e951fc220e.jpg,1,245,127,265,149,0.6936063170433044
sub_1203,006011_jpg.rf.be7bc0248fd1ab7e28e579e951fc220e.jpg,1,244,220,265,241,0.6043013334274292
sub_1204,006013_jpg.rf.046a20c3d31383dd7d86094a2562224e.jpg,1,0,64,71,155,0.8910754323005676
sub_1205,006013_jpg.rf.046a20c3d31383dd7d86094a2562224e.jpg,1,134,79,182,142,0.8743897080421448
sub_1206,006013_jpg.rf.046a20c3d31383dd7d86094a2562224e.jpg,1,353,90,404,147,0.8378289341926575
sub_1207,006013_jpg.rf.046a20c3d31383dd7d86094a2562224e.jpg,1,440,98,499,164,0.8322926163673401
sub_1208,006013_jpg.rf.046a20c3d31383dd7d86094a2562224e.jpg,1,244,116,288,168,0.45094913244247437
sub_1209,006014_jpg.rf.d6ece70aaae921ed1ec101ed7506e4d9.jpg,1,163,16,224,99,0.8672410845756531
sub_1210,006017_jpg.rf.39dfe8c69391c85935b9c5252a403b0a.jpg,1,236,66,279,119,0.8375635147094727
sub_1211,006021_jpg.rf.9f9ef4ea199949122b30ba716f6d5099.jpg,1,159,75,196,121,0.8765909671783447
sub_1212,006021_jpg.rf.9f9ef4ea199949122b30ba716f6d5099.jpg,0,95,37,142,91,0.8460556864738464
sub_1213,006021_jpg.rf.9f9ef4ea199949122b30ba716f6d5099.jpg,1,225,96,262,143,0.8359956741333008
sub_1214,006021_jpg.rf.9f9ef4ea199949122b30ba716f6d5099.jpg,1,381,157,413,193,0.8321168422698975
sub_1215,006021_jpg.rf.9f9ef4ea199949122b30ba716f6d5099.jpg,1,314,128,345,168,0.8293368816375732
sub_1216,006021_jpg.rf.9f9ef4ea199949122b30ba716f6d5099.jpg,1,421,178,446,208,0.7602062225341797
sub_1217,006021_jpg.rf.9f9ef4ea199949122b30ba716f6d5099.jpg,1,339,142,367,176,0.7567588686943054
sub_1218,006021_jpg.rf.9f9ef4ea199949122b30ba716f6d5099.jpg,1,251,112,278,149,0.7172971963882446
sub_1219,006021_jpg.rf.9f9ef4ea199949122b30ba716f6d5099.jpg,1,318,132,351,172,0.455741822719574
sub_1220,006027_jpg.rf.43694d7a66109d21df3ce03d39d6624e.jpg,1,386,109,431,163,0.847786545753479
sub_1221,006027_jpg.rf.43694d7a66109d21df3ce03d39d6624e.jpg,1,363,136,396,175,0.7857210636138916
sub_1222,006027_jpg.rf.43694d7a66109d21df3ce03d39d6624e.jpg,0,58,118,92,161,0.7789530754089355
sub_1223,006029_jpg.rf.4f82b6f9968c77d2045cb0b551851e42.jpg,1,100,73,192,180,0.8668498396873474
sub_1224,006030_jpg.rf.9d941d5566efa8625dfa80d2a78e7e12.jpg,1,258,74,305,134,0.8670408129692078
sub_1225,006030_jpg.rf.9d941d5566efa8625dfa80d2a78e7e12.jpg,1,173,107,216,151,0.8216716051101685
sub_1226,006031_jpg.rf.0e67548d37b3f50c82f829a04566f33c.jpg,1,272,70,326,141,0.8869139552116394
sub_1227,006031_jpg.rf.0e67548d37b3f50c82f829a04566f33c.jpg,1,137,34,190,93,0.8784924149513245
sub_1228,006031_jpg.rf.0e67548d37b3f50c82f829a04566f33c.jpg,1,382,66,442,130,0.8684096336364746
sub_1229,006031_jpg.rf.0e67548d37b3f50c82f829a04566f33c.jpg,1,189,59,236,123,0.8508856296539307
sub_1230,006032_jpg.rf.b8e14e99e3acaa58303438fc6f919f0d.jpg,1,45,53,103,119,0.9111667275428772
sub_1231,006032_jpg.rf.b8e14e99e3acaa58303438fc6f919f0d.jpg,1,370,80,431,149,0.8590198755264282
sub_1232,006032_jpg.rf.b8e14e99e3acaa58303438fc6f919f0d.jpg,1,140,110,174,147,0.7013380527496338
sub_1233,006033_jpg.rf.a5b2e2a8822c1365b07c660b19b32962.jpg,1,198,13,242,61,0.8476276993751526
sub_1234,006035_jpg.rf.11164841965f93e9c7a0e36f63039a0a.jpg,1,308,101,349,156,0.8320915102958679
sub_1235,006036_jpg.rf.152e73e580c5c3f08be0030a90bd81ba.jpg,1,323,265,414,373,0.8644312620162964
sub_1236,006038_jpg.rf.6a2c43a7136e83b3c23106971f1fe854.jpg,1,10,131,57,190,0.8802589178085327
sub_1237,006038_jpg.rf.6a2c43a7136e83b3c23106971f1fe854.jpg,1,294,155,325,198,0.868363618850708
sub_1238,006038_jpg.rf.6a2c43a7136e83b3c23106971f1fe854.jpg,1,92,125,185,229,0.8663702011108398
sub_1239,006038_jpg.rf.6a2c43a7136e83b3c23106971f1fe854.jpg,1,411,117,485,205,0.862259566783905
sub_1240,006038_jpg.rf.6a2c43a7136e83b3c23106971f1fe854.jpg,1,344,155,373,195,0.8576970100402832
sub_1241,006038_jpg.rf.6a2c43a7136e83b3c23106971f1fe854.jpg,1,184,138,225,197,0.8532893061637878
sub_1242,006038_jpg.rf.6a2c43a7136e83b3c23106971f1fe854.jpg,1,252,143,280,185,0.8490250110626221
sub_1243,006038_jpg.rf.6a2c43a7136e83b3c23106971f1fe854.jpg,1,395,175,430,220,0.8458329439163208
sub_1244,006038_jpg.rf.6a2c43a7136e83b3c23106971f1fe854.jpg,1,223,142,255,189,0.8430933952331543
sub_1245,006038_jpg.rf.6a2c43a7136e83b3c23106971f1fe854.jpg,1,323,168,346,200,0.7230815887451172
sub_1246,006038_jpg.rf.6a2c43a7136e83b3c23106971f1fe854.jpg,1,382,177,400,200,0.6450022459030151
sub_1247,006038_jpg.rf.6a2c43a7136e83b3c23106971f1fe854.jpg,1,472,138,500,217,0.5366465449333191
sub_1248,006038_jpg.rf.6a2c43a7136e83b3c23106971f1fe854.jpg,1,385,177,405,218,0.42804330587387085
sub_1249,006042_jpg.rf.ba9f28d93c57a0f3576377c3ee431fd2.jpg,0,316,112,371,174,0.8919992446899414
sub_1250,006042_jpg.rf.ba9f28d93c57a0f3576377c3ee431fd2.jpg,0,240,131,275,174,0.8664436936378479
sub_1251,006042_jpg.rf.ba9f28d93c57a0f3576377c3ee431fd2.jpg,0,211,113,245,154,0.8501194715499878
sub_1252,006042_jpg.rf.ba9f28d93c57a0f3576377c3ee431fd2.jpg,0,163,132,200,175,0.8032863736152649
sub_1253,006042_jpg.rf.ba9f28d93c57a0f3576377c3ee431fd2.jpg,0,59,121,108,179,0.7939181923866272
sub_1254,006042_jpg.rf.ba9f28d93c57a0f3576377c3ee431fd2.jpg,0,285,115,315,158,0.7769447565078735
sub_1255,006042_jpg.rf.ba9f28d93c57a0f3576377c3ee431fd2.jpg,0,99,127,128,170,0.6679292917251587
sub_1256,006042_jpg.rf.ba9f28d93c57a0f3576377c3ee431fd2.jpg,0,182,154,228,193,0.43989843130111694
sub_1257,006043_jpg.rf.620313a5ca28fe2bef2c9ba194c683d9.jpg,1,322,194,359,236,0.8393380641937256
sub_1258,006043_jpg.rf.620313a5ca28fe2bef2c9ba194c683d9.jpg,0,184,187,229,231,0.6011900305747986
sub_1259,006043_jpg.rf.620313a5ca28fe2bef2c9ba194c683d9.jpg,1,478,177,499,254,0.599491536617279
sub_1260,006045_jpg.rf.bcbfa17dad28e73b645dc690d0aedb04.jpg,1,66,133,136,198,0.6361944675445557
sub_1261,006046_jpg.rf.3eb52974eb47af7d38bf58fd22047574.jpg,1,107,262,125,282,0.6884851455688477
sub_1262,006046_jpg.rf.3eb52974eb47af7d38bf58fd22047574.jpg,1,28,200,50,223,0.47978121042251587
sub_1263,006049_jpg.rf.610c37eb161f5edf86e6a33dfc7238df.jpg,1,403,87,430,121,0.8180941939353943
sub_1264,006049_jpg.rf.610c37eb161f5edf86e6a33dfc7238df.jpg,1,261,92,294,128,0.7782559394836426
sub_1265,006049_jpg.rf.610c37eb161f5edf86e6a33dfc7238df.jpg,1,224,155,250,180,0.7656534314155579
sub_1266,006053_jpg.rf.0c54257ac1b4499a167315d856f85682.jpg,1,338,95,367,132,0.8195779323577881
sub_1267,006053_jpg.rf.0c54257ac1b4499a167315d856f85682.jpg,1,433,109,461,142,0.8004960417747498
sub_1268,006053_jpg.rf.0c54257ac1b4499a167315d856f85682.jpg,0,154,112,183,147,0.7872807383537292
sub_1269,006053_jpg.rf.0c54257ac1b4499a167315d856f85682.jpg,0,93,111,121,143,0.6728807687759399
sub_1270,006053_jpg.rf.0c54257ac1b4499a167315d856f85682.jpg,0,218,110,246,143,0.6622561812400818
sub_1271,006053_jpg.rf.0c54257ac1b4499a167315d856f85682.jpg,0,479,90,500,135,0.5463004112243652
sub_1272,006053_jpg.rf.0c54257ac1b4499a167315d856f85682.jpg,1,218,109,246,143,0.424422025680542
sub_1273,006053_jpg.rf.0c54257ac1b4499a167315d856f85682.jpg,1,66,132,85,154,0.41225719451904297
sub_1274,006055_jpg.rf.4dbca6066c8d5f89d24ccf6f52b72986.jpg,1,71,2,117,61,0.8780865669250488
sub_1275,006057_jpg.rf.2e3a7bef1e65c72af8441067f7f04677.jpg,1,216,87,254,125,0.8265272974967957
sub_1276,006057_jpg.rf.2e3a7bef1e65c72af8441067f7f04677.jpg,1,121,78,144,103,0.8118528127670288
sub_1277,006057_jpg.rf.2e3a7bef1e65c72af8441067f7f04677.jpg,1,79,86,101,111,0.7474366426467896
sub_1278,006057_jpg.rf.2e3a7bef1e65c72af8441067f7f04677.jpg,1,348,164,370,186,0.7118099927902222
sub_1279,006057_jpg.rf.2e3a7bef1e65c72af8441067f7f04677.jpg,1,12,95,28,116,0.6782501339912415
sub_1280,006058_jpg.rf.eeb6d33c816ad6cf96c17cfd7277ebf5.jpg,1,151,120,175,152,0.7483487129211426
sub_1281,006058_jpg.rf.eeb6d33c816ad6cf96c17cfd7277ebf5.jpg,1,335,131,358,164,0.7472224235534668
sub_1282,006058_jpg.rf.eeb6d33c816ad6cf96c17cfd7277ebf5.jpg,1,201,126,226,157,0.7446592450141907
sub_1283,006058_jpg.rf.eeb6d33c816ad6cf96c17cfd7277ebf5.jpg,1,241,130,265,160,0.7360827922821045
sub_1284,006058_jpg.rf.eeb6d33c816ad6cf96c17cfd7277ebf5.jpg,1,86,120,107,149,0.6577954292297363
sub_1285,006058_jpg.rf.eeb6d33c816ad6cf96c17cfd7277ebf5.jpg,1,280,142,297,169,0.574460506439209
sub_1286,006058_jpg.rf.eeb6d33c816ad6cf96c17cfd7277ebf5.jpg,1,294,139,310,169,0.43123024702072144
sub_1287,006058_jpg.rf.eeb6d33c816ad6cf96c17cfd7277ebf5.jpg,1,104,132,120,152,0.41254526376724243
sub_1288,006059_jpg.rf.b2732b7e81349a0005ab6e24705a122f.jpg,1,266,149,315,208,0.8742296695709229
sub_1289,006059_jpg.rf.b2732b7e81349a0005ab6e24705a122f.jpg,1,186,47,238,109,0.8533897399902344
sub_1290,006059_jpg.rf.b2732b7e81349a0005ab6e24705a122f.jpg,1,179,139,241,204,0.8409748673439026
sub_1291,006059_jpg.rf.b2732b7e81349a0005ab6e24705a122f.jpg,1,358,31,405,99,0.8325170278549194
sub_1292,006060_jpg.rf.c6725d966e6987f1841a3d484e66d85f.jpg,1,346,118,391,168,0.8386030197143555
sub_1293,006060_jpg.rf.c6725d966e6987f1841a3d484e66d85f.jpg,1,243,133,292,191,0.8125132918357849
sub_1294,006060_jpg.rf.c6725d966e6987f1841a3d484e66d85f.jpg,1,394,112,431,153,0.7770934700965881
sub_1295,006060_jpg.rf.c6725d966e6987f1841a3d484e66d85f.jpg,1,37,23,60,49,0.6965366005897522
sub_1296,006060_jpg.rf.c6725d966e6987f1841a3d484e66d85f.jpg,1,105,47,126,70,0.5359531044960022
sub_1297,006060_jpg.rf.c6725d966e6987f1841a3d484e66d85f.jpg,1,211,41,229,61,0.44223251938819885
sub_1298,006063_jpg.rf.a8a350aa4dfa9e6b840c945062e8209f.jpg,1,166,102,194,140,0.8312199115753174
sub_1299,006063_jpg.rf.a8a350aa4dfa9e6b840c945062e8209f.jpg,1,367,115,401,153,0.8236716985702515
sub_1300,006063_jpg.rf.a8a350aa4dfa9e6b840c945062e8209f.jpg,0,192,114,213,145,0.6436766982078552
sub_1301,006064_jpg.rf.c2698dc6ee82a509aa7c2294fd3d7120.jpg,1,393,209,414,233,0.814356803894043
sub_1302,006064_jpg.rf.c2698dc6ee82a509aa7c2294fd3d7120.jpg,1,334,216,350,235,0.7483715415000916
sub_1303,006067_jpg.rf.0e13d68e1897c01a5e84fa75855d2bf8.jpg,1,46,21,178,157,0.8661132454872131
sub_1304,006068_jpg.rf.9e8903f3883a4127055f494d9d77cf18.jpg,1,115,1,199,78,0.8922038078308105
sub_1305,006068_jpg.rf.9e8903f3883a4127055f494d9d77cf18.jpg,1,234,4,369,161,0.6924761533737183
sub_1306,006069_jpg.rf.599431db6cd915a97cb70aac768dccd2.jpg,1,314,150,351,190,0.8392723798751831
sub_1307,006069_jpg.rf.599431db6cd915a97cb70aac768dccd2.jpg,1,48,64,127,123,0.7958636283874512
sub_1308,006070_jpg.rf.fefe0f88b54895eba2f9e5c0233a96d8.jpg,1,164,17,222,92,0.8800730109214783
sub_1309,006070_jpg.rf.fefe0f88b54895eba2f9e5c0233a96d8.jpg,1,203,49,270,141,0.8606871366500854
sub_1310,006073_jpg.rf.da448032f15e4ed848fa4a129a9a4240.jpg,1,69,67,103,106,0.8704867959022522
sub_1311,006073_jpg.rf.da448032f15e4ed848fa4a129a9a4240.jpg,1,115,79,141,112,0.8472220301628113
sub_1312,006073_jpg.rf.da448032f15e4ed848fa4a129a9a4240.jpg,1,175,63,202,98,0.8194611072540283
sub_1313,006073_jpg.rf.da448032f15e4ed848fa4a129a9a4240.jpg,1,368,84,396,116,0.7973824143409729
sub_1314,006073_jpg.rf.da448032f15e4ed848fa4a129a9a4240.jpg,1,138,76,160,109,0.7968735098838806
sub_1315,006073_jpg.rf.da448032f15e4ed848fa4a129a9a4240.jpg,1,315,84,339,115,0.7911078929901123
sub_1316,006073_jpg.rf.da448032f15e4ed848fa4a129a9a4240.jpg,1,35,69,57,99,0.7669918537139893
sub_1317,006073_jpg.rf.da448032f15e4ed848fa4a129a9a4240.jpg,1,258,75,280,108,0.7270570397377014
sub_1318,006073_jpg.rf.da448032f15e4ed848fa4a129a9a4240.jpg,1,275,74,296,105,0.6570537686347961
sub_1319,006073_jpg.rf.da448032f15e4ed848fa4a129a9a4240.jpg,1,97,99,117,120,0.6052510142326355
sub_1320,006073_jpg.rf.da448032f15e4ed848fa4a129a9a4240.jpg,1,243,79,262,106,0.5362681150436401
sub_1321,006073_jpg.rf.da448032f15e4ed848fa4a129a9a4240.jpg,1,214,92,228,109,0.4951325058937073
sub_1322,006074_jpg.rf.4e34df0a847fd0df5362bd153e4e88c6.jpg,1,334,119,363,154,0.8050587177276611
sub_1323,006074_jpg.rf.4e34df0a847fd0df5362bd153e4e88c6.jpg,1,228,108,258,143,0.797541618347168
sub_1324,006077_jpg.rf.4469aeff6f2c0031e95cfc302862ebb6.jpg,1,0,122,35,164,0.8711534738540649
sub_1325,006077_jpg.rf.4469aeff6f2c0031e95cfc302862ebb6.jpg,1,210,146,232,174,0.8293613791465759
sub_1326,006077_jpg.rf.4469aeff6f2c0031e95cfc302862ebb6.jpg,1,94,144,117,175,0.7962126135826111
sub_1327,006077_jpg.rf.4469aeff6f2c0031e95cfc302862ebb6.jpg,1,416,147,445,177,0.7847752571105957
sub_1328,006077_jpg.rf.4469aeff6f2c0031e95cfc302862ebb6.jpg,1,154,145,180,173,0.7540831565856934
sub_1329,006077_jpg.rf.4469aeff6f2c0031e95cfc302862ebb6.jpg,0,121,136,147,164,0.7083341479301453
sub_1330,006077_jpg.rf.4469aeff6f2c0031e95cfc302862ebb6.jpg,1,31,133,61,167,0.5444104075431824
sub_1331,006077_jpg.rf.4469aeff6f2c0031e95cfc302862ebb6.jpg,1,121,134,146,165,0.4462493658065796
sub_1332,006079_jpg.rf.3a845938bf2f813fc9e6877b574aad02.jpg,0,270,69,291,94,0.8480608463287354
sub_1333,006079_jpg.rf.3a845938bf2f813fc9e6877b574aad02.jpg,0,58,64,80,91,0.809899628162384
sub_1334,006079_jpg.rf.3a845938bf2f813fc9e6877b574aad02.jpg,0,134,63,155,88,0.805656909942627
sub_1335,006079_jpg.rf.3a845938bf2f813fc9e6877b574aad02.jpg,0,330,80,348,102,0.8018831014633179
sub_1336,006079_jpg.rf.3a845938bf2f813fc9e6877b574aad02.jpg,0,347,67,368,94,0.7531415820121765
sub_1337,006079_jpg.rf.3a845938bf2f813fc9e6877b574aad02.jpg,0,191,71,208,91,0.7528045773506165
sub_1338,006079_jpg.rf.3a845938bf2f813fc9e6877b574aad02.jpg,0,300,78,318,98,0.7506261467933655
sub_1339,006079_jpg.rf.3a845938bf2f813fc9e6877b574aad02.jpg,0,214,73,232,96,0.7220168113708496
sub_1340,006079_jpg.rf.3a845938bf2f813fc9e6877b574aad02.jpg,0,19,64,42,90,0.7192890644073486
sub_1341,006079_jpg.rf.3a845938bf2f813fc9e6877b574aad02.jpg,0,161,75,177,95,0.6620566844940186
sub_1342,006079_jpg.rf.3a845938bf2f813fc9e6877b574aad02.jpg,0,258,72,272,93,0.6570918560028076
sub_1343,006079_jpg.rf.3a845938bf2f813fc9e6877b574aad02.jpg,0,88,80,106,102,0.6563488245010376
sub_1344,006079_jpg.rf.3a845938bf2f813fc9e6877b574aad02.jpg,0,3,65,22,88,0.43324801325798035
sub_1345,006080_jpg.rf.12cde4e460ffb8292152307206d0ab44.jpg,1,276,55,297,79,0.7061182260513306
sub_1346,006081_jpg.rf.be9ce0fb43613b686cd39cc0a1f4dccf.jpg,1,327,48,378,109,0.8711854219436646
sub_1347,006081_jpg.rf.be9ce0fb43613b686cd39cc0a1f4dccf.jpg,1,219,98,256,140,0.8584566116333008
sub_1348,006084_jpg.rf.7471a97fb97ac0ac0f946840015443e4.jpg,1,125,92,172,145,0.8664660453796387
sub_1349,006084_jpg.rf.7471a97fb97ac0ac0f946840015443e4.jpg,1,334,72,392,136,0.8615189790725708
sub_1350,006086_jpg.rf.f1be5571fb4bc12e985b752ebc529f66.jpg,1,381,62,419,105,0.8983014225959778
sub_1351,006086_jpg.rf.f1be5571fb4bc12e985b752ebc529f66.jpg,1,109,65,140,106,0.8402448296546936
sub_1352,006086_jpg.rf.f1be5571fb4bc12e985b752ebc529f66.jpg,1,243,66,269,101,0.8360514044761658
sub_1353,006086_jpg.rf.f1be5571fb4bc12e985b752ebc529f66.jpg,1,159,81,182,110,0.8347074389457703
sub_1354,006086_jpg.rf.f1be5571fb4bc12e985b752ebc529f66.jpg,1,0,30,45,84,0.8117535710334778
sub_1355,006086_jpg.rf.f1be5571fb4bc12e985b752ebc529f66.jpg,1,192,72,219,105,0.8040398359298706
sub_1356,006086_jpg.rf.f1be5571fb4bc12e985b752ebc529f66.jpg,1,41,43,75,89,0.8032236695289612
sub_1357,006087_jpg.rf.80d4ef41e3402e88a589d48ba39d5191.jpg,1,72,0,198,136,0.8704887628555298
sub_1358,006092_jpg.rf.81757224a70cd73c2ab3941e7f8d7a78.jpg,1,431,43,448,63,0.6075085401535034
sub_1359,006092_jpg.rf.81757224a70cd73c2ab3941e7f8d7a78.jpg,1,250,68,270,90,0.5711343884468079
sub_1360,006092_jpg.rf.81757224a70cd73c2ab3941e7f8d7a78.jpg,1,438,186,454,206,0.515205442905426
sub_1361,006095_jpg.rf.c0ccfb7d803b816ab29680c114ceac77.jpg,1,91,165,109,188,0.5424928665161133
sub_1362,006095_jpg.rf.c0ccfb7d803b816ab29680c114ceac77.jpg,1,190,297,206,313,0.4444581866264343
sub_1363,006099_jpg.rf.7ab62ea3e22ee1328ddf677abb111ed3.jpg,1,69,107,118,172,0.88140869140625
sub_1364,006099_jpg.rf.7ab62ea3e22ee1328ddf677abb111ed3.jpg,1,137,61,191,130,0.8755578994750977
sub_1365,006099_jpg.rf.7ab62ea3e22ee1328ddf677abb111ed3.jpg,1,293,58,368,142,0.8637099862098694
sub_1366,006099_jpg.rf.7ab62ea3e22ee1328ddf677abb111ed3.jpg,1,259,26,313,98,0.8457167148590088
sub_1367,006099_jpg.rf.7ab62ea3e22ee1328ddf677abb111ed3.jpg,1,379,45,427,99,0.40948954224586487
sub_1368,006104_jpg.rf.afcf09cd6d445a1a96d7294be6b750d3.jpg,1,337,101,404,193,0.864193856716156
sub_1369,006104_jpg.rf.afcf09cd6d445a1a96d7294be6b750d3.jpg,1,234,90,306,182,0.8306105732917786
sub_1370,006106_jpg.rf.597c92a5b681d664fcffa83b62e83545.jpg,1,219,117,265,164,0.8405249714851379
sub_1371,006106_jpg.rf.597c92a5b681d664fcffa83b62e83545.jpg,1,62,181,80,202,0.622898519039154
sub_1372,006108_jpg.rf.d0209cb82d9db39ae10fe66cd319c3b3.jpg,1,364,35,434,109,0.8374494314193726
sub_1373,006110_jpg.rf.bb59217f0dfa76df2b64671f598a5aeb.jpg,1,168,118,217,180,0.8727575540542603
sub_1374,006110_jpg.rf.bb59217f0dfa76df2b64671f598a5aeb.jpg,1,19,101,80,173,0.870377779006958
sub_1375,006110_jpg.rf.bb59217f0dfa76df2b64671f598a5aeb.jpg,1,285,110,343,170,0.8383561372756958
sub_1376,006110_jpg.rf.bb59217f0dfa76df2b64671f598a5aeb.jpg,1,97,100,167,183,0.835615336894989
sub_1377,006110_jpg.rf.bb59217f0dfa76df2b64671f598a5aeb.jpg,0,250,112,288,165,0.7147579193115234
sub_1378,006111_jpg.rf.6a6d71e28d0d1595c6d4bd6f994325a5.jpg,0,188,99,228,148,0.9373327493667603
sub_1379,006111_jpg.rf.6a6d71e28d0d1595c6d4bd6f994325a5.jpg,0,353,53,415,127,0.8905060291290283
sub_1380,006111_jpg.rf.6a6d71e28d0d1595c6d4bd6f994325a5.jpg,0,275,99,317,150,0.8830491304397583
sub_1381,006111_jpg.rf.6a6d71e28d0d1595c6d4bd6f994325a5.jpg,0,111,114,148,157,0.8549522161483765
sub_1382,006111_jpg.rf.6a6d71e28d0d1595c6d4bd6f994325a5.jpg,0,74,136,98,165,0.5859003067016602
sub_1383,006112_jpg.rf.f1d9406c2a4fa84892e197a9431a0a89.jpg,1,164,135,253,229,0.8330053687095642
sub_1384,006113_jpg.rf.a98cc69384e1525f1d4edbb8117cac00.jpg,1,328,156,373,208,0.8773510456085205
sub_1385,006113_jpg.rf.a98cc69384e1525f1d4edbb8117cac00.jpg,1,59,167,111,224,0.8474164605140686
sub_1386,006113_jpg.rf.a98cc69384e1525f1d4edbb8117cac00.jpg,1,20,183,61,230,0.8384644389152527
sub_1387,006113_jpg.rf.a98cc69384e1525f1d4edbb8117cac00.jpg,1,117,238,139,266,0.7492771744728088
sub_1388,006115_jpg.rf.e8c80ed3c1d21ac40f8091745fc309a2.jpg,1,342,107,386,153,0.8776311874389648
sub_1389,006115_jpg.rf.e8c80ed3c1d21ac40f8091745fc309a2.jpg,1,42,74,93,129,0.8726232051849365
sub_1390,006115_jpg.rf.e8c80ed3c1d21ac40f8091745fc309a2.jpg,1,226,83,253,118,0.8215292692184448
sub_1391,006115_jpg.rf.e8c80ed3c1d21ac40f8091745fc309a2.jpg,1,273,86,300,120,0.7758934497833252
sub_1392,006117_jpg.rf.c872386bfab876e6afb3e384f5ea0780.jpg,1,440,82,494,137,0.8341840505599976
sub_1393,006117_jpg.rf.c872386bfab876e6afb3e384f5ea0780.jpg,1,245,99,274,135,0.7626966834068298
sub_1394,006117_jpg.rf.c872386bfab876e6afb3e384f5ea0780.jpg,1,201,92,221,115,0.6303616166114807
sub_1395,006117_jpg.rf.c872386bfab876e6afb3e384f5ea0780.jpg,1,291,116,312,139,0.4406414330005646
sub_1396,006118_jpg.rf.47a353ec6cbe50ae4dbdb48702648546.jpg,1,185,7,249,95,0.8461477160453796
sub_1397,006122_jpg.rf.72520af3c30bfc6de8544d8c31f35578.jpg,1,108,78,182,166,0.877833366394043
sub_1398,006122_jpg.rf.72520af3c30bfc6de8544d8c31f35578.jpg,1,214,31,267,95,0.876978874206543
sub_1399,006123_jpg.rf.021bb6a0cf733579d336e697fc4bb50a.jpg,1,166,61,243,159,0.8686282634735107
sub_1400,006127_jpg.rf.788ef41ed621ec220b5e66bae3a42ab6.jpg,0,155,112,181,142,0.8765282034873962
sub_1401,006127_jpg.rf.788ef41ed621ec220b5e66bae3a42ab6.jpg,0,56,105,83,136,0.8726634383201599
sub_1402,006127_jpg.rf.788ef41ed621ec220b5e66bae3a42ab6.jpg,0,104,115,129,146,0.8654805421829224
sub_1403,006127_jpg.rf.788ef41ed621ec220b5e66bae3a42ab6.jpg,0,200,105,223,134,0.8137548565864563
sub_1404,006127_jpg.rf.788ef41ed621ec220b5e66bae3a42ab6.jpg,0,237,103,263,135,0.7702463269233704
sub_1405,006127_jpg.rf.788ef41ed621ec220b5e66bae3a42ab6.jpg,0,288,102,308,125,0.7608240842819214
sub_1406,006127_jpg.rf.788ef41ed621ec220b5e66bae3a42ab6.jpg,0,93,105,112,130,0.7302990555763245
sub_1407,006127_jpg.rf.788ef41ed621ec220b5e66bae3a42ab6.jpg,0,258,116,275,136,0.5942466259002686
sub_1408,006128_jpg.rf.00cb2a85995d0c659eb113e3d788ab1b.jpg,1,69,78,422,536,0.9256095886230469
sub_1409,006129_jpg.rf.524dc5d9e3a71b200c4f1aee04b673c3.jpg,1,392,28,457,88,0.802918553352356
sub_1410,006129_jpg.rf.524dc5d9e3a71b200c4f1aee04b673c3.jpg,0,293,241,336,284,0.42438217997550964
sub_1411,006130_jpg.rf.e710fd46ebf2e6e1cddf85e4002f1fa9.jpg,1,153,121,178,158,0.8275671601295471
sub_1412,006130_jpg.rf.e710fd46ebf2e6e1cddf85e4002f1fa9.jpg,1,114,106,142,143,0.8265800476074219
sub_1413,006130_jpg.rf.e710fd46ebf2e6e1cddf85e4002f1fa9.jpg,1,181,128,200,152,0.7406333684921265
sub_1414,006130_jpg.rf.e710fd46ebf2e6e1cddf85e4002f1fa9.jpg,1,329,114,367,155,0.630635142326355
sub_1415,006130_jpg.rf.e710fd46ebf2e6e1cddf85e4002f1fa9.jpg,1,359,121,389,154,0.5756360292434692
sub_1416,006133_jpg.rf.78bf945a029ea142c1bebc1bdfd8668c.jpg,1,195,190,230,230,0.8459104299545288
sub_1417,006133_jpg.rf.78bf945a029ea142c1bebc1bdfd8668c.jpg,1,110,209,146,253,0.838215708732605
sub_1418,006134_jpg.rf.1d0b2e8fd1996153cdddb540859e49c1.jpg,1,123,67,230,185,0.8873187899589539
sub_1419,006134_jpg.rf.1d0b2e8fd1996153cdddb540859e49c1.jpg,1,243,1,298,64,0.8678739070892334
sub_1420,006135_jpg.rf.4c85b71d8fed4678a810ea02c2c619e1.jpg,1,240,139,269,167,0.8232293128967285
sub_1421,006135_jpg.rf.4c85b71d8fed4678a810ea02c2c619e1.jpg,1,57,15,74,33,0.457565575838089
sub_1422,006137_jpg.rf.dc4d0817baa48f45af89fad513c83920.jpg,1,62,79,127,142,0.8389886617660522
sub_1423,006137_jpg.rf.dc4d0817baa48f45af89fad513c83920.jpg,1,188,30,219,76,0.7582017779350281
sub_1424,006138_jpg.rf.6691971dd1f10d557a6fcba43e51787a.jpg,0,375,153,407,188,0.8668564558029175
sub_1425,006138_jpg.rf.6691971dd1f10d557a6fcba43e51787a.jpg,0,314,156,356,204,0.8600199818611145
sub_1426,006138_jpg.rf.6691971dd1f10d557a6fcba43e51787a.jpg,0,141,160,173,198,0.8372682332992554
sub_1427,006138_jpg.rf.6691971dd1f10d557a6fcba43e51787a.jpg,0,236,159,266,193,0.8212201595306396
sub_1428,006138_jpg.rf.6691971dd1f10d557a6fcba43e51787a.jpg,0,55,176,79,203,0.781901478767395
sub_1429,006138_jpg.rf.6691971dd1f10d557a6fcba43e51787a.jpg,0,190,173,211,200,0.7352566123008728
sub_1430,006138_jpg.rf.6691971dd1f10d557a6fcba43e51787a.jpg,0,291,177,306,197,0.5753340721130371
sub_1431,006138_jpg.rf.6691971dd1f10d557a6fcba43e51787a.jpg,0,267,174,283,197,0.4654487073421478
sub_1432,006139_jpg.rf.6ffb53b01eff76279476e293ed9d3e9e.jpg,1,385,66,442,141,0.8864675760269165
sub_1433,006139_jpg.rf.6ffb53b01eff76279476e293ed9d3e9e.jpg,1,69,52,145,142,0.8829660415649414
sub_1434,006139_jpg.rf.6ffb53b01eff76279476e293ed9d3e9e.jpg,1,189,52,254,133,0.845885694026947
sub_1435,006139_jpg.rf.6ffb53b01eff76279476e293ed9d3e9e.jpg,1,303,115,334,154,0.837572455406189
sub_1436,006139_jpg.rf.6ffb53b01eff76279476e293ed9d3e9e.jpg,1,139,99,173,144,0.8311388492584229
sub_1437,006139_jpg.rf.6ffb53b01eff76279476e293ed9d3e9e.jpg,1,0,114,23,147,0.7497618198394775
sub_1438,006139_jpg.rf.6ffb53b01eff76279476e293ed9d3e9e.jpg,1,243,97,272,138,0.7180774211883545
sub_1439,006139_jpg.rf.6ffb53b01eff76279476e293ed9d3e9e.jpg,1,443,231,470,270,0.5732979774475098
sub_1440,006140_jpg.rf.56d759cbd11d71cd96d46ebe96dae95c.jpg,1,300,67,363,133,0.836115837097168
sub_1441,006140_jpg.rf.56d759cbd11d71cd96d46ebe96dae95c.jpg,1,237,83,273,122,0.4743509292602539
sub_1442,006142_jpg.rf.831f6c1a9ccb08f41dc78d5701f81247.jpg,1,49,22,144,115,0.8164333701133728
sub_1443,006146_jpg.rf.94ed10c0a5a575e5739701e7ac598b2b.jpg,1,237,583,451,846,0.8901283740997314
sub_1444,006147_jpg.rf.562f8496b4208ab15e082f50492741d8.jpg,1,196,17,215,39,0.6961141228675842
sub_1445,006150_jpg.rf.9f65fca5abd26517a97979dabd2b6e16.jpg,1,94,25,147,97,0.8819541335105896
sub_1446,006150_jpg.rf.9f65fca5abd26517a97979dabd2b6e16.jpg,1,183,57,217,105,0.8683085441589355
sub_1447,006150_jpg.rf.9f65fca5abd26517a97979dabd2b6e16.jpg,1,56,58,91,102,0.8320106267929077
sub_1448,006150_jpg.rf.9f65fca5abd26517a97979dabd2b6e16.jpg,1,214,35,273,100,0.8312035202980042
sub_1449,006150_jpg.rf.9f65fca5abd26517a97979dabd2b6e16.jpg,1,332,65,378,115,0.8278878331184387
sub_1450,006152_jpg.rf.6fedb26b2d8dd5838fac725352d63da1.jpg,1,100,84,186,189,0.8689864873886108
sub_1451,006152_jpg.rf.6fedb26b2d8dd5838fac725352d63da1.jpg,1,181,53,246,130,0.8421891927719116
sub_1452,006152_jpg.rf.6fedb26b2d8dd5838fac725352d63da1.jpg,1,302,89,356,148,0.7995575666427612
sub_1453,006154_jpg.rf.5b5307a3220194c6e960302d092fdc57.jpg,1,257,112,295,155,0.8656485676765442
sub_1454,006156_jpg.rf.f0d678382748b9a50d4bb2752216c142.jpg,1,355,48,491,223,0.9134359955787659
sub_1455,006157_jpg.rf.b5dee8d3507943b38c43025638e56390.jpg,1,28,137,101,203,0.8422832489013672
sub_1456,006157_jpg.rf.b5dee8d3507943b38c43025638e56390.jpg,1,106,159,149,201,0.8304118514060974
sub_1457,006157_jpg.rf.b5dee8d3507943b38c43025638e56390.jpg,1,436,231,470,263,0.7816281914710999
sub_1458,006157_jpg.rf.b5dee8d3507943b38c43025638e56390.jpg,1,153,163,185,195,0.7740072011947632
sub_1459,006159_jpg.rf.db82f1b68e9cdcd8b63a14688d553e4e.jpg,1,322,3,496,147,0.8831866979598999
sub_1460,006160_jpg.rf.cd5defd42723d2236717f6cf80e69dbb.jpg,1,85,11,176,106,0.87177973985672
sub_1461,006160_jpg.rf.cd5defd42723d2236717f6cf80e69dbb.jpg,1,334,95,350,112,0.6728155612945557
sub_1462,006161_jpg.rf.6267be3a4685821965c12141e3c0dab8.jpg,1,106,45,200,138,0.8434412479400635
sub_1463,006162_jpg.rf.c2dafd2447e89aa47c1f6379bd867498.jpg,1,338,52,390,117,0.8633627891540527
sub_1464,006162_jpg.rf.c2dafd2447e89aa47c1f6379bd867498.jpg,1,276,36,317,91,0.8602722883224487
sub_1465,006162_jpg.rf.c2dafd2447e89aa47c1f6379bd867498.jpg,1,166,30,217,92,0.8492738604545593
sub_1466,006162_jpg.rf.c2dafd2447e89aa47c1f6379bd867498.jpg,1,390,53,430,109,0.8248555064201355
sub_1467,006165_jpg.rf.f127ea053fcdf16fbf8115067d3a5c74.jpg,1,248,143,265,163,0.716370701789856
sub_1468,006165_jpg.rf.f127ea053fcdf16fbf8115067d3a5c74.jpg,1,272,142,286,162,0.4820452928543091
sub_1469,006166_jpg.rf.5d004558ff406ac9e30633a0200f3c31.jpg,1,145,100,257,231,0.8868525624275208
sub_1470,006166_jpg.rf.5d004558ff406ac9e30633a0200f3c31.jpg,1,271,3,450,125,0.8330624103546143
sub_1471,006167_jpg.rf.a7356fde493c219c10693b7f7c6c59a7.jpg,1,188,0,353,143,0.8584054112434387
sub_1472,006169_jpg.rf.fef7505d0e0933203ee6290c064f3c86.jpg,1,127,18,141,33,0.7684290409088135
sub_1473,006169_jpg.rf.fef7505d0e0933203ee6290c064f3c86.jpg,1,108,40,123,55,0.6971310973167419
sub_1474,006170_jpg.rf.fd2077959d3ae7201f3ba8c4784b8b18.jpg,1,397,146,462,211,0.8618671298027039
sub_1475,006170_jpg.rf.fd2077959d3ae7201f3ba8c4784b8b18.jpg,1,243,150,272,180,0.7429156303405762
sub_1476,006170_jpg.rf.fd2077959d3ae7201f3ba8c4784b8b18.jpg,1,328,203,374,247,0.7373785376548767
sub_1477,006170_jpg.rf.fd2077959d3ae7201f3ba8c4784b8b18.jpg,1,269,159,303,194,0.6851102113723755
sub_1478,006170_jpg.rf.fd2077959d3ae7201f3ba8c4784b8b18.jpg,1,344,116,365,140,0.6751696467399597
sub_1479,006170_jpg.rf.fd2077959d3ae7201f3ba8c4784b8b18.jpg,1,362,125,379,145,0.6158071756362915
sub_1480,006170_jpg.rf.fd2077959d3ae7201f3ba8c4784b8b18.jpg,1,70,134,90,155,0.6003297567367554
sub_1481,006170_jpg.rf.fd2077959d3ae7201f3ba8c4784b8b18.jpg,1,50,143,83,172,0.5569425225257874
sub_1482,006170_jpg.rf.fd2077959d3ae7201f3ba8c4784b8b18.jpg,0,431,131,457,156,0.5441339015960693
sub_1483,006170_jpg.rf.fd2077959d3ae7201f3ba8c4784b8b18.jpg,1,288,120,304,139,0.5212541222572327
sub_1484,006170_jpg.rf.fd2077959d3ae7201f3ba8c4784b8b18.jpg,1,327,110,344,133,0.4809513986110687
sub_1485,006170_jpg.rf.fd2077959d3ae7201f3ba8c4784b8b18.jpg,1,67,134,91,164,0.4775979220867157
sub_1486,006170_jpg.rf.fd2077959d3ae7201f3ba8c4784b8b18.jpg,1,80,118,101,139,0.42829588055610657
sub_1487,006171_jpg.rf.37df6b66405ac88c9fa287f39f3a4845.jpg,0,174,109,224,171,0.8903205394744873
sub_1488,006171_jpg.rf.37df6b66405ac88c9fa287f39f3a4845.jpg,0,32,40,116,139,0.8862364292144775
sub_1489,006171_jpg.rf.37df6b66405ac88c9fa287f39f3a4845.jpg,0,298,75,373,166,0.8718850016593933
sub_1490,006171_jpg.rf.37df6b66405ac88c9fa287f39f3a4845.jpg,0,109,143,139,182,0.7513852715492249
sub_1491,006173_jpg.rf.2fa913ed0c0396d59998c271737a33fc.jpg,0,124,91,182,157,0.9146633148193359
sub_1492,006173_jpg.rf.2fa913ed0c0396d59998c271737a33fc.jpg,0,256,114,302,171,0.8828712105751038
sub_1493,006173_jpg.rf.2fa913ed0c0396d59998c271737a33fc.jpg,0,412,104,455,158,0.8679754137992859
sub_1494,006173_jpg.rf.2fa913ed0c0396d59998c271737a33fc.jpg,0,339,137,377,182,0.8449662923812866
sub_1495,006173_jpg.rf.2fa913ed0c0396d59998c271737a33fc.jpg,0,195,150,223,191,0.4718571901321411
sub_1496,006174_jpg.rf.8d3cc798d9eb2e50c023afb4cd9c1dab.jpg,1,128,51,208,140,0.8954251408576965
sub_1497,006174_jpg.rf.8d3cc798d9eb2e50c023afb4cd9c1dab.jpg,1,311,13,401,105,0.8931446075439453
sub_1498,006174_jpg.rf.8d3cc798d9eb2e50c023afb4cd9c1dab.jpg,1,22,0,117,87,0.8753489255905151
sub_1499,006178_jpg.rf.a602d5d48bc4d54115f44de14fa664c0.jpg,1,433,199,465,233,0.8104053735733032
sub_1500,006178_jpg.rf.a602d5d48bc4d54115f44de14fa664c0.jpg,1,387,187,413,218,0.7510628700256348
sub_1501,006182_jpg.rf.44e8052896e5ed87c585ceeb0e60c26b.jpg,1,287,266,306,286,0.6427176594734192
sub_1502,006183_jpg.rf.16b6e368471526049717d2ccdf1d75aa.jpg,0,72,94,99,127,0.8355589509010315
sub_1503,006183_jpg.rf.16b6e368471526049717d2ccdf1d75aa.jpg,0,189,99,209,125,0.8170347809791565
sub_1504,006183_jpg.rf.16b6e368471526049717d2ccdf1d75aa.jpg,0,153,94,177,123,0.7863436341285706
sub_1505,006183_jpg.rf.16b6e368471526049717d2ccdf1d75aa.jpg,0,291,98,317,129,0.7701982259750366
sub_1506,006183_jpg.rf.16b6e368471526049717d2ccdf1d75aa.jpg,1,347,98,369,125,0.7663735747337341
sub_1507,006187_jpg.rf.747d45f335879e22b94a23fdb7a75437.jpg,1,128,98,143,116,0.746363639831543
sub_1508,006187_jpg.rf.747d45f335879e22b94a23fdb7a75437.jpg,1,302,137,316,154,0.6024855971336365
sub_1509,006187_jpg.rf.747d45f335879e22b94a23fdb7a75437.jpg,1,172,95,189,113,0.6024044752120972
sub_1510,006187_jpg.rf.747d45f335879e22b94a23fdb7a75437.jpg,1,202,104,218,122,0.6002647876739502
sub_1511,006187_jpg.rf.747d45f335879e22b94a23fdb7a75437.jpg,1,271,123,287,141,0.5795096158981323
sub_1512,006187_jpg.rf.747d45f335879e22b94a23fdb7a75437.jpg,1,326,161,341,179,0.5536229014396667
sub_1513,006189_jpg.rf.11016e768285c5309a3046d0e3de1f01.jpg,1,252,35,351,154,0.8631691932678223
sub_1514,006189_jpg.rf.11016e768285c5309a3046d0e3de1f01.jpg,1,167,51,264,160,0.7784467339515686
sub_1515,006189_jpg.rf.11016e768285c5309a3046d0e3de1f01.jpg,1,335,63,393,145,0.6407690644264221
sub_1516,006194_jpg.rf.dde465e0a0165974df1fd985385380b1.jpg,1,274,74,338,155,0.8955152034759521
sub_1517,006194_jpg.rf.dde465e0a0165974df1fd985385380b1.jpg,1,408,57,463,131,0.8894885182380676
sub_1518,006194_jpg.rf.dde465e0a0165974df1fd985385380b1.jpg,1,50,50,98,120,0.8777248859405518
sub_1519,006194_jpg.rf.dde465e0a0165974df1fd985385380b1.jpg,1,128,58,183,135,0.8746605515480042
sub_1520,006194_jpg.rf.dde465e0a0165974df1fd985385380b1.jpg,1,203,89,232,135,0.7803402543067932
sub_1521,006194_jpg.rf.dde465e0a0165974df1fd985385380b1.jpg,1,453,94,477,131,0.6363544464111328
sub_1522,006194_jpg.rf.dde465e0a0165974df1fd985385380b1.jpg,1,372,107,391,135,0.5133375525474548
sub_1523,006197_jpg.rf.1ee6f1e8be1d1e4fe9390fc13da30614.jpg,1,339,117,378,166,0.8715237975120544
sub_1524,006197_jpg.rf.1ee6f1e8be1d1e4fe9390fc13da30614.jpg,1,92,26,155,106,0.8301756978034973
sub_1525,006197_jpg.rf.1ee6f1e8be1d1e4fe9390fc13da30614.jpg,1,257,187,287,221,0.7284345030784607
sub_1526,006197_jpg.rf.1ee6f1e8be1d1e4fe9390fc13da30614.jpg,1,156,136,181,169,0.7012932896614075
sub_1527,006198_jpg.rf.43a5b8cb1682ca2c6ebea7e2da0ef263.jpg,1,332,25,581,286,0.8612248301506042
sub_1528,006200_jpg.rf.04a8dee343747dca93c6103cf462235a.jpg,1,88,290,171,392,0.8730501532554626
sub_1529,006200_jpg.rf.04a8dee343747dca93c6103cf462235a.jpg,1,373,396,426,459,0.8552395701408386
sub_1530,006200_jpg.rf.04a8dee343747dca93c6103cf462235a.jpg,1,337,15,372,56,0.8408946990966797
sub_1531,006200_jpg.rf.04a8dee343747dca93c6103cf462235a.jpg,1,263,8,300,48,0.7788402438163757
sub_1532,006200_jpg.rf.04a8dee343747dca93c6103cf462235a.jpg,1,20,361,60,401,0.7733488082885742
sub_1533,006202_jpg.rf.565f9f7e785f081ba8b1db46494cec2c.jpg,1,215,15,277,85,0.8654010891914368
sub_1534,006202_jpg.rf.565f9f7e785f081ba8b1db46494cec2c.jpg,1,51,114,106,163,0.8348097801208496
sub_1535,006204_jpg.rf.8043c60af75b03eb6c594c9a7eaf776d.jpg,1,422,161,442,181,0.6588963270187378
sub_1536,006205_jpg.rf.6b39ec56c23f70748fa76d530a1bb48e.jpg,1,193,3,254,71,0.8176127672195435
sub_1537,006206_jpg.rf.4d9ffda4472c2aa6968067c9c01520d4.jpg,1,183,66,214,104,0.8623355627059937
sub_1538,006206_jpg.rf.4d9ffda4472c2aa6968067c9c01520d4.jpg,1,301,91,363,150,0.8520058989524841
sub_1539,006206_jpg.rf.4d9ffda4472c2aa6968067c9c01520d4.jpg,1,155,129,192,166,0.8440068960189819
sub_1540,006206_jpg.rf.4d9ffda4472c2aa6968067c9c01520d4.jpg,1,103,117,151,166,0.8367592692375183
sub_1541,006206_jpg.rf.4d9ffda4472c2aa6968067c9c01520d4.jpg,1,264,113,298,152,0.8356688022613525
sub_1542,006206_jpg.rf.4d9ffda4472c2aa6968067c9c01520d4.jpg,1,327,55,373,101,0.8136473894119263
sub_1543,006206_jpg.rf.4d9ffda4472c2aa6968067c9c01520d4.jpg,1,220,72,237,92,0.7369117736816406
sub_1544,006208_jpg.rf.1ac75411c34079c68251a05a287f363a.jpg,1,228,3,405,193,0.8777514100074768
sub_1545,006210_jpg.rf.8de6c25a3e7e1805e02f0a0a4510cb93.jpg,1,213,68,249,114,0.8527659177780151
sub_1546,006210_jpg.rf.8de6c25a3e7e1805e02f0a0a4510cb93.jpg,1,261,79,294,119,0.7534367442131042
sub_1547,006211_jpg.rf.dc279a08460f5ef58a65ce2f359db3d0.jpg,1,167,169,225,240,0.8718889951705933
sub_1548,006211_jpg.rf.dc279a08460f5ef58a65ce2f359db3d0.jpg,1,348,193,386,240,0.8710063099861145
sub_1549,006211_jpg.rf.dc279a08460f5ef58a65ce2f359db3d0.jpg,1,269,200,315,260,0.8517061471939087
sub_1550,006211_jpg.rf.dc279a08460f5ef58a65ce2f359db3d0.jpg,1,109,193,146,241,0.8246324062347412
sub_1551,006211_jpg.rf.dc279a08460f5ef58a65ce2f359db3d0.jpg,1,24,214,65,261,0.8145911693572998
sub_1552,006211_jpg.rf.dc279a08460f5ef58a65ce2f359db3d0.jpg,1,301,187,335,229,0.6637786030769348
sub_1553,006212_jpg.rf.edd8338ef79ae380a9aa1959d4f3fcb2.jpg,0,207,47,244,90,0.9066812992095947
sub_1554,006212_jpg.rf.edd8338ef79ae380a9aa1959d4f3fcb2.jpg,0,401,81,438,124,0.8775970339775085
sub_1555,006212_jpg.rf.edd8338ef79ae380a9aa1959d4f3fcb2.jpg,0,340,75,369,112,0.8582615256309509
sub_1556,006212_jpg.rf.edd8338ef79ae380a9aa1959d4f3fcb2.jpg,0,290,59,324,103,0.8526267409324646
sub_1557,006212_jpg.rf.edd8338ef79ae380a9aa1959d4f3fcb2.jpg,0,35,54,67,94,0.8517572283744812
sub_1558,006214_jpg.rf.2f47da7ace62b3e31cc635b5f4400743.jpg,1,409,69,500,185,0.8840058445930481
sub_1559,006214_jpg.rf.2f47da7ace62b3e31cc635b5f4400743.jpg,1,243,102,283,158,0.8714087009429932
sub_1560,006214_jpg.rf.2f47da7ace62b3e31cc635b5f4400743.jpg,1,37,60,120,161,0.8501974940299988
sub_1561,006214_jpg.rf.2f47da7ace62b3e31cc635b5f4400743.jpg,1,113,76,161,150,0.8393594622612
sub_1562,006214_jpg.rf.2f47da7ace62b3e31cc635b5f4400743.jpg,1,291,95,359,167,0.8366348743438721
sub_1563,006215_jpg.rf.d6fbb5253ed614574ae5e3a60bb1eee8.jpg,1,366,94,392,124,0.7640719413757324
sub_1564,006215_jpg.rf.d6fbb5253ed614574ae5e3a60bb1eee8.jpg,1,0,190,21,215,0.7464638352394104
sub_1565,006215_jpg.rf.d6fbb5253ed614574ae5e3a60bb1eee8.jpg,1,285,103,307,131,0.7262809872627258
sub_1566,006215_jpg.rf.d6fbb5253ed614574ae5e3a60bb1eee8.jpg,1,131,141,145,157,0.6400766968727112
sub_1567,006215_jpg.rf.d6fbb5253ed614574ae5e3a60bb1eee8.jpg,1,47,171,61,190,0.5499134659767151
sub_1568,006215_jpg.rf.d6fbb5253ed614574ae5e3a60bb1eee8.jpg,1,90,202,112,226,0.4988764822483063
sub_1569,006215_jpg.rf.d6fbb5253ed614574ae5e3a60bb1eee8.jpg,1,246,104,272,130,0.4451179802417755
sub_1570,006216_jpg.rf.07a2588862aa10a7e068245fec3932e0.jpg,1,9,147,59,195,0.8806370496749878
sub_1571,006216_jpg.rf.07a2588862aa10a7e068245fec3932e0.jpg,1,142,19,205,96,0.8535041213035583
sub_1572,006216_jpg.rf.07a2588862aa10a7e068245fec3932e0.jpg,1,301,96,334,128,0.7867118120193481
sub_1573,006216_jpg.rf.07a2588862aa10a7e068245fec3932e0.jpg,1,356,66,380,93,0.783878743648529
sub_1574,006216_jpg.rf.07a2588862aa10a7e068245fec3932e0.jpg,1,427,115,453,144,0.740928590297699
sub_1575,006217_jpg.rf.4a820e150542eda82b0e32ba10b7ab57.jpg,1,237,99,284,158,0.8692354559898376
sub_1576,006217_jpg.rf.4a820e150542eda82b0e32ba10b7ab57.jpg,1,288,137,348,206,0.8440417051315308
sub_1577,006218_jpg.rf.2eab3cef3a2ba719db35c9d8ede046f3.jpg,0,186,83,241,145,0.8458538055419922
sub_1578,006219_jpg.rf.fd3916e27d4bcc9cd3a19fe2c53c3791.jpg,1,211,96,253,144,0.8223392367362976
sub_1579,006219_jpg.rf.fd3916e27d4bcc9cd3a19fe2c53c3791.jpg,1,191,109,218,149,0.7966622114181519
sub_1580,006222_jpg.rf.81a969f8255bfc7115c86293ad8dd591.jpg,1,199,43,275,136,0.8736494183540344
sub_1581,006222_jpg.rf.81a969f8255bfc7115c86293ad8dd591.jpg,1,90,93,122,134,0.8377271294593811
sub_1582,006222_jpg.rf.81a969f8255bfc7115c86293ad8dd591.jpg,1,150,102,178,140,0.8314025402069092
sub_1583,006222_jpg.rf.81a969f8255bfc7115c86293ad8dd591.jpg,1,0,104,25,152,0.8219839930534363
sub_1584,006222_jpg.rf.81a969f8255bfc7115c86293ad8dd591.jpg,1,319,93,359,141,0.8219752907752991
sub_1585,006222_jpg.rf.81a969f8255bfc7115c86293ad8dd591.jpg,1,18,99,49,141,0.8150526881217957
sub_1586,006222_jpg.rf.81a969f8255bfc7115c86293ad8dd591.jpg,1,377,69,404,137,0.7455766797065735
sub_1587,006224_jpg.rf.fd2a2fd8d970b59428da3dc23d2999d6.jpg,1,339,101,364,132,0.7726590037345886
sub_1588,006224_jpg.rf.fd2a2fd8d970b59428da3dc23d2999d6.jpg,1,253,107,274,138,0.7690636515617371
sub_1589,006224_jpg.rf.fd2a2fd8d970b59428da3dc23d2999d6.jpg,1,132,121,152,144,0.6847335696220398
sub_1590,006224_jpg.rf.fd2a2fd8d970b59428da3dc23d2999d6.jpg,1,215,112,234,138,0.6165812611579895
sub_1591,006224_jpg.rf.fd2a2fd8d970b59428da3dc23d2999d6.jpg,1,297,125,312,146,0.5496078133583069
sub_1592,006224_jpg.rf.fd2a2fd8d970b59428da3dc23d2999d6.jpg,1,311,124,330,151,0.5023236274719238
sub_1593,006224_jpg.rf.fd2a2fd8d970b59428da3dc23d2999d6.jpg,1,164,114,191,143,0.4384988248348236
sub_1594,006224_jpg.rf.fd2a2fd8d970b59428da3dc23d2999d6.jpg,1,209,115,227,141,0.42053303122520447
sub_1595,006224_jpg.rf.fd2a2fd8d970b59428da3dc23d2999d6.jpg,1,179,120,193,145,0.41567161679267883
sub_1596,006226_jpg.rf.dae3ff761a607bb0ce957749827e6cd2.jpg,1,196,0,270,86,0.8550074696540833
sub_1597,006230_jpg.rf.332893a489510d51c37e489b53f2346a.jpg,1,144,32,217,119,0.8757850527763367
sub_1598,006230_jpg.rf.332893a489510d51c37e489b53f2346a.jpg,1,216,42,264,109,0.8088357448577881
sub_1599,006230_jpg.rf.332893a489510d51c37e489b53f2346a.jpg,1,322,7,362,59,0.6383840441703796
sub_1600,006230_jpg.rf.332893a489510d51c37e489b53f2346a.jpg,0,316,46,361,104,0.5299711227416992
sub_1601,006231_jpg.rf.916385115c747de08c5c0b686417ebe3.jpg,1,222,59,264,95,0.8603121042251587
sub_1602,006232_jpg.rf.fbe085e458113491d1b413b2dd39512d.jpg,1,183,154,380,414,0.8692920207977295
sub_1603,006233_jpg.rf.0c35a650a58fa65d17462ddd5799f279.jpg,1,257,192,294,230,0.832971453666687
sub_1604,006234_jpg.rf.1ad405d420d72ad6b9d2ba6d5933673a.jpg,1,123,53,275,259,0.8737939596176147
sub_1605,006240_jpg.rf.2d28a2becee92333d2e3ff4ebc3f307a.jpg,1,234,303,285,371,0.8403714299201965
sub_1606,006242_jpg.rf.611430ab24c1d7d6828cb5f150011ca6.jpg,1,153,148,180,178,0.8671920299530029
sub_1607,006242_jpg.rf.611430ab24c1d7d6828cb5f150011ca6.jpg,1,253,103,271,125,0.8253644108772278
sub_1608,006242_jpg.rf.611430ab24c1d7d6828cb5f150011ca6.jpg,1,99,103,116,123,0.8179845809936523
sub_1609,006244_jpg.rf.b9ebe4b41b87dbc91effc8fc81f42bb5.jpg,1,255,281,348,385,0.8679467439651489
sub_1610,006244_jpg.rf.b9ebe4b41b87dbc91effc8fc81f42bb5.jpg,1,152,253,246,360,0.8641918301582336
sub_1611,006245_jpg.rf.935024e226dbe787ae82cc6fc3c19c2a.jpg,1,189,24,275,137,0.8946580290794373
sub_1612,006246_jpg.rf.6b5513be17526dc2f8d2dec69b2567ef.jpg,1,336,40,380,94,0.8924605250358582
sub_1613,006246_jpg.rf.6b5513be17526dc2f8d2dec69b2567ef.jpg,1,76,155,121,205,0.8588590621948242
sub_1614,006246_jpg.rf.6b5513be17526dc2f8d2dec69b2567ef.jpg,1,251,166,293,207,0.7982365489006042
sub_1615,006248_jpg.rf.b09a347e6988abe9ea3232dce55c5904.jpg,0,315,86,341,121,0.7964214086532593
sub_1616,006248_jpg.rf.b09a347e6988abe9ea3232dce55c5904.jpg,0,407,97,434,129,0.7756565809249878
sub_1617,006248_jpg.rf.b09a347e6988abe9ea3232dce55c5904.jpg,0,151,94,174,123,0.7566260099411011
sub_1618,006248_jpg.rf.b09a347e6988abe9ea3232dce55c5904.jpg,0,254,91,275,117,0.7196459770202637
sub_1619,006248_jpg.rf.b09a347e6988abe9ea3232dce55c5904.jpg,0,189,96,215,131,0.6849515438079834
sub_1620,006248_jpg.rf.b09a347e6988abe9ea3232dce55c5904.jpg,0,352,96,370,118,0.6591170430183411
sub_1621,006248_jpg.rf.b09a347e6988abe9ea3232dce55c5904.jpg,0,138,95,152,118,0.6575126051902771
sub_1622,006248_jpg.rf.b09a347e6988abe9ea3232dce55c5904.jpg,0,122,93,137,111,0.6263808608055115
sub_1623,006248_jpg.rf.b09a347e6988abe9ea3232dce55c5904.jpg,0,437,95,456,121,0.5999490022659302
sub_1624,006248_jpg.rf.b09a347e6988abe9ea3232dce55c5904.jpg,0,54,95,71,115,0.5989469289779663
sub_1625,006248_jpg.rf.b09a347e6988abe9ea3232dce55c5904.jpg,0,70,90,87,111,0.524967610836029
sub_1626,006248_jpg.rf.b09a347e6988abe9ea3232dce55c5904.jpg,0,36,88,53,112,0.4398224949836731
sub_1627,006249_jpg.rf.d8071e7ab1d17520eacae9c8128c97aa.jpg,1,258,66,315,137,0.8575348258018494
sub_1628,006250_jpg.rf.8ee9f0298da28778b0a6e42fbabb9b7f.jpg,1,342,16,408,108,0.8841716051101685
sub_1629,006250_jpg.rf.8ee9f0298da28778b0a6e42fbabb9b7f.jpg,0,0,60,77,172,0.8736932873725891
sub_1630,006250_jpg.rf.8ee9f0298da28778b0a6e42fbabb9b7f.jpg,0,75,59,109,102,0.8666462302207947
sub_1631,006250_jpg.rf.8ee9f0298da28778b0a6e42fbabb9b7f.jpg,1,265,57,318,131,0.862108588218689
sub_1632,006250_jpg.rf.8ee9f0298da28778b0a6e42fbabb9b7f.jpg,0,160,46,218,123,0.8511874675750732
sub_1633,006250_jpg.rf.8ee9f0298da28778b0a6e42fbabb9b7f.jpg,0,120,62,165,124,0.8386667370796204
sub_1634,006250_jpg.rf.8ee9f0298da28778b0a6e42fbabb9b7f.jpg,0,399,66,436,112,0.7413817048072815
sub_1635,006250_jpg.rf.8ee9f0298da28778b0a6e42fbabb9b7f.jpg,0,324,51,357,111,0.6010997295379639
sub_1636,006252_jpg.rf.bfd0f634bbb64defa84f49ab0851f8c8.jpg,1,188,14,209,41,0.7446617484092712
sub_1637,006255_jpg.rf.66d29aca05a0c6d58af1266b3d535adc.jpg,1,75,117,101,150,0.8417826890945435
sub_1638,006255_jpg.rf.66d29aca05a0c6d58af1266b3d535adc.jpg,1,242,117,258,138,0.804836630821228
sub_1639,006255_jpg.rf.66d29aca05a0c6d58af1266b3d535adc.jpg,1,271,116,293,143,0.7889685034751892
sub_1640,006255_jpg.rf.66d29aca05a0c6d58af1266b3d535adc.jpg,1,110,121,137,155,0.7691367268562317
sub_1641,006255_jpg.rf.66d29aca05a0c6d58af1266b3d535adc.jpg,1,359,114,386,142,0.7583519816398621
sub_1642,006255_jpg.rf.66d29aca05a0c6d58af1266b3d535adc.jpg,1,33,126,55,155,0.7548476457595825
sub_1643,006255_jpg.rf.66d29aca05a0c6d58af1266b3d535adc.jpg,1,309,121,331,145,0.7081775069236755
sub_1644,006255_jpg.rf.66d29aca05a0c6d58af1266b3d535adc.jpg,0,171,122,193,148,0.6464848518371582
sub_1645,006255_jpg.rf.66d29aca05a0c6d58af1266b3d535adc.jpg,0,153,126,173,149,0.48929330706596375
sub_1646,006256_jpg.rf.ead1e51a969d75ba33f4505f25dd46d6.jpg,1,107,64,145,110,0.8945225477218628
sub_1647,006256_jpg.rf.ead1e51a969d75ba33f4505f25dd46d6.jpg,1,289,30,338,87,0.8644460439682007
sub_1648,006256_jpg.rf.ead1e51a969d75ba33f4505f25dd46d6.jpg,1,363,113,406,159,0.8549197912216187
sub_1649,006256_jpg.rf.ead1e51a969d75ba33f4505f25dd46d6.jpg,1,376,255,439,308,0.4787500202655792
sub_1650,006257_jpg.rf.409767cf74f671faab0d9704575ce519.jpg,1,299,126,375,191,0.7743321657180786
sub_1651,006261_jpg.rf.d0513c7d9a87eef60d8853556ac349c6.jpg,1,220,112,249,152,0.8253734707832336
sub_1652,006261_jpg.rf.d0513c7d9a87eef60d8853556ac349c6.jpg,0,292,121,316,150,0.821845293045044
sub_1653,006261_jpg.rf.d0513c7d9a87eef60d8853556ac349c6.jpg,0,131,125,157,154,0.7426669597625732
sub_1654,006261_jpg.rf.d0513c7d9a87eef60d8853556ac349c6.jpg,1,381,131,403,157,0.7260896563529968
sub_1655,006261_jpg.rf.d0513c7d9a87eef60d8853556ac349c6.jpg,0,170,124,191,150,0.6923202872276306
sub_1656,006262_jpg.rf.0ed09abba350ff73f743a8a952c20d77.jpg,1,231,113,286,168,0.8285866379737854
sub_1657,006262_jpg.rf.0ed09abba350ff73f743a8a952c20d77.jpg,1,126,162,170,206,0.6949688196182251
sub_1658,006262_jpg.rf.0ed09abba350ff73f743a8a952c20d77.jpg,1,318,110,348,141,0.6028196811676025
sub_1659,006262_jpg.rf.0ed09abba350ff73f743a8a952c20d77.jpg,1,215,92,250,123,0.4698176980018616
sub_1660,006265_jpg.rf.a4ade5df60f98e9c8394fce2743e19fd.jpg,1,169,132,208,173,0.8250594735145569
sub_1661,006265_jpg.rf.a4ade5df60f98e9c8394fce2743e19fd.jpg,1,230,124,259,158,0.7925522327423096
sub_1662,006266_jpg.rf.77786ca20c5f6d84cd1da59adb9fdaf0.jpg,1,35,152,77,203,0.8666179776191711
sub_1663,006266_jpg.rf.77786ca20c5f6d84cd1da59adb9fdaf0.jpg,1,315,70,372,136,0.8526427745819092
sub_1664,006266_jpg.rf.77786ca20c5f6d84cd1da59adb9fdaf0.jpg,1,360,13,406,65,0.8510957956314087
sub_1665,006267_jpg.rf.2e1101319e827b3d5beb7911bbb886aa.jpg,1,182,126,203,150,0.7614144682884216
sub_1666,006267_jpg.rf.2e1101319e827b3d5beb7911bbb886aa.jpg,1,339,72,360,94,0.7214900851249695
sub_1667,006267_jpg.rf.2e1101319e827b3d5beb7911bbb886aa.jpg,1,142,123,164,146,0.6672870516777039
sub_1668,006267_jpg.rf.2e1101319e827b3d5beb7911bbb886aa.jpg,1,236,129,253,149,0.6486328840255737
sub_1669,006268_jpg.rf.09d682bdcbc567d90f826a6aed66e25b.jpg,0,167,147,199,184,0.8475027680397034
sub_1670,006268_jpg.rf.09d682bdcbc567d90f826a6aed66e25b.jpg,0,41,211,126,291,0.8054890632629395
sub_1671,006268_jpg.rf.09d682bdcbc567d90f826a6aed66e25b.jpg,0,31,138,59,170,0.8030961155891418
sub_1672,006268_jpg.rf.09d682bdcbc567d90f826a6aed66e25b.jpg,0,412,153,450,207,0.786737322807312
sub_1673,006268_jpg.rf.09d682bdcbc567d90f826a6aed66e25b.jpg,0,78,177,136,235,0.7803168892860413
sub_1674,006268_jpg.rf.09d682bdcbc567d90f826a6aed66e25b.jpg,0,116,154,157,204,0.7601735591888428
sub_1675,006268_jpg.rf.09d682bdcbc567d90f826a6aed66e25b.jpg,0,304,131,324,154,0.7593008875846863
sub_1676,006268_jpg.rf.09d682bdcbc567d90f826a6aed66e25b.jpg,0,127,131,146,154,0.7554497718811035
sub_1677,006268_jpg.rf.09d682bdcbc567d90f826a6aed66e25b.jpg,0,90,137,112,161,0.7520151138305664
sub_1678,006268_jpg.rf.09d682bdcbc567d90f826a6aed66e25b.jpg,0,360,145,398,189,0.7365050315856934
sub_1679,006268_jpg.rf.09d682bdcbc567d90f826a6aed66e25b.jpg,0,334,135,361,168,0.7226403951644897
sub_1680,006268_jpg.rf.09d682bdcbc567d90f826a6aed66e25b.jpg,0,207,138,231,166,0.7190701365470886
sub_1681,006268_jpg.rf.09d682bdcbc567d90f826a6aed66e25b.jpg,0,239,140,261,165,0.6881332993507385
sub_1682,006268_jpg.rf.09d682bdcbc567d90f826a6aed66e25b.jpg,0,72,154,106,199,0.48529940843582153
sub_1683,006272_jpg.rf.ee262969853b294f7fe3515aaea1381f.jpg,1,73,100,105,137,0.8381823897361755
sub_1684,006272_jpg.rf.ee262969853b294f7fe3515aaea1381f.jpg,1,404,202,427,226,0.7544317245483398
sub_1685,006272_jpg.rf.ee262969853b294f7fe3515aaea1381f.jpg,1,296,33,316,57,0.7384368777275085
sub_1686,006273_jpg.rf.675cf9dc1feb2ba315fa5c97b0e3e972.jpg,0,183,130,215,167,0.9027312994003296
sub_1687,006273_jpg.rf.675cf9dc1feb2ba315fa5c97b0e3e972.jpg,0,128,127,173,179,0.883780837059021
sub_1688,006273_jpg.rf.675cf9dc1feb2ba315fa5c97b0e3e972.jpg,0,401,110,446,163,0.8602076172828674
sub_1689,006273_jpg.rf.675cf9dc1feb2ba315fa5c97b0e3e972.jpg,0,36,123,77,174,0.8553337454795837
sub_1690,006273_jpg.rf.675cf9dc1feb2ba315fa5c97b0e3e972.jpg,0,93,120,129,163,0.8465000987052917
sub_1691,006273_jpg.rf.675cf9dc1feb2ba315fa5c97b0e3e972.jpg,0,367,114,403,157,0.8362141847610474
sub_1692,006273_jpg.rf.675cf9dc1feb2ba315fa5c97b0e3e972.jpg,0,11,134,41,170,0.8040754795074463
sub_1693,006273_jpg.rf.675cf9dc1feb2ba315fa5c97b0e3e972.jpg,0,302,116,332,156,0.7947940230369568
sub_1694,006273_jpg.rf.675cf9dc1feb2ba315fa5c97b0e3e972.jpg,0,232,126,260,158,0.7551090121269226
sub_1695,006273_jpg.rf.675cf9dc1feb2ba315fa5c97b0e3e972.jpg,1,481,116,500,158,0.7186530232429504
sub_1696,006273_jpg.rf.675cf9dc1feb2ba315fa5c97b0e3e972.jpg,0,296,124,320,157,0.4003089964389801
sub_1697,006278_jpg.rf.7f686469b6a2af4e2433df43e7c741a6.jpg,1,174,56,229,122,0.8877750039100647
sub_1698,006279_jpg.rf.d63a1583370c5fe0a02fd624b0f3ea55.jpg,0,424,104,454,139,0.8609402179718018
sub_1699,006279_jpg.rf.d63a1583370c5fe0a02fd624b0f3ea55.jpg,0,261,109,288,141,0.8578424453735352
sub_1700,006279_jpg.rf.d63a1583370c5fe0a02fd624b0f3ea55.jpg,0,465,108,490,139,0.8072510361671448
sub_1701,006279_jpg.rf.d63a1583370c5fe0a02fd624b0f3ea55.jpg,0,388,107,411,136,0.7945066094398499
sub_1702,006279_jpg.rf.d63a1583370c5fe0a02fd624b0f3ea55.jpg,0,242,122,263,149,0.7781979441642761
sub_1703,006279_jpg.rf.d63a1583370c5fe0a02fd624b0f3ea55.jpg,0,344,107,369,138,0.7770939469337463
sub_1704,006279_jpg.rf.d63a1583370c5fe0a02fd624b0f3ea55.jpg,0,212,125,237,154,0.747238039970398
sub_1705,006279_jpg.rf.d63a1583370c5fe0a02fd624b0f3ea55.jpg,0,319,127,339,150,0.6711027026176453
sub_1706,006279_jpg.rf.d63a1583370c5fe0a02fd624b0f3ea55.jpg,0,486,90,500,126,0.6346147656440735
sub_1707,006280_jpg.rf.ac515ce5266fc8dfdf3c90d040a26e19.jpg,1,288,40,339,97,0.8504633903503418
sub_1708,006282_jpg.rf.496b485261dc95c133259b981ceb4c0e.jpg,1,317,41,420,163,0.877199113368988
sub_1709,006282_jpg.rf.496b485261dc95c133259b981ceb4c0e.jpg,1,0,87,46,189,0.854242205619812
sub_1710,006282_jpg.rf.496b485261dc95c133259b981ceb4c0e.jpg,1,165,116,216,178,0.8482954502105713
sub_1711,006282_jpg.rf.496b485261dc95c133259b981ceb4c0e.jpg,1,303,127,355,198,0.8267735242843628
sub_1712,006283_jpg.rf.2a270a8d0f1d36f37e3ebb4e6123644c.jpg,1,212,69,233,94,0.7534627318382263
sub_1713,006283_jpg.rf.2a270a8d0f1d36f37e3ebb4e6123644c.jpg,1,254,208,277,233,0.7388591766357422
sub_1714,006283_jpg.rf.2a270a8d0f1d36f37e3ebb4e6123644c.jpg,1,328,205,349,227,0.6758306622505188
sub_1715,006284_jpg.rf.10626267c03c752d7b6d99df2a01a3a5.jpg,1,359,105,418,169,0.8724756240844727
sub_1716,006284_jpg.rf.10626267c03c752d7b6d99df2a01a3a5.jpg,1,317,97,351,138,0.8529970645904541
sub_1717,006284_jpg.rf.10626267c03c752d7b6d99df2a01a3a5.jpg,1,257,107,291,145,0.813633918762207
sub_1718,006284_jpg.rf.10626267c03c752d7b6d99df2a01a3a5.jpg,1,227,95,255,127,0.789664089679718
sub_1719,006284_jpg.rf.10626267c03c752d7b6d99df2a01a3a5.jpg,1,148,116,176,148,0.745525062084198
sub_1720,006284_jpg.rf.10626267c03c752d7b6d99df2a01a3a5.jpg,1,80,91,106,119,0.7194727659225464
sub_1721,006284_jpg.rf.10626267c03c752d7b6d99df2a01a3a5.jpg,1,131,103,148,122,0.6886835694313049
sub_1722,006285_jpg.rf.d1aac0377490405b4441eb262267b1e3.jpg,1,73,186,155,278,0.8590520620346069
sub_1723,006286_jpg.rf.8449c389f2735f1a042996aabe288295.jpg,1,311,191,335,218,0.7997430562973022
sub_1724,006286_jpg.rf.8449c389f2735f1a042996aabe288295.jpg,1,246,182,272,210,0.7843185663223267
sub_1725,006286_jpg.rf.8449c389f2735f1a042996aabe288295.jpg,1,200,180,222,207,0.7457579970359802
sub_1726,006286_jpg.rf.8449c389f2735f1a042996aabe288295.jpg,1,342,185,373,216,0.7043073177337646
sub_1727,006287_jpg.rf.b1c59a5adc93950e1fc4318b77956ef0.jpg,1,420,128,444,154,0.7909741997718811
sub_1728,006287_jpg.rf.b1c59a5adc93950e1fc4318b77956ef0.jpg,1,277,141,301,166,0.7887186408042908
sub_1729,006287_jpg.rf.b1c59a5adc93950e1fc4318b77956ef0.jpg,1,115,149,140,180,0.7849307656288147
sub_1730,006287_jpg.rf.b1c59a5adc93950e1fc4318b77956ef0.jpg,1,346,145,365,167,0.7532361149787903
sub_1731,006287_jpg.rf.b1c59a5adc93950e1fc4318b77956ef0.jpg,1,5,137,30,164,0.7493486404418945
sub_1732,006287_jpg.rf.b1c59a5adc93950e1fc4318b77956ef0.jpg,0,181,136,207,164,0.6731691956520081
sub_1733,006287_jpg.rf.b1c59a5adc93950e1fc4318b77956ef0.jpg,1,367,146,384,167,0.5564016699790955
sub_1734,006287_jpg.rf.b1c59a5adc93950e1fc4318b77956ef0.jpg,1,338,282,377,325,0.534253716468811
sub_1735,006288_jpg.rf.a3b174270b50e81405658e626d6c5544.jpg,1,296,143,338,191,0.7970400452613831
sub_1736,006288_jpg.rf.a3b174270b50e81405658e626d6c5544.jpg,1,63,81,101,116,0.7432295083999634
sub_1737,006288_jpg.rf.a3b174270b50e81405658e626d6c5544.jpg,1,326,85,357,120,0.7280028462409973
sub_1738,006290_jpg.rf.48f24a2fdf6adb07e635d9fd67fd5b95.jpg,1,122,0,221,83,0.8607490658760071
sub_1739,006291_jpg.rf.c03bd96ba765b28e9f76c5a9907eab74.jpg,1,29,154,99,234,0.848658561706543
sub_1740,006294_jpg.rf.3d12e501aabf3334cfc7096d5cd72aae.jpg,0,403,80,458,141,0.9124225974082947
sub_1741,006294_jpg.rf.3d12e501aabf3334cfc7096d5cd72aae.jpg,0,140,101,178,145,0.8636916875839233
sub_1742,006294_jpg.rf.3d12e501aabf3334cfc7096d5cd72aae.jpg,0,274,105,298,136,0.8440157175064087
sub_1743,006294_jpg.rf.3d12e501aabf3334cfc7096d5cd72aae.jpg,0,12,104,95,189,0.8358955979347229
sub_1744,006294_jpg.rf.3d12e501aabf3334cfc7096d5cd72aae.jpg,0,195,113,216,139,0.8265358805656433
sub_1745,006295_jpg.rf.18368674f75bdb22803d459957e5df35.jpg,0,61,131,109,193,0.9039700627326965
sub_1746,006295_jpg.rf.18368674f75bdb22803d459957e5df35.jpg,0,187,151,232,207,0.8865011930465698
sub_1747,006295_jpg.rf.18368674f75bdb22803d459957e5df35.jpg,0,362,134,410,192,0.8443775177001953
sub_1748,006298_jpg.rf.58970f19fb11b0564991df3bcba368a0.jpg,1,38,129,62,156,0.7359251379966736
sub_1749,006298_jpg.rf.58970f19fb11b0564991df3bcba368a0.jpg,1,57,127,73,147,0.4710940718650818
sub_1750,006301_jpg.rf.63e271e31593ab069c8e52caf3ade566.jpg,1,82,97,241,264,0.8379223346710205
sub_1751,006302_jpg.rf.6cf6332ea32bf9c20d11f12c46fc654c.jpg,1,69,109,118,162,0.845919668674469
sub_1752,006302_jpg.rf.6cf6332ea32bf9c20d11f12c46fc654c.jpg,1,148,117,197,172,0.8357069492340088
sub_1753,006302_jpg.rf.6cf6332ea32bf9c20d11f12c46fc654c.jpg,1,380,122,424,170,0.834138810634613
sub_1754,006302_jpg.rf.6cf6332ea32bf9c20d11f12c46fc654c.jpg,1,299,131,327,167,0.8287848234176636
sub_1755,006302_jpg.rf.6cf6332ea32bf9c20d11f12c46fc654c.jpg,1,225,134,256,172,0.8170760273933411
sub_1756,006302_jpg.rf.6cf6332ea32bf9c20d11f12c46fc654c.jpg,1,444,149,469,181,0.7849923968315125
sub_1757,006302_jpg.rf.6cf6332ea32bf9c20d11f12c46fc654c.jpg,1,126,137,153,171,0.7520513534545898
sub_1758,006302_jpg.rf.6cf6332ea32bf9c20d11f12c46fc654c.jpg,1,413,139,435,172,0.6487858891487122
sub_1759,006303_jpg.rf.b1830a3d27cf9cd4b2c12c958d5da5fd.jpg,1,177,105,205,143,0.8276980519294739
sub_1760,006303_jpg.rf.b1830a3d27cf9cd4b2c12c958d5da5fd.jpg,1,83,91,116,134,0.8251839280128479
sub_1761,006303_jpg.rf.b1830a3d27cf9cd4b2c12c958d5da5fd.jpg,1,142,101,169,136,0.8152909874916077
sub_1762,006303_jpg.rf.b1830a3d27cf9cd4b2c12c958d5da5fd.jpg,1,419,103,449,140,0.8127322196960449
sub_1763,006303_jpg.rf.b1830a3d27cf9cd4b2c12c958d5da5fd.jpg,1,73,24,101,63,0.8109755516052246
sub_1764,006303_jpg.rf.b1830a3d27cf9cd4b2c12c958d5da5fd.jpg,1,120,40,147,74,0.7854267358779907
sub_1765,006303_jpg.rf.b1830a3d27cf9cd4b2c12c958d5da5fd.jpg,1,232,104,256,142,0.7800246477127075
sub_1766,006303_jpg.rf.b1830a3d27cf9cd4b2c12c958d5da5fd.jpg,1,352,112,375,144,0.7705750465393066
sub_1767,006303_jpg.rf.b1830a3d27cf9cd4b2c12c958d5da5fd.jpg,1,211,101,235,138,0.76060551404953
sub_1768,006303_jpg.rf.b1830a3d27cf9cd4b2c12c958d5da5fd.jpg,1,257,103,278,139,0.7455888986587524
sub_1769,006303_jpg.rf.b1830a3d27cf9cd4b2c12c958d5da5fd.jpg,1,380,110,407,145,0.7423244714736938
sub_1770,006303_jpg.rf.b1830a3d27cf9cd4b2c12c958d5da5fd.jpg,1,275,109,298,143,0.7338471412658691
sub_1771,006303_jpg.rf.b1830a3d27cf9cd4b2c12c958d5da5fd.jpg,1,296,105,313,129,0.4862331449985504
sub_1772,006303_jpg.rf.b1830a3d27cf9cd4b2c12c958d5da5fd.jpg,1,320,111,342,142,0.4441677927970886
sub_1773,006306_jpg.rf.0398d12538a4adb87c1c808690de22b5.jpg,0,276,67,316,123,0.8939018249511719
sub_1774,006306_jpg.rf.0398d12538a4adb87c1c808690de22b5.jpg,0,111,80,159,139,0.8780307173728943
sub_1775,006306_jpg.rf.0398d12538a4adb87c1c808690de22b5.jpg,0,228,71,267,123,0.864858090877533
sub_1776,006306_jpg.rf.0398d12538a4adb87c1c808690de22b5.jpg,0,368,49,408,96,0.8640876412391663
sub_1777,006306_jpg.rf.0398d12538a4adb87c1c808690de22b5.jpg,0,192,79,230,127,0.8038331270217896
sub_1778,006306_jpg.rf.0398d12538a4adb87c1c808690de22b5.jpg,0,165,72,204,120,0.7746255397796631
sub_1779,006306_jpg.rf.0398d12538a4adb87c1c808690de22b5.jpg,0,330,49,370,106,0.7036247849464417
sub_1780,006306_jpg.rf.0398d12538a4adb87c1c808690de22b5.jpg,0,302,54,329,89,0.5832063555717468
sub_1781,006306_jpg.rf.0398d12538a4adb87c1c808690de22b5.jpg,0,317,71,347,108,0.46894121170043945
sub_1782,006307_jpg.rf.c4bf0aaa68b9738cdd0f758be0a92c48.jpg,1,314,65,354,114,0.7941102385520935
sub_1783,006307_jpg.rf.c4bf0aaa68b9738cdd0f758be0a92c48.jpg,1,266,100,286,122,0.5786163210868835
sub_1784,006309_jpg.rf.f60afac853f2dda1a6a6ea52c00fb07f.jpg,1,296,9,400,236,0.8346490859985352
sub_1785,006309_jpg.rf.f60afac853f2dda1a6a6ea52c00fb07f.jpg,1,187,54,218,91,0.7931835651397705
sub_1786,006309_jpg.rf.f60afac853f2dda1a6a6ea52c00fb07f.jpg,1,94,51,117,81,0.7807008624076843
sub_1787,006309_jpg.rf.f60afac853f2dda1a6a6ea52c00fb07f.jpg,1,165,67,190,99,0.7731571197509766
sub_1788,006312_jpg.rf.6d4d52e01dfae3c29fc8add27c1d9907.jpg,0,45,90,93,141,0.8643991947174072
sub_1789,006312_jpg.rf.6d4d52e01dfae3c29fc8add27c1d9907.jpg,1,105,95,140,138,0.847330629825592
sub_1790,006312_jpg.rf.6d4d52e01dfae3c29fc8add27c1d9907.jpg,0,195,102,221,135,0.7500317692756653
sub_1791,006312_jpg.rf.6d4d52e01dfae3c29fc8add27c1d9907.jpg,1,152,112,174,140,0.7164191603660583
sub_1792,006312_jpg.rf.6d4d52e01dfae3c29fc8add27c1d9907.jpg,0,225,103,253,138,0.683210015296936
sub_1793,006312_jpg.rf.6d4d52e01dfae3c29fc8add27c1d9907.jpg,0,290,100,312,130,0.6741533279418945
sub_1794,006312_jpg.rf.6d4d52e01dfae3c29fc8add27c1d9907.jpg,0,276,103,294,132,0.42569977045059204
sub_1795,006316_jpg.rf.6ac45dd2feb8a9ac9d14eed92f9f4253.jpg,1,1,26,72,93,0.8646104335784912
sub_1796,006316_jpg.rf.6ac45dd2feb8a9ac9d14eed92f9f4253.jpg,1,235,70,272,109,0.8396567702293396
sub_1797,006322_jpg.rf.f9ccf52f637fffbfb9d60401674830f3.jpg,1,300,151,347,212,0.8438000082969666
sub_1798,006324_jpg.rf.f3b030e461958831f5f1227d95f32285.jpg,1,270,174,288,196,0.6701929569244385
sub_1799,006324_jpg.rf.f3b030e461958831f5f1227d95f32285.jpg,1,361,166,378,185,0.6508054137229919
sub_1800,006324_jpg.rf.f3b030e461958831f5f1227d95f32285.jpg,1,251,179,269,198,0.6234648823738098
sub_1801,006325_jpg.rf.0b02041a2d4910d20afa01c7c8947969.jpg,1,201,14,289,108,0.870790958404541
sub_1802,006326_jpg.rf.351f793f8858846f26475730c0beb229.jpg,0,334,95,380,149,0.8919098973274231
sub_1803,006326_jpg.rf.351f793f8858846f26475730c0beb229.jpg,0,0,49,36,134,0.8315337300300598
sub_1804,006326_jpg.rf.351f793f8858846f26475730c0beb229.jpg,0,80,87,133,148,0.8255375027656555
sub_1805,006326_jpg.rf.351f793f8858846f26475730c0beb229.jpg,0,130,84,169,132,0.8212239742279053
sub_1806,006326_jpg.rf.351f793f8858846f26475730c0beb229.jpg,0,180,102,213,144,0.7980877161026001
sub_1807,006327_jpg.rf.25bc0be173ff31e9c2b496bf3dee178a.jpg,1,249,149,273,177,0.7751755118370056
sub_1808,006327_jpg.rf.25bc0be173ff31e9c2b496bf3dee178a.jpg,1,152,184,176,210,0.7598077654838562
sub_1809,006327_jpg.rf.25bc0be173ff31e9c2b496bf3dee178a.jpg,1,220,178,238,198,0.744412899017334
sub_1810,006327_jpg.rf.25bc0be173ff31e9c2b496bf3dee178a.jpg,1,27,220,42,238,0.5879287719726562
sub_1811,006329_jpg.rf.61f08d9a6e46c18d6636de8dabe36ccb.jpg,1,299,0,455,177,0.8767010569572449
sub_1812,006330_jpg.rf.a06b643c1e33ad2cb7b66d10046ea157.jpg,1,79,0,237,183,0.9310930967330933
sub_1813,006333_jpg.rf.e332ab502ac41df8511f278e4a9f8b2f.jpg,1,80,2,181,109,0.8680532574653625
sub_1814,006333_jpg.rf.e332ab502ac41df8511f278e4a9f8b2f.jpg,1,245,29,308,116,0.8458727598190308
sub_1815,006334_jpg.rf.2772c4e0ff02a2678a340d510686acf3.jpg,1,166,53,222,134,0.8835718035697937
sub_1816,006334_jpg.rf.2772c4e0ff02a2678a340d510686acf3.jpg,1,319,3,497,182,0.8054754734039307
sub_1817,006337_jpg.rf.2beff7a9ceadfb62a92e28db6628bf36.jpg,1,191,82,244,139,0.8985326886177063
sub_1818,006337_jpg.rf.2beff7a9ceadfb62a92e28db6628bf36.jpg,1,301,44,353,100,0.8581337928771973
sub_1819,006337_jpg.rf.2beff7a9ceadfb62a92e28db6628bf36.jpg,1,390,8,436,62,0.832355797290802
sub_1820,006337_jpg.rf.2beff7a9ceadfb62a92e28db6628bf36.jpg,1,287,37,315,71,0.6870071291923523
sub_1821,006337_jpg.rf.2beff7a9ceadfb62a92e28db6628bf36.jpg,1,135,159,198,208,0.6618273854255676
sub_1822,006338_jpg.rf.777454778537e6e91c051f8357f79545.jpg,1,27,50,59,81,0.7570891380310059
sub_1823,006339_jpg.rf.5635251bb1dd0f8573f93b4d3646c461.jpg,1,179,116,213,155,0.8271209597587585
sub_1824,006339_jpg.rf.5635251bb1dd0f8573f93b4d3646c461.jpg,1,340,147,371,182,0.8081281781196594
sub_1825,006339_jpg.rf.5635251bb1dd0f8573f93b4d3646c461.jpg,1,22,41,56,78,0.7950722575187683
sub_1826,006339_jpg.rf.5635251bb1dd0f8573f93b4d3646c461.jpg,1,239,131,269,167,0.7817437052726746
sub_1827,006339_jpg.rf.5635251bb1dd0f8573f93b4d3646c461.jpg,1,367,45,393,74,0.7400573492050171
sub_1828,006340_jpg.rf.167d1788f7a19a44e426c9af2f378d91.jpg,1,83,100,160,190,0.7799772620201111
sub_1829,006340_jpg.rf.167d1788f7a19a44e426c9af2f378d91.jpg,1,326,23,357,58,0.6919420957565308
sub_1830,006340_jpg.rf.167d1788f7a19a44e426c9af2f378d91.jpg,1,283,72,341,135,0.5379389524459839
sub_1831,006340_jpg.rf.167d1788f7a19a44e426c9af2f378d91.jpg,1,344,73,434,187,0.4489753544330597
sub_1832,006343_jpg.rf.fe129398db7bcea6571c22a02d2c85b2.jpg,1,220,20,302,119,0.881418764591217
sub_1833,006344_jpg.rf.a5e692359e2f4105af75c4a293e9ece1.jpg,1,405,43,457,113,0.8930888175964355
sub_1834,006344_jpg.rf.a5e692359e2f4105af75c4a293e9ece1.jpg,0,350,65,390,118,0.8883579969406128
sub_1835,006344_jpg.rf.a5e692359e2f4105af75c4a293e9ece1.jpg,1,249,71,288,123,0.8719598054885864
sub_1836,006344_jpg.rf.a5e692359e2f4105af75c4a293e9ece1.jpg,0,304,67,340,111,0.8675875663757324
sub_1837,006344_jpg.rf.a5e692359e2f4105af75c4a293e9ece1.jpg,0,0,59,41,112,0.8247911930084229
sub_1838,006344_jpg.rf.a5e692359e2f4105af75c4a293e9ece1.jpg,1,199,81,230,123,0.8190107345581055
sub_1839,006344_jpg.rf.a5e692359e2f4105af75c4a293e9ece1.jpg,1,43,49,81,96,0.8185844421386719
sub_1840,006344_jpg.rf.a5e692359e2f4105af75c4a293e9ece1.jpg,0,134,95,162,128,0.7899218201637268
sub_1841,006344_jpg.rf.a5e692359e2f4105af75c4a293e9ece1.jpg,0,128,182,148,208,0.5133182406425476
sub_1842,006344_jpg.rf.a5e692359e2f4105af75c4a293e9ece1.jpg,1,186,89,207,123,0.4661521911621094
sub_1843,006344_jpg.rf.a5e692359e2f4105af75c4a293e9ece1.jpg,0,86,171,123,213,0.4647599160671234
sub_1844,006344_jpg.rf.a5e692359e2f4105af75c4a293e9ece1.jpg,0,0,80,10,112,0.4095732867717743
sub_1845,006345_jpg.rf.247844479c5a6e75db7ea2895823226e.jpg,1,331,51,399,122,0.8749770522117615
sub_1846,006345_jpg.rf.247844479c5a6e75db7ea2895823226e.jpg,1,87,46,250,196,0.8275004625320435
sub_1847,006346_jpg.rf.3b673ff8ea55a20342c8dbf2a101339a.jpg,0,109,86,150,138,0.9135262370109558
sub_1848,006346_jpg.rf.3b673ff8ea55a20342c8dbf2a101339a.jpg,0,193,84,232,133,0.8830219507217407
sub_1849,006346_jpg.rf.3b673ff8ea55a20342c8dbf2a101339a.jpg,0,20,79,68,140,0.8636599183082581
sub_1850,006346_jpg.rf.3b673ff8ea55a20342c8dbf2a101339a.jpg,0,267,79,305,128,0.8625170588493347
sub_1851,006346_jpg.rf.3b673ff8ea55a20342c8dbf2a101339a.jpg,0,384,75,426,129,0.8577640056610107
sub_1852,006347_jpg.rf.009e9c4b75566451908724420e5b52f3.jpg,1,30,8,141,135,0.8883312344551086
sub_1853,006347_jpg.rf.009e9c4b75566451908724420e5b52f3.jpg,1,239,1,363,133,0.8790426254272461
sub_1854,006348_jpg.rf.da573128108077a61c07636a7d70a3e8.jpg,1,318,270,340,292,0.649422287940979
sub_1855,006348_jpg.rf.da573128108077a61c07636a7d70a3e8.jpg,1,46,133,61,150,0.6073812246322632
sub_1856,006348_jpg.rf.da573128108077a61c07636a7d70a3e8.jpg,1,8,89,24,106,0.5914297103881836
sub_1857,006348_jpg.rf.da573128108077a61c07636a7d70a3e8.jpg,1,470,227,486,244,0.5877934098243713
sub_1858,006348_jpg.rf.da573128108077a61c07636a7d70a3e8.jpg,1,342,262,358,279,0.4099012613296509
sub_1859,006349_jpg.rf.8815f6cc57f04f0befa105da8044eb01.jpg,1,388,101,419,139,0.8631041049957275
sub_1860,006349_jpg.rf.8815f6cc57f04f0befa105da8044eb01.jpg,1,474,93,499,142,0.8426430225372314
sub_1861,006349_jpg.rf.8815f6cc57f04f0befa105da8044eb01.jpg,1,120,107,158,154,0.8362005352973938
sub_1862,006349_jpg.rf.8815f6cc57f04f0befa105da8044eb01.jpg,1,195,106,224,144,0.8340361714363098
sub_1863,006349_jpg.rf.8815f6cc57f04f0befa105da8044eb01.jpg,1,263,108,293,145,0.8300132155418396
sub_1864,006349_jpg.rf.8815f6cc57f04f0befa105da8044eb01.jpg,1,344,111,374,148,0.81907719373703
sub_1865,006349_jpg.rf.8815f6cc57f04f0befa105da8044eb01.jpg,1,439,101,473,140,0.7997567057609558
sub_1866,006349_jpg.rf.8815f6cc57f04f0befa105da8044eb01.jpg,1,89,120,113,153,0.7735645174980164
sub_1867,006349_jpg.rf.8815f6cc57f04f0befa105da8044eb01.jpg,1,39,111,60,137,0.7625513672828674
sub_1868,006349_jpg.rf.8815f6cc57f04f0befa105da8044eb01.jpg,1,232,94,260,130,0.7623226642608643
sub_1869,006356_jpg.rf.f329cd7ffa6e084bf40a52a966a4bd16.jpg,0,361,10,453,112,0.9065493941307068
sub_1870,006356_jpg.rf.f329cd7ffa6e084bf40a52a966a4bd16.jpg,0,286,87,317,127,0.8784865140914917
sub_1871,006356_jpg.rf.f329cd7ffa6e084bf40a52a966a4bd16.jpg,0,45,34,122,117,0.8712287545204163
sub_1872,006356_jpg.rf.f329cd7ffa6e084bf40a52a966a4bd16.jpg,0,330,44,374,123,0.6882172226905823
sub_1873,006357_jpg.rf.60280bc3e07c0d7ae850c243eccc367b.jpg,1,249,111,319,193,0.853716254234314
sub_1874,006357_jpg.rf.60280bc3e07c0d7ae850c243eccc367b.jpg,1,80,157,139,218,0.8465242385864258
sub_1875,006358_jpg.rf.6902e4353ba479be1b3771e65b509b64.jpg,1,217,103,256,153,0.8718889951705933
sub_1876,006358_jpg.rf.6902e4353ba479be1b3771e65b509b64.jpg,1,266,94,320,159,0.8703939318656921
sub_1877,006361_jpg.rf.136026d4acd49c79c0a54293314f5447.jpg,1,181,109,210,147,0.830535352230072
sub_1878,006361_jpg.rf.136026d4acd49c79c0a54293314f5447.jpg,1,363,122,393,159,0.829643964767456
sub_1879,006361_jpg.rf.136026d4acd49c79c0a54293314f5447.jpg,1,254,107,284,144,0.782856285572052
sub_1880,006361_jpg.rf.136026d4acd49c79c0a54293314f5447.jpg,1,306,120,327,146,0.7607619166374207
sub_1881,006361_jpg.rf.136026d4acd49c79c0a54293314f5447.jpg,1,243,117,262,145,0.6079611778259277
sub_1882,006362_jpg.rf.f3201bf03326631e5f1977be2592983d.jpg,1,268,62,300,100,0.8137242197990417
sub_1883,006363_jpg.rf.eb3b387d6f91ba444088ae212e3cdd2a.jpg,1,97,37,159,117,0.8632018566131592
sub_1884,006364_jpg.rf.2c6206efd28d56d050508ddbff9232de.jpg,1,214,88,281,181,0.8869447112083435
sub_1885,006364_jpg.rf.2c6206efd28d56d050508ddbff9232de.jpg,1,34,139,108,231,0.8581933975219727
sub_1886,006364_jpg.rf.2c6206efd28d56d050508ddbff9232de.jpg,1,106,114,155,177,0.847901463508606
sub_1887,006364_jpg.rf.2c6206efd28d56d050508ddbff9232de.jpg,1,413,123,498,223,0.8400747776031494
sub_1888,006364_jpg.rf.2c6206efd28d56d050508ddbff9232de.jpg,1,165,145,207,198,0.8278771638870239
sub_1889,006364_jpg.rf.2c6206efd28d56d050508ddbff9232de.jpg,1,358,121,419,199,0.820327639579773
sub_1890,006364_jpg.rf.2c6206efd28d56d050508ddbff9232de.jpg,1,332,113,371,160,0.7913796305656433
sub_1891,006364_jpg.rf.2c6206efd28d56d050508ddbff9232de.jpg,1,0,145,34,211,0.7591387629508972
sub_1892,006364_jpg.rf.2c6206efd28d56d050508ddbff9232de.jpg,1,273,112,312,182,0.7548901438713074
sub_1893,006364_jpg.rf.2c6206efd28d56d050508ddbff9232de.jpg,1,97,172,154,251,0.7409088015556335
sub_1894,006365_jpg.rf.2c280d41d4d00b104cdce6d1a60570a5.jpg,1,197,367,238,410,0.7707618474960327
sub_1895,006366_jpg.rf.6c14a3bdf342afb50973e4bebef1176f.jpg,1,275,160,298,186,0.7851599454879761
sub_1896,006366_jpg.rf.6c14a3bdf342afb50973e4bebef1176f.jpg,1,169,103,187,120,0.5750218033790588
sub_1897,006369_jpg.rf.33ab346cf7453e86c00dd9c21728cacb.jpg,1,258,38,346,145,0.8652128577232361
sub_1898,006371_jpg.rf.510f0ec034829a0a4872318e5fb303d0.jpg,1,181,88,205,115,0.876819908618927
sub_1899,006371_jpg.rf.510f0ec034829a0a4872318e5fb303d0.jpg,1,245,78,275,114,0.8309022784233093
sub_1900,006371_jpg.rf.510f0ec034829a0a4872318e5fb303d0.jpg,1,0,77,17,130,0.7037100195884705
sub_1901,006373_jpg.rf.275220399fc2237bc32fc90d4ea93386.jpg,1,388,155,408,179,0.7820640802383423
sub_1902,006373_jpg.rf.275220399fc2237bc32fc90d4ea93386.jpg,1,267,162,286,184,0.7313363552093506
sub_1903,006375_jpg.rf.61037397c1895d1a9593aa69ff96b5dd.jpg,1,156,190,228,263,0.6061381101608276
sub_1904,006377_jpg.rf.9143f43ff6cd895499e3bfcc1acbd019.jpg,1,56,0,125,71,0.8742344379425049
sub_1905,006377_jpg.rf.9143f43ff6cd895499e3bfcc1acbd019.jpg,1,176,64,215,113,0.8606449961662292
sub_1906,006377_jpg.rf.9143f43ff6cd895499e3bfcc1acbd019.jpg,1,229,80,257,113,0.8065595626831055
sub_1907,006377_jpg.rf.9143f43ff6cd895499e3bfcc1acbd019.jpg,1,278,103,298,128,0.7354021668434143
sub_1908,006377_jpg.rf.9143f43ff6cd895499e3bfcc1acbd019.jpg,1,296,114,317,138,0.6491165161132812
sub_1909,006377_jpg.rf.9143f43ff6cd895499e3bfcc1acbd019.jpg,1,333,118,349,136,0.6412165760993958
sub_1910,006377_jpg.rf.9143f43ff6cd895499e3bfcc1acbd019.jpg,1,369,127,382,142,0.5106539130210876
sub_1911,006377_jpg.rf.9143f43ff6cd895499e3bfcc1acbd019.jpg,1,388,126,401,142,0.4194798171520233
sub_1912,006378_jpg.rf.a41a887da2287c6af61638f46e66d12f.jpg,1,348,547,404,610,0.7882018089294434
sub_1913,006379_jpg.rf.488bc9873a708df94751d635667cbfac.jpg,1,180,45,225,101,0.842446506023407
sub_1914,006383_jpg.rf.4405efe4077d6925d5a16bbe5801bceb.jpg,1,144,64,177,105,0.845665454864502
sub_1915,006383_jpg.rf.4405efe4077d6925d5a16bbe5801bceb.jpg,1,62,68,98,110,0.8104056715965271
sub_1916,006388_jpg.rf.bb05f03cb3f80f0fb431c3078dddee45.jpg,1,204,308,296,413,0.8809837102890015
sub_1917,006389_jpg.rf.4e263e09692e7ea2a4f925b7d2868a1f.jpg,1,51,7,102,63,0.8757994174957275
sub_1918,006389_jpg.rf.4e263e09692e7ea2a4f925b7d2868a1f.jpg,1,96,10,128,47,0.8653332591056824
sub_1919,006389_jpg.rf.4e263e09692e7ea2a4f925b7d2868a1f.jpg,1,185,55,255,119,0.8509542346000671
sub_1920,006389_jpg.rf.4e263e09692e7ea2a4f925b7d2868a1f.jpg,1,182,1,212,34,0.8445523381233215
sub_1921,006389_jpg.rf.4e263e09692e7ea2a4f925b7d2868a1f.jpg,1,187,28,233,71,0.7968323826789856
sub_1922,006389_jpg.rf.4e263e09692e7ea2a4f925b7d2868a1f.jpg,1,245,37,300,129,0.46817725896835327
sub_1923,006393_jpg.rf.93d6a8c4e44e5acb95a80f4bd109708f.jpg,1,0,93,70,195,0.8742603063583374
sub_1924,006393_jpg.rf.93d6a8c4e44e5acb95a80f4bd109708f.jpg,1,391,114,427,155,0.8511415719985962
sub_1925,006393_jpg.rf.93d6a8c4e44e5acb95a80f4bd109708f.jpg,1,251,116,290,161,0.809107780456543
sub_1926,006395_jpg.rf.8a447aadf3309c59800f1c45785d738d.jpg,1,168,29,270,168,0.8811790943145752
sub_1927,006395_jpg.rf.8a447aadf3309c59800f1c45785d738d.jpg,1,7,4,111,140,0.8804839849472046
sub_1928,006397_jpg.rf.52dd3c5e27eafc0668558982045987be.jpg,1,315,90,337,114,0.7659553289413452
sub_1929,006397_jpg.rf.52dd3c5e27eafc0668558982045987be.jpg,1,362,76,388,106,0.7637235522270203
sub_1930,006398_jpg.rf.d76821f14f5b307f7e188a879a2d992a.jpg,1,142,22,183,67,0.8734351396560669
sub_1931,006398_jpg.rf.d76821f14f5b307f7e188a879a2d992a.jpg,1,259,52,304,99,0.7360209226608276
sub_1932,006401_jpg.rf.0864c45d95481d4745ab26fb125b2bde.jpg,1,140,83,194,135,0.7857313752174377
sub_1933,006401_jpg.rf.0864c45d95481d4745ab26fb125b2bde.jpg,1,112,33,144,70,0.5327935814857483
sub_1934,006403_jpg.rf.b4fb3e2cac7b0a10da9afa392dc735e1.jpg,1,260,5,357,115,0.8703774213790894
sub_1935,006403_jpg.rf.b4fb3e2cac7b0a10da9afa392dc735e1.jpg,1,330,85,368,130,0.7305824160575867
sub_1936,006404_jpg.rf.ebd154ea406b703062591730a9502efd.jpg,1,289,30,360,115,0.8924311995506287
sub_1937,006404_jpg.rf.ebd154ea406b703062591730a9502efd.jpg,1,0,33,67,110,0.8800866007804871
sub_1938,006404_jpg.rf.ebd154ea406b703062591730a9502efd.jpg,1,100,50,145,103,0.8732833862304688
sub_1939,006404_jpg.rf.ebd154ea406b703062591730a9502efd.jpg,1,196,46,234,95,0.8561241030693054
sub_1940,006404_jpg.rf.ebd154ea406b703062591730a9502efd.jpg,1,142,47,169,89,0.7418118119239807
sub_1941,006405_jpg.rf.11f84ef0a90eac06d799c0f868d2991c.jpg,1,206,0,293,100,0.8953236937522888
sub_1942,006406_jpg.rf.10764eaec85a39f0d3f272573f939ba3.jpg,1,58,60,250,294,0.8602718710899353
sub_1943,006407_jpg.rf.c1ed49e4c41acdb27ab0968f8a300419.jpg,0,113,81,146,120,0.8403103351593018
sub_1944,006407_jpg.rf.c1ed49e4c41acdb27ab0968f8a300419.jpg,0,309,77,342,118,0.8319600224494934
sub_1945,006407_jpg.rf.c1ed49e4c41acdb27ab0968f8a300419.jpg,0,419,89,444,120,0.8277692794799805
sub_1946,006407_jpg.rf.c1ed49e4c41acdb27ab0968f8a300419.jpg,0,211,90,239,125,0.803463876247406
sub_1947,006407_jpg.rf.c1ed49e4c41acdb27ab0968f8a300419.jpg,1,371,95,394,125,0.7599343657493591
sub_1948,006407_jpg.rf.c1ed49e4c41acdb27ab0968f8a300419.jpg,0,260,103,278,126,0.5541441440582275
sub_1949,006407_jpg.rf.c1ed49e4c41acdb27ab0968f8a300419.jpg,1,391,110,408,130,0.5153684020042419
sub_1950,006409_jpg.rf.84196e64af2ebbedc194f8144cd51ce4.jpg,0,327,81,375,143,0.9014601707458496
sub_1951,006409_jpg.rf.84196e64af2ebbedc194f8144cd51ce4.jpg,0,86,99,132,152,0.8907051086425781
sub_1952,006409_jpg.rf.84196e64af2ebbedc194f8144cd51ce4.jpg,1,234,92,277,147,0.8525397181510925
sub_1953,006409_jpg.rf.84196e64af2ebbedc194f8144cd51ce4.jpg,0,0,44,48,153,0.8443374037742615
sub_1954,006409_jpg.rf.84196e64af2ebbedc194f8144cd51ce4.jpg,0,160,99,194,136,0.8361953496932983
sub_1955,006409_jpg.rf.84196e64af2ebbedc194f8144cd51ce4.jpg,1,221,116,243,150,0.8334348797798157
sub_1956,006409_jpg.rf.84196e64af2ebbedc194f8144cd51ce4.jpg,0,367,105,391,140,0.781133234500885
sub_1957,006409_jpg.rf.84196e64af2ebbedc194f8144cd51ce4.jpg,1,291,121,311,148,0.7083442211151123
sub_1958,006413_jpg.rf.ed0ad18d612a7cb4c339153bc8ad75f6.jpg,0,410,63,480,145,0.8943710923194885
sub_1959,006413_jpg.rf.ed0ad18d612a7cb4c339153bc8ad75f6.jpg,1,86,83,145,159,0.8689011335372925
sub_1960,006413_jpg.rf.ed0ad18d612a7cb4c339153bc8ad75f6.jpg,1,14,86,81,169,0.8553120493888855
sub_1961,006413_jpg.rf.ed0ad18d612a7cb4c339153bc8ad75f6.jpg,1,322,60,378,147,0.8499186635017395
sub_1962,006413_jpg.rf.ed0ad18d612a7cb4c339153bc8ad75f6.jpg,1,168,74,234,156,0.8259523510932922
sub_1963,006419_jpg.rf.60462b4a6ce52e660e8ff01bbbbce40c.jpg,1,241,140,291,187,0.4832378923892975
sub_1964,006422_jpg.rf.e3adf1a89ac6a8ab8e383588ca93ad92.jpg,0,275,145,298,171,0.8041667938232422
sub_1965,006422_jpg.rf.e3adf1a89ac6a8ab8e383588ca93ad92.jpg,0,93,146,116,172,0.7871029376983643
sub_1966,006422_jpg.rf.e3adf1a89ac6a8ab8e383588ca93ad92.jpg,1,321,145,341,169,0.781810462474823
sub_1967,006422_jpg.rf.e3adf1a89ac6a8ab8e383588ca93ad92.jpg,0,231,146,251,170,0.699101984500885
sub_1968,006422_jpg.rf.e3adf1a89ac6a8ab8e383588ca93ad92.jpg,1,363,135,384,164,0.6965147852897644
sub_1969,006422_jpg.rf.e3adf1a89ac6a8ab8e383588ca93ad92.jpg,1,381,138,399,163,0.6523186564445496
sub_1970,006422_jpg.rf.e3adf1a89ac6a8ab8e383588ca93ad92.jpg,0,127,143,144,166,0.6420082449913025
sub_1971,006422_jpg.rf.e3adf1a89ac6a8ab8e383588ca93ad92.jpg,0,185,144,207,170,0.6175144910812378
sub_1972,006422_jpg.rf.e3adf1a89ac6a8ab8e383588ca93ad92.jpg,0,150,150,166,170,0.424500972032547
sub_1973,006422_jpg.rf.e3adf1a89ac6a8ab8e383588ca93ad92.jpg,1,150,149,167,169,0.40249624848365784
sub_1974,006424_jpg.rf.f43e4ec5c2cb3bd1c484aba759afaa4c.jpg,1,96,62,136,105,0.8964534401893616
sub_1975,006424_jpg.rf.f43e4ec5c2cb3bd1c484aba759afaa4c.jpg,1,331,76,371,124,0.8649560809135437
sub_1976,006425_jpg.rf.642c6eb18ab7e7d2e7e2df94448e14c2.jpg,1,206,82,237,124,0.8715143799781799
sub_1977,006425_jpg.rf.642c6eb18ab7e7d2e7e2df94448e14c2.jpg,1,70,12,116,60,0.8713082075119019
sub_1978,006425_jpg.rf.642c6eb18ab7e7d2e7e2df94448e14c2.jpg,1,402,48,434,85,0.8309791088104248
sub_1979,006428_jpg.rf.8b5533ff9d7a126081622a8feadbc5d5.jpg,1,267,98,313,150,0.8407289981842041
sub_1980,006428_jpg.rf.8b5533ff9d7a126081622a8feadbc5d5.jpg,1,131,93,172,148,0.8294872045516968
sub_1981,006428_jpg.rf.8b5533ff9d7a126081622a8feadbc5d5.jpg,1,32,102,81,159,0.8173120617866516
sub_1982,006428_jpg.rf.8b5533ff9d7a126081622a8feadbc5d5.jpg,1,344,84,411,162,0.8163081407546997
sub_1983,006428_jpg.rf.8b5533ff9d7a126081622a8feadbc5d5.jpg,1,200,105,233,153,0.8010978698730469
sub_1984,006428_jpg.rf.8b5533ff9d7a126081622a8feadbc5d5.jpg,1,397,101,426,152,0.7152169346809387
sub_1985,006429_jpg.rf.d24539e70a7706527e4cb43eb7200a78.jpg,1,87,148,124,190,0.8325198888778687
sub_1986,006429_jpg.rf.d24539e70a7706527e4cb43eb7200a78.jpg,1,259,80,286,111,0.7910065054893494
sub_1987,006429_jpg.rf.d24539e70a7706527e4cb43eb7200a78.jpg,1,316,123,344,150,0.7507078647613525
sub_1988,006433_jpg.rf.f2bc63567dab320dd46e49dc5f431aa4.jpg,1,46,202,90,249,0.8294582962989807
sub_1989,006433_jpg.rf.f2bc63567dab320dd46e49dc5f431aa4.jpg,1,250,237,298,284,0.825188934803009
sub_1990,006433_jpg.rf.f2bc63567dab320dd46e49dc5f431aa4.jpg,1,0,222,19,246,0.7165294289588928
sub_1991,006435_jpg.rf.23f1c47d018c3006810631482e497b89.jpg,1,301,2,405,124,0.8983533382415771
sub_1992,006435_jpg.rf.23f1c47d018c3006810631482e497b89.jpg,1,94,38,191,148,0.8777469396591187
sub_1993,006440_jpg.rf.7910aa9406f76603f214cd62477871e8.jpg,1,218,210,236,230,0.7814526557922363
sub_1994,006440_jpg.rf.7910aa9406f76603f214cd62477871e8.jpg,1,118,197,136,219,0.7181527614593506
sub_1995,006441_jpg.rf.dbd88904f20b76061fc8b80f536d2e54.jpg,1,187,4,423,257,0.9150399565696716
sub_1996,006445_jpg.rf.e1b9115896a03cbd8d77ca0e5441ea52.jpg,0,140,44,171,82,0.8489242792129517
sub_1997,006445_jpg.rf.e1b9115896a03cbd8d77ca0e5441ea52.jpg,1,276,49,312,90,0.8466954231262207
sub_1998,006445_jpg.rf.e1b9115896a03cbd8d77ca0e5441ea52.jpg,1,226,62,254,97,0.8398370146751404
sub_1999,006445_jpg.rf.e1b9115896a03cbd8d77ca0e5441ea52.jpg,1,334,110,350,126,0.6526139974594116
sub_2000,006450_jpg.rf.f05f6bffeca981664b2be19896e264f2.jpg,1,67,2,203,118,0.8753744959831238
sub_2001,006450_jpg.rf.f05f6bffeca981664b2be19896e264f2.jpg,1,401,56,459,122,0.867590069770813
sub_2002,006450_jpg.rf.f05f6bffeca981664b2be19896e264f2.jpg,1,260,52,311,121,0.8618729710578918
sub_2003,006454_jpg.rf.d1db8502629804887c34be15d37267f1.jpg,1,299,84,374,172,0.8589559197425842
sub_2004,006454_jpg.rf.d1db8502629804887c34be15d37267f1.jpg,1,245,110,300,184,0.8576107621192932
sub_2005,006456_jpg.rf.a62c42264dac8084902c6002f71d666f.jpg,1,440,196,499,286,0.8356545567512512
sub_2006,006456_jpg.rf.a62c42264dac8084902c6002f71d666f.jpg,1,236,89,264,123,0.7586972713470459
sub_2007,006456_jpg.rf.a62c42264dac8084902c6002f71d666f.jpg,1,317,145,349,180,0.7526041865348816
sub_2008,006459_jpg.rf.a4266180957dc4b987a3bb8c4fea4541.jpg,1,64,132,153,226,0.864924430847168
sub_2009,006459_jpg.rf.a4266180957dc4b987a3bb8c4fea4541.jpg,1,179,167,238,238,0.8329174518585205
sub_2010,006461_jpg.rf.1565c40d5431db5a23cb3f458af4d955.jpg,1,403,67,492,194,0.884303092956543
sub_2011,006461_jpg.rf.1565c40d5431db5a23cb3f458af4d955.jpg,1,272,86,355,194,0.867272675037384
sub_2012,006461_jpg.rf.1565c40d5431db5a23cb3f458af4d955.jpg,1,155,39,246,158,0.8617916703224182
sub_2013,006463_jpg.rf.97e9d149d6fcf5a40dd0bbeab04122d7.jpg,1,62,116,102,164,0.857302725315094
sub_2014,006463_jpg.rf.97e9d149d6fcf5a40dd0bbeab04122d7.jpg,1,178,120,214,160,0.8261033892631531
sub_2015,006463_jpg.rf.97e9d149d6fcf5a40dd0bbeab04122d7.jpg,1,293,133,320,167,0.8076300621032715
sub_2016,006463_jpg.rf.97e9d149d6fcf5a40dd0bbeab04122d7.jpg,1,109,137,134,169,0.7923387885093689
sub_2017,006463_jpg.rf.97e9d149d6fcf5a40dd0bbeab04122d7.jpg,1,218,128,244,160,0.7914159893989563
sub_2018,006463_jpg.rf.97e9d149d6fcf5a40dd0bbeab04122d7.jpg,1,335,141,358,169,0.7629641890525818
sub_2019,006463_jpg.rf.97e9d149d6fcf5a40dd0bbeab04122d7.jpg,1,477,165,496,187,0.7535801529884338
sub_2020,006463_jpg.rf.97e9d149d6fcf5a40dd0bbeab04122d7.jpg,1,401,134,433,168,0.6692119836807251
sub_2021,006463_jpg.rf.97e9d149d6fcf5a40dd0bbeab04122d7.jpg,1,377,144,398,171,0.6231368184089661
sub_2022,006468_jpg.rf.f92244b493a834633fd7d7d03c05985f.jpg,1,237,88,283,142,0.852694034576416
sub_2023,006468_jpg.rf.f92244b493a834633fd7d7d03c05985f.jpg,1,346,92,406,160,0.8509567379951477
sub_2024,006468_jpg.rf.f92244b493a834633fd7d7d03c05985f.jpg,1,299,89,330,126,0.820823073387146
sub_2025,006468_jpg.rf.f92244b493a834633fd7d7d03c05985f.jpg,1,194,101,224,140,0.7983989715576172
sub_2026,006474_jpg.rf.9cef2a1db98e77bad7bd82bdc7496888.jpg,1,290,0,488,235,0.8930138945579529
sub_2027,006477_jpg.rf.93599d45bcc29e12e9494559fcf296fb.jpg,1,431,182,469,220,0.9118523001670837
sub_2028,006477_jpg.rf.93599d45bcc29e12e9494559fcf296fb.jpg,1,434,114,451,132,0.7134206891059875
sub_2029,006477_jpg.rf.93599d45bcc29e12e9494559fcf296fb.jpg,1,289,122,311,144,0.6438335180282593
sub_2030,006477_jpg.rf.93599d45bcc29e12e9494559fcf296fb.jpg,1,296,66,319,87,0.5088350176811218
sub_2031,006478_jpg.rf.9fa3d5589fa984ed7c0499e34f828942.jpg,1,172,37,288,145,0.8520633578300476
sub_2032,006479_jpg.rf.9e4088a6a58bb167c97ab4583b7bf66e.jpg,1,435,149,522,264,0.7301859855651855
sub_2033,006481_jpg.rf.ac2df33155f14ce4dcd5b98d749ed050.jpg,1,417,121,454,167,0.8718588948249817
sub_2034,006481_jpg.rf.ac2df33155f14ce4dcd5b98d749ed050.jpg,1,3,123,37,166,0.8649587631225586
sub_2035,006481_jpg.rf.ac2df33155f14ce4dcd5b98d749ed050.jpg,1,211,120,244,167,0.8202049136161804
sub_2036,006481_jpg.rf.ac2df33155f14ce4dcd5b98d749ed050.jpg,1,249,119,277,156,0.8149933218955994
sub_2037,006481_jpg.rf.ac2df33155f14ce4dcd5b98d749ed050.jpg,1,117,132,150,172,0.8014281988143921
sub_2038,006481_jpg.rf.ac2df33155f14ce4dcd5b98d749ed050.jpg,1,190,126,218,166,0.7945302724838257
sub_2039,006481_jpg.rf.ac2df33155f14ce4dcd5b98d749ed050.jpg,1,319,125,355,168,0.7835906744003296
sub_2040,006481_jpg.rf.ac2df33155f14ce4dcd5b98d749ed050.jpg,1,206,122,223,168,0.5075984001159668
sub_2041,006482_jpg.rf.229baa2dcf8be5b07fb76db1879795ef.jpg,1,263,140,302,183,0.8457776308059692
sub_2042,006482_jpg.rf.229baa2dcf8be5b07fb76db1879795ef.jpg,1,113,163,129,182,0.6737895607948303
sub_2043,006483_jpg.rf.045bcc459027f3ef3a9eb28c9164376a.jpg,1,288,18,426,198,0.8812161684036255
sub_2044,006483_jpg.rf.045bcc459027f3ef3a9eb28c9164376a.jpg,1,400,2,573,153,0.8698984384536743
sub_2045,006484_jpg.rf.d7a22da9dd835d62dc8b9e92623e863d.jpg,0,221,55,266,116,0.8687378168106079
sub_2046,006484_jpg.rf.d7a22da9dd835d62dc8b9e92623e863d.jpg,0,285,61,313,95,0.8605522513389587
sub_2047,006484_jpg.rf.d7a22da9dd835d62dc8b9e92623e863d.jpg,0,78,57,121,108,0.8447570204734802
sub_2048,006484_jpg.rf.d7a22da9dd835d62dc8b9e92623e863d.jpg,0,191,69,226,121,0.837954044342041
sub_2049,006484_jpg.rf.d7a22da9dd835d62dc8b9e92623e863d.jpg,1,405,60,431,94,0.8243125081062317
sub_2050,006484_jpg.rf.d7a22da9dd835d62dc8b9e92623e863d.jpg,0,141,74,170,110,0.8137929439544678
sub_2051,006484_jpg.rf.d7a22da9dd835d62dc8b9e92623e863d.jpg,1,345,74,365,101,0.7825344204902649
sub_2052,006484_jpg.rf.d7a22da9dd835d62dc8b9e92623e863d.jpg,1,194,148,252,211,0.663241982460022
sub_2053,006484_jpg.rf.d7a22da9dd835d62dc8b9e92623e863d.jpg,0,261,80,286,112,0.6508775949478149
sub_2054,006485_jpg.rf.4c63893fb9f8968eae82ec8af12fe529.jpg,1,327,9,363,49,0.8444716334342957
sub_2055,006485_jpg.rf.4c63893fb9f8968eae82ec8af12fe529.jpg,1,216,41,251,77,0.8355535268783569
sub_2056,006490_jpg.rf.f61dc39ce94c843f18f59029c9ad602e.jpg,1,223,57,332,195,0.8852131366729736
sub_2057,006491_jpg.rf.9a7f7f28027498731aac44eb1356a784.jpg,1,35,0,140,98,0.917188286781311
sub_2058,006491_jpg.rf.9a7f7f28027498731aac44eb1356a784.jpg,1,211,30,302,131,0.8756758570671082
sub_2059,006491_jpg.rf.9a7f7f28027498731aac44eb1356a784.jpg,1,334,29,397,91,0.8378600478172302
sub_2060,006494_jpg.rf.8f8e23de33f6bfc37c4fa97d2c9094bf.jpg,1,328,14,371,71,0.8715783953666687
sub_2061,006494_jpg.rf.8f8e23de33f6bfc37c4fa97d2c9094bf.jpg,1,421,0,471,59,0.8545241355895996
sub_2062,006494_jpg.rf.8f8e23de33f6bfc37c4fa97d2c9094bf.jpg,1,256,10,295,61,0.8420354127883911
sub_2063,006494_jpg.rf.8f8e23de33f6bfc37c4fa97d2c9094bf.jpg,1,197,13,233,57,0.8391053080558777
sub_2064,006494_jpg.rf.8f8e23de33f6bfc37c4fa97d2c9094bf.jpg,1,11,55,43,97,0.8025751709938049
sub_2065,006494_jpg.rf.8f8e23de33f6bfc37c4fa97d2c9094bf.jpg,1,0,32,13,90,0.6225908994674683
sub_2066,006497_jpg.rf.be9fa60c8dc15ce576986f41750ecdca.jpg,1,67,150,105,189,0.8714385628700256
sub_2067,006497_jpg.rf.be9fa60c8dc15ce576986f41750ecdca.jpg,1,212,73,243,107,0.8531177043914795
sub_2068,006497_jpg.rf.be9fa60c8dc15ce576986f41750ecdca.jpg,1,330,88,357,114,0.70527583360672
sub_2069,006497_jpg.rf.be9fa60c8dc15ce576986f41750ecdca.jpg,1,378,29,395,48,0.6881780624389648
sub_2070,006497_jpg.rf.be9fa60c8dc15ce576986f41750ecdca.jpg,1,285,94,302,112,0.6779372692108154
sub_2071,006498_jpg.rf.dbedafd101383fdb0c6e7c2b5ef93f89.jpg,0,336,111,369,149,0.8527878522872925
sub_2072,006498_jpg.rf.dbedafd101383fdb0c6e7c2b5ef93f89.jpg,0,180,133,212,172,0.8411514163017273
sub_2073,006498_jpg.rf.dbedafd101383fdb0c6e7c2b5ef93f89.jpg,0,124,138,146,164,0.8203204870223999
sub_2074,006498_jpg.rf.dbedafd101383fdb0c6e7c2b5ef93f89.jpg,0,216,128,241,161,0.7954837679862976
sub_2075,006498_jpg.rf.dbedafd101383fdb0c6e7c2b5ef93f89.jpg,1,27,127,55,162,0.7632186412811279
sub_2076,006498_jpg.rf.dbedafd101383fdb0c6e7c2b5ef93f89.jpg,0,311,137,330,161,0.7613015174865723
sub_2077,006498_jpg.rf.dbedafd101383fdb0c6e7c2b5ef93f89.jpg,0,240,136,259,162,0.7299093008041382
sub_2078,006498_jpg.rf.dbedafd101383fdb0c6e7c2b5ef93f89.jpg,0,156,148,174,172,0.7260017991065979
sub_2079,006498_jpg.rf.dbedafd101383fdb0c6e7c2b5ef93f89.jpg,0,273,137,291,160,0.7215999364852905
sub_2080,006501_jpg.rf.a54068670bdc36adbdeb2483d8bef580.jpg,1,214,86,283,168,0.834843099117279
sub_2081,006503_jpg.rf.87f1c015ff0b1e4a4ba6e54187dc74ac.jpg,1,113,14,199,118,0.8800660371780396
sub_2082,006503_jpg.rf.87f1c015ff0b1e4a4ba6e54187dc74ac.jpg,1,291,19,373,114,0.8589759469032288
sub_2083,006503_jpg.rf.87f1c015ff0b1e4a4ba6e54187dc74ac.jpg,1,212,18,263,90,0.8476569652557373
sub_2084,006503_jpg.rf.87f1c015ff0b1e4a4ba6e54187dc74ac.jpg,1,103,2,153,58,0.4595804512500763
sub_2085,006504_jpg.rf.74e068fa2feb6d971969fdececcd3507.jpg,1,231,199,251,221,0.71659255027771
sub_2086,006505_jpg.rf.2a38ec604fb233ae502e9c27dcea5460.jpg,0,136,126,188,187,0.8691236972808838
sub_2087,006505_jpg.rf.2a38ec604fb233ae502e9c27dcea5460.jpg,0,267,76,329,149,0.8457661271095276
sub_2088,006505_jpg.rf.2a38ec604fb233ae502e9c27dcea5460.jpg,0,212,83,262,153,0.7937555313110352
sub_2089,006508_jpg.rf.e25e7e37727df5465b9b65190d7eda8c.jpg,1,161,196,182,219,0.7852606177330017
sub_2090,006508_jpg.rf.e25e7e37727df5465b9b65190d7eda8c.jpg,1,449,197,467,218,0.7821409702301025
sub_2091,006508_jpg.rf.e25e7e37727df5465b9b65190d7eda8c.jpg,1,461,247,485,274,0.7407318949699402
sub_2092,006508_jpg.rf.e25e7e37727df5465b9b65190d7eda8c.jpg,1,84,170,101,189,0.6890314817428589
sub_2093,006508_jpg.rf.e25e7e37727df5465b9b65190d7eda8c.jpg,1,209,172,225,190,0.6674581170082092
sub_2094,006510_jpg.rf.deeb709ceb0a0557ca77ae571aed9a50.jpg,1,351,155,443,244,0.8598369359970093
sub_2095,006512_jpg.rf.dd5509149bc16ebe2000aeac6dcb8990.jpg,1,241,113,256,128,0.6860544085502625
sub_2096,006515_jpg.rf.078f5d767346a2f0811e233980ac52a1.jpg,0,308,144,337,182,0.8702567219734192
sub_2097,006515_jpg.rf.078f5d767346a2f0811e233980ac52a1.jpg,0,236,128,263,163,0.8621196746826172
sub_2098,006515_jpg.rf.078f5d767346a2f0811e233980ac52a1.jpg,0,147,113,177,149,0.8483444452285767
sub_2099,006515_jpg.rf.078f5d767346a2f0811e233980ac52a1.jpg,0,113,130,136,159,0.7928018569946289
sub_2100,006515_jpg.rf.078f5d767346a2f0811e233980ac52a1.jpg,0,202,133,227,164,0.759296178817749
sub_2101,006516_jpg.rf.b4850daf2c898e3d4e5726241eb8e664.jpg,1,136,113,179,171,0.857484757900238
sub_2102,006516_jpg.rf.b4850daf2c898e3d4e5726241eb8e664.jpg,1,206,120,252,182,0.8510443568229675
sub_2103,006519_jpg.rf.0cd35a08866e2f0f9cbc8210a2c33d9e.jpg,1,178,74,209,108,0.8065477609634399
sub_2104,006519_jpg.rf.0cd35a08866e2f0f9cbc8210a2c33d9e.jpg,1,274,83,300,113,0.7498827576637268
sub_2105,006519_jpg.rf.0cd35a08866e2f0f9cbc8210a2c33d9e.jpg,1,355,72,384,101,0.7367072105407715
sub_2106,006519_jpg.rf.0cd35a08866e2f0f9cbc8210a2c33d9e.jpg,1,431,95,457,120,0.6098797917366028
sub_2107,006522_jpg.rf.35da300f4ca3ec8ffaa3c419a8ad3c4c.jpg,0,364,156,396,194,0.887015163898468
sub_2108,006522_jpg.rf.35da300f4ca3ec8ffaa3c419a8ad3c4c.jpg,1,128,165,166,211,0.8243514895439148
sub_2109,006522_jpg.rf.35da300f4ca3ec8ffaa3c419a8ad3c4c.jpg,1,79,146,108,183,0.8212447166442871
sub_2110,006522_jpg.rf.35da300f4ca3ec8ffaa3c419a8ad3c4c.jpg,0,216,159,247,200,0.8174558281898499
sub_2111,006522_jpg.rf.35da300f4ca3ec8ffaa3c419a8ad3c4c.jpg,1,293,138,335,194,0.8022716045379639
sub_2112,006522_jpg.rf.35da300f4ca3ec8ffaa3c419a8ad3c4c.jpg,0,398,168,427,202,0.7672256827354431
sub_2113,006522_jpg.rf.35da300f4ca3ec8ffaa3c419a8ad3c4c.jpg,0,97,171,124,208,0.7587636709213257
sub_2114,006522_jpg.rf.35da300f4ca3ec8ffaa3c419a8ad3c4c.jpg,0,268,166,289,202,0.6856611371040344
sub_2115,006522_jpg.rf.35da300f4ca3ec8ffaa3c419a8ad3c4c.jpg,0,158,157,180,187,0.6325936317443848
sub_2116,006522_jpg.rf.35da300f4ca3ec8ffaa3c419a8ad3c4c.jpg,0,203,148,220,171,0.6006969809532166
sub_2117,006522_jpg.rf.35da300f4ca3ec8ffaa3c419a8ad3c4c.jpg,0,284,166,307,206,0.5327562689781189
sub_2118,006522_jpg.rf.35da300f4ca3ec8ffaa3c419a8ad3c4c.jpg,1,22,153,36,172,0.42329853773117065
sub_2119,006525_jpg.rf.4c85a5b6ca424eace302a113cfec5f46.jpg,1,198,21,251,94,0.8786724209785461
sub_2120,006525_jpg.rf.4c85a5b6ca424eace302a113cfec5f46.jpg,1,132,40,177,107,0.8484020829200745
sub_2121,006526_jpg.rf.078a94ff06221873fc570343eec006d8.jpg,1,279,145,307,172,0.6637740731239319
sub_2122,006526_jpg.rf.078a94ff06221873fc570343eec006d8.jpg,1,240,136,280,168,0.4205884337425232
sub_2123,006527_jpg.rf.c956bfa12fcacc87a9ccb77667265eef.jpg,1,232,106,271,141,0.6662328243255615
sub_2124,006527_jpg.rf.c956bfa12fcacc87a9ccb77667265eef.jpg,1,231,105,260,136,0.581088125705719
sub_2125,006533_jpg.rf.fd7b791ee13611fe66cf29a0c632934b.jpg,1,358,55,407,105,0.8515958786010742
sub_2126,006533_jpg.rf.fd7b791ee13611fe66cf29a0c632934b.jpg,1,315,63,353,113,0.7964627146720886
sub_2127,006534_jpg.rf.991e1bc7c6933c66bb8a6d9afdb9781e.jpg,1,0,111,189,340,0.9276476502418518
sub_2128,006534_jpg.rf.991e1bc7c6933c66bb8a6d9afdb9781e.jpg,1,237,80,356,239,0.8731783628463745
sub_2129,006535_jpg.rf.8432764869678305232a205aa036f2ba.jpg,1,239,122,276,167,0.8625149130821228
sub_2130,006535_jpg.rf.8432764869678305232a205aa036f2ba.jpg,1,100,65,167,126,0.7405036687850952
sub_2131,006535_jpg.rf.8432764869678305232a205aa036f2ba.jpg,0,325,110,365,153,0.43812090158462524
sub_2132,006539_jpg.rf.eb91f1ffb265f78fb94be1f25631eeca.jpg,1,206,108,267,188,0.8578807711601257
sub_2133,006541_jpg.rf.6405de863c66c7582e430d77804ed4ae.jpg,1,203,4,291,118,0.87409907579422
sub_2134,006541_jpg.rf.6405de863c66c7582e430d77804ed4ae.jpg,1,10,162,193,344,0.8569685220718384
sub_2135,006541_jpg.rf.6405de863c66c7582e430d77804ed4ae.jpg,0,339,78,409,170,0.7461314797401428
sub_2136,006542_jpg.rf.81c27fb5e3974480c0e580cf03c78754.jpg,1,439,519,469,555,0.8441774249076843
sub_2137,006542_jpg.rf.81c27fb5e3974480c0e580cf03c78754.jpg,1,142,519,172,554,0.814944326877594
sub_2138,006542_jpg.rf.81c27fb5e3974480c0e580cf03c78754.jpg,1,232,532,263,567,0.7893141508102417
sub_2139,006542_jpg.rf.81c27fb5e3974480c0e580cf03c78754.jpg,1,307,523,340,559,0.7709866762161255
sub_2140,006543_jpg.rf.38cc6589618bbf3219d8b57ea39fa04d.jpg,1,426,361,497,500,0.6983214020729065
sub_2141,006543_jpg.rf.38cc6589618bbf3219d8b57ea39fa04d.jpg,1,234,336,302,415,0.6827883720397949
sub_2142,006544_jpg.rf.faff32f65b463a40cb994b386fe3b2de.jpg,1,333,175,359,205,0.7929905652999878
sub_2143,006544_jpg.rf.faff32f65b463a40cb994b386fe3b2de.jpg,1,156,170,180,196,0.7204592823982239
sub_2144,006546_jpg.rf.500ec3c59ddda506e229ad6580ea743f.jpg,1,71,132,156,222,0.8648496270179749
sub_2145,006546_jpg.rf.500ec3c59ddda506e229ad6580ea743f.jpg,1,365,93,430,169,0.8567283153533936
sub_2146,006546_jpg.rf.500ec3c59ddda506e229ad6580ea743f.jpg,1,238,0,263,20,0.4682020843029022
sub_2147,006548_jpg.rf.e951e271f17378446699ac44ef9f95e5.jpg,1,452,93,500,165,0.8804765939712524
sub_2148,006548_jpg.rf.e951e271f17378446699ac44ef9f95e5.jpg,1,120,154,156,198,0.8785824775695801
sub_2149,006548_jpg.rf.e951e271f17378446699ac44ef9f95e5.jpg,1,239,135,275,182,0.8353869915008545
sub_2150,006548_jpg.rf.e951e271f17378446699ac44ef9f95e5.jpg,1,363,137,407,187,0.8279726505279541
sub_2151,006548_jpg.rf.e951e271f17378446699ac44ef9f95e5.jpg,1,167,149,192,179,0.7738720774650574
sub_2152,006548_jpg.rf.e951e271f17378446699ac44ef9f95e5.jpg,1,414,143,437,173,0.7626820802688599
sub_2153,006548_jpg.rf.e951e271f17378446699ac44ef9f95e5.jpg,1,362,125,388,153,0.5150001049041748
sub_2154,006551_jpg.rf.e78f0e3ac03a325b40978d90c46ab482.jpg,1,105,84,133,112,0.8162663578987122
sub_2155,006551_jpg.rf.e78f0e3ac03a325b40978d90c46ab482.jpg,1,0,73,24,96,0.7898750901222229
sub_2156,006551_jpg.rf.e78f0e3ac03a325b40978d90c46ab482.jpg,1,305,74,338,105,0.7880851030349731
sub_2157,006552_jpg.rf.f12ad56db0eacfe2704a36c49c6c393d.jpg,1,143,95,174,133,0.8125321865081787
sub_2158,006552_jpg.rf.f12ad56db0eacfe2704a36c49c6c393d.jpg,1,30,58,56,90,0.7775649428367615
sub_2159,006552_jpg.rf.f12ad56db0eacfe2704a36c49c6c393d.jpg,1,315,56,340,87,0.7760283946990967
sub_2160,006552_jpg.rf.f12ad56db0eacfe2704a36c49c6c393d.jpg,1,325,73,355,110,0.7700364589691162
sub_2161,006552_jpg.rf.f12ad56db0eacfe2704a36c49c6c393d.jpg,1,433,59,456,90,0.7650582194328308
sub_2162,006552_jpg.rf.f12ad56db0eacfe2704a36c49c6c393d.jpg,1,354,58,379,88,0.7449686527252197
sub_2163,006552_jpg.rf.f12ad56db0eacfe2704a36c49c6c393d.jpg,0,166,72,193,101,0.5966459512710571
sub_2164,006554_jpg.rf.97efc1f4d47ae0ec09f17d12b8cde5b9.jpg,1,126,105,164,146,0.847822904586792
sub_2165,006554_jpg.rf.97efc1f4d47ae0ec09f17d12b8cde5b9.jpg,1,282,87,313,126,0.8164594173431396
sub_2166,006554_jpg.rf.97efc1f4d47ae0ec09f17d12b8cde5b9.jpg,1,181,161,204,191,0.746789813041687
sub_2167,006555_jpg.rf.d068d1f30a5c541e377707261200ee2a.jpg,1,380,121,416,160,0.8666809797286987
sub_2168,006555_jpg.rf.d068d1f30a5c541e377707261200ee2a.jpg,1,318,201,346,230,0.834588348865509
sub_2169,006556_jpg.rf.46fbbab77c7ab9d955265a2f328af05f.jpg,1,141,94,266,276,0.8718352913856506
sub_2170,006556_jpg.rf.46fbbab77c7ab9d955265a2f328af05f.jpg,1,325,130,388,211,0.8370185494422913
sub_2171,006556_jpg.rf.46fbbab77c7ab9d955265a2f328af05f.jpg,1,42,162,112,250,0.8231241703033447
sub_2172,006556_jpg.rf.46fbbab77c7ab9d955265a2f328af05f.jpg,1,273,177,320,240,0.7555894255638123
sub_2173,006560_jpg.rf.49331e907270f33328f438269c156aa2.jpg,1,245,20,324,126,0.891245424747467
sub_2174,006560_jpg.rf.49331e907270f33328f438269c156aa2.jpg,0,441,7,471,45,0.7736800909042358
sub_2175,006560_jpg.rf.49331e907270f33328f438269c156aa2.jpg,1,149,107,173,136,0.6801416873931885
sub_2176,006560_jpg.rf.49331e907270f33328f438269c156aa2.jpg,0,477,15,499,48,0.6556474566459656
sub_2177,006560_jpg.rf.49331e907270f33328f438269c156aa2.jpg,0,352,58,374,84,0.5498287677764893
sub_2178,006561_jpg.rf.748e78de9a76d06604aadffa764de6a3.jpg,1,50,68,180,213,0.8907226920127869
sub_2179,006561_jpg.rf.748e78de9a76d06604aadffa764de6a3.jpg,1,241,54,306,145,0.8572282791137695
sub_2180,006561_jpg.rf.748e78de9a76d06604aadffa764de6a3.jpg,1,382,50,499,268,0.7524538040161133
sub_2181,006563_jpg.rf.1b28f16f8b2550108fe89d4fcc6f8998.jpg,1,249,319,346,414,0.8591657280921936
sub_2182,006563_jpg.rf.1b28f16f8b2550108fe89d4fcc6f8998.jpg,1,378,455,446,537,0.8435093760490417
sub_2183,006565_jpg.rf.f012cc6cc1d64e1b60d0afccabe1ceed.jpg,1,268,51,309,97,0.864421546459198
sub_2184,006565_jpg.rf.f012cc6cc1d64e1b60d0afccabe1ceed.jpg,1,160,39,200,83,0.8364722728729248
sub_2185,006565_jpg.rf.f012cc6cc1d64e1b60d0afccabe1ceed.jpg,1,223,39,259,84,0.8135600686073303
sub_2186,006565_jpg.rf.f012cc6cc1d64e1b60d0afccabe1ceed.jpg,1,97,81,115,103,0.5654557347297668
sub_2187,006567_jpg.rf.e84c754a600183af07c35683ec8d0f74.jpg,1,220,207,268,260,0.8227066397666931
sub_2188,006567_jpg.rf.e84c754a600183af07c35683ec8d0f74.jpg,1,380,204,403,232,0.7742896676063538
sub_2189,006567_jpg.rf.e84c754a600183af07c35683ec8d0f74.jpg,1,160,208,203,263,0.7673735022544861
sub_2190,006567_jpg.rf.e84c754a600183af07c35683ec8d0f74.jpg,1,295,199,321,230,0.7382739782333374
sub_2191,006567_jpg.rf.e84c754a600183af07c35683ec8d0f74.jpg,1,393,185,418,215,0.5900757908821106
sub_2192,006567_jpg.rf.e84c754a600183af07c35683ec8d0f74.jpg,1,339,197,365,229,0.5895832180976868
sub_2193,006567_jpg.rf.e84c754a600183af07c35683ec8d0f74.jpg,1,428,205,443,222,0.5874159932136536
sub_2194,006567_jpg.rf.e84c754a600183af07c35683ec8d0f74.jpg,1,191,205,221,249,0.5520343780517578
sub_2195,006567_jpg.rf.e84c754a600183af07c35683ec8d0f74.jpg,1,489,207,499,237,0.5133628249168396
sub_2196,006567_jpg.rf.e84c754a600183af07c35683ec8d0f74.jpg,1,223,190,241,212,0.49019867181777954
sub_2197,006567_jpg.rf.e84c754a600183af07c35683ec8d0f74.jpg,1,330,194,353,227,0.4885639548301697
sub_2198,006567_jpg.rf.e84c754a600183af07c35683ec8d0f74.jpg,1,55,209,96,261,0.4758205711841583
sub_2199,006567_jpg.rf.e84c754a600183af07c35683ec8d0f74.jpg,1,86,203,169,277,0.4347647726535797
sub_2200,006567_jpg.rf.e84c754a600183af07c35683ec8d0f74.jpg,1,476,206,495,233,0.43274497985839844
sub_2201,006568_jpg.rf.7114ee885b146c924b2676ed69120086.jpg,1,285,0,327,49,0.8754096627235413
sub_2202,006568_jpg.rf.7114ee885b146c924b2676ed69120086.jpg,1,211,16,239,53,0.8410513997077942
sub_2203,006569_jpg.rf.20680a765ed9f413f611e31a4d43bd77.jpg,1,262,92,318,161,0.88414466381073
sub_2204,006569_jpg.rf.20680a765ed9f413f611e31a4d43bd77.jpg,1,210,142,243,182,0.8467487692832947
sub_2205,006572_jpg.rf.17d57e52df94c323de9dd024fe7162b9.jpg,0,420,86,468,143,0.9129785895347595
sub_2206,006572_jpg.rf.17d57e52df94c323de9dd024fe7162b9.jpg,0,313,115,342,153,0.8590676188468933
sub_2207,006572_jpg.rf.17d57e52df94c323de9dd024fe7162b9.jpg,0,20,124,49,156,0.8392943739891052
sub_2208,006572_jpg.rf.17d57e52df94c323de9dd024fe7162b9.jpg,0,136,132,162,162,0.8072826266288757
sub_2209,006572_jpg.rf.17d57e52df94c323de9dd024fe7162b9.jpg,0,275,134,304,172,0.793420672416687
sub_2210,006572_jpg.rf.17d57e52df94c323de9dd024fe7162b9.jpg,0,208,131,230,161,0.767501711845398
sub_2211,006572_jpg.rf.17d57e52df94c323de9dd024fe7162b9.jpg,0,230,127,252,155,0.7585911154747009
sub_2212,006572_jpg.rf.17d57e52df94c323de9dd024fe7162b9.jpg,0,82,124,104,151,0.7455413341522217
sub_2213,006572_jpg.rf.17d57e52df94c323de9dd024fe7162b9.jpg,0,251,128,275,164,0.7133578658103943
sub_2214,006573_jpg.rf.9940a468be7272e66dd596c9a28bcfc0.jpg,1,348,134,367,157,0.6847859025001526
sub_2215,006573_jpg.rf.9940a468be7272e66dd596c9a28bcfc0.jpg,1,342,154,366,176,0.43516966700553894
sub_2216,006575_jpg.rf.b3e85a8cf7c79b1c90c108b39a163241.jpg,1,386,37,408,62,0.8211712837219238
sub_2217,006575_jpg.rf.b3e85a8cf7c79b1c90c108b39a163241.jpg,1,300,234,349,284,0.8134694695472717
sub_2218,006575_jpg.rf.b3e85a8cf7c79b1c90c108b39a163241.jpg,1,107,85,129,110,0.7947316765785217
sub_2219,006575_jpg.rf.b3e85a8cf7c79b1c90c108b39a163241.jpg,1,35,131,60,162,0.7485363483428955
sub_2220,006575_jpg.rf.b3e85a8cf7c79b1c90c108b39a163241.jpg,1,215,156,239,183,0.7428095936775208
sub_2221,006575_jpg.rf.b3e85a8cf7c79b1c90c108b39a163241.jpg,1,183,87,202,108,0.7407373785972595
sub_2222,006575_jpg.rf.b3e85a8cf7c79b1c90c108b39a163241.jpg,1,439,110,461,136,0.7372256517410278
sub_2223,006575_jpg.rf.b3e85a8cf7c79b1c90c108b39a163241.jpg,1,146,137,169,164,0.7234535217285156
sub_2224,006575_jpg.rf.b3e85a8cf7c79b1c90c108b39a163241.jpg,1,270,128,287,147,0.7205171585083008
sub_2225,006575_jpg.rf.b3e85a8cf7c79b1c90c108b39a163241.jpg,1,148,73,163,92,0.6815744638442993
sub_2226,006575_jpg.rf.b3e85a8cf7c79b1c90c108b39a163241.jpg,1,123,112,144,138,0.48653146624565125
sub_2227,006579_jpg.rf.07e8f73f02066f6ad3c9d82c9f688cb0.jpg,0,155,54,203,116,0.9303876757621765
sub_2228,006579_jpg.rf.07e8f73f02066f6ad3c9d82c9f688cb0.jpg,0,47,48,99,113,0.91415935754776
sub_2229,006579_jpg.rf.07e8f73f02066f6ad3c9d82c9f688cb0.jpg,0,258,54,298,110,0.8708994388580322
sub_2230,006579_jpg.rf.07e8f73f02066f6ad3c9d82c9f688cb0.jpg,0,280,74,344,149,0.8646281957626343
sub_2231,006585_jpg.rf.36cf42f9903d3b5efaadd6bb4c814076.jpg,1,370,128,396,155,0.7522140145301819
sub_2232,006585_jpg.rf.36cf42f9903d3b5efaadd6bb4c814076.jpg,1,301,131,327,159,0.7472314238548279
sub_2233,006585_jpg.rf.36cf42f9903d3b5efaadd6bb4c814076.jpg,1,62,105,89,139,0.5558480024337769
sub_2234,006586_jpg.rf.3c16493a747d7681c8fb4f6f1f600491.jpg,1,248,192,280,232,0.8456822633743286
sub_2235,006586_jpg.rf.3c16493a747d7681c8fb4f6f1f600491.jpg,1,357,189,386,221,0.8267856240272522
sub_2236,006587_jpg.rf.035f6fcdeae33519da6e4de19f1c623c.jpg,1,323,89,427,208,0.8770947456359863
sub_2237,006587_jpg.rf.035f6fcdeae33519da6e4de19f1c623c.jpg,1,147,45,236,156,0.8739699125289917
sub_2238,006587_jpg.rf.035f6fcdeae33519da6e4de19f1c623c.jpg,1,259,31,341,140,0.8705291748046875
sub_2239,006589_jpg.rf.53bc72ded8b220543eb8ec247b254cae.jpg,1,327,98,388,176,0.9056050777435303
sub_2240,006589_jpg.rf.53bc72ded8b220543eb8ec247b254cae.jpg,1,387,69,483,182,0.8917559385299683
sub_2241,006589_jpg.rf.53bc72ded8b220543eb8ec247b254cae.jpg,1,62,82,146,180,0.8638430833816528
sub_2242,006589_jpg.rf.53bc72ded8b220543eb8ec247b254cae.jpg,1,206,84,268,162,0.8480018377304077
sub_2243,006594_jpg.rf.0649e8447424300f131dd3e3d3ea24cf.jpg,1,272,57,332,126,0.8464404344558716
sub_2244,006597_jpg.rf.ad701d4832539eb18d7a95ad146dd76b.jpg,1,118,0,184,67,0.8651123642921448
sub_2245,006599_jpg.rf.3fe1ee9667401351a1017877b3162ccc.jpg,1,56,52,111,121,0.8988402485847473
sub_2246,006599_jpg.rf.3fe1ee9667401351a1017877b3162ccc.jpg,1,169,88,213,144,0.8620578050613403
sub_2247,006599_jpg.rf.3fe1ee9667401351a1017877b3162ccc.jpg,0,402,45,466,119,0.8387693166732788
sub_2248,006599_jpg.rf.3fe1ee9667401351a1017877b3162ccc.jpg,0,256,73,287,117,0.8283725380897522
sub_2249,006599_jpg.rf.3fe1ee9667401351a1017877b3162ccc.jpg,0,349,91,383,137,0.804709255695343
sub_2250,006599_jpg.rf.3fe1ee9667401351a1017877b3162ccc.jpg,1,0,80,22,131,0.7851555943489075
sub_2251,006599_jpg.rf.3fe1ee9667401351a1017877b3162ccc.jpg,0,100,84,130,128,0.7714377045631409
sub_2252,006599_jpg.rf.3fe1ee9667401351a1017877b3162ccc.jpg,0,323,78,352,118,0.7714168429374695
sub_2253,006599_jpg.rf.3fe1ee9667401351a1017877b3162ccc.jpg,0,473,74,499,125,0.7344635725021362
sub_2254,006599_jpg.rf.3fe1ee9667401351a1017877b3162ccc.jpg,0,371,73,396,106,0.6994102001190186
sub_2255,006599_jpg.rf.3fe1ee9667401351a1017877b3162ccc.jpg,0,288,101,311,130,0.6823910474777222
sub_2256,006599_jpg.rf.3fe1ee9667401351a1017877b3162ccc.jpg,0,238,82,260,115,0.583660900592804
sub_2257,006602_jpg.rf.d3beb14cd83de7fa918ebaa8085ca811.jpg,1,425,12,457,52,0.7917580008506775
sub_2258,006602_jpg.rf.d3beb14cd83de7fa918ebaa8085ca811.jpg,1,230,44,249,67,0.7384587526321411
sub_2259,006602_jpg.rf.d3beb14cd83de7fa918ebaa8085ca811.jpg,1,315,63,332,83,0.7177760004997253
sub_2260,006603_jpg.rf.d5673ea3235f2169d33a252121014a11.jpg,1,255,79,313,149,0.863625168800354
sub_2261,006607_jpg.rf.ea82572d0b67a40add1aa7763035cc40.jpg,1,335,140,363,171,0.7421460151672363
sub_2262,006609_jpg.rf.bb48ee728c646695a3fd11dd44bf7408.jpg,1,302,21,429,172,0.897905170917511
sub_2263,006609_jpg.rf.bb48ee728c646695a3fd11dd44bf7408.jpg,1,90,1,209,134,0.883848249912262
sub_2264,006612_jpg.rf.1d5a9f3389af07915d9abae59af5cdeb.jpg,1,247,195,268,222,0.8233521580696106
sub_2265,006612_jpg.rf.1d5a9f3389af07915d9abae59af5cdeb.jpg,1,204,192,235,230,0.8024224042892456
sub_2266,006612_jpg.rf.1d5a9f3389af07915d9abae59af5cdeb.jpg,1,318,186,345,217,0.7847973108291626
sub_2267,006612_jpg.rf.1d5a9f3389af07915d9abae59af5cdeb.jpg,1,142,202,162,228,0.7349604964256287
sub_2268,006612_jpg.rf.1d5a9f3389af07915d9abae59af5cdeb.jpg,1,164,199,184,226,0.6980183720588684
sub_2269,006612_jpg.rf.1d5a9f3389af07915d9abae59af5cdeb.jpg,1,182,199,201,223,0.6812997460365295
sub_2270,006612_jpg.rf.1d5a9f3389af07915d9abae59af5cdeb.jpg,1,350,197,372,227,0.6707906723022461
sub_2271,006612_jpg.rf.1d5a9f3389af07915d9abae59af5cdeb.jpg,1,286,194,307,221,0.6685810685157776
sub_2272,006612_jpg.rf.1d5a9f3389af07915d9abae59af5cdeb.jpg,1,307,199,323,223,0.6471787691116333
sub_2273,006612_jpg.rf.1d5a9f3389af07915d9abae59af5cdeb.jpg,1,372,196,394,224,0.6399977803230286
sub_2274,006612_jpg.rf.1d5a9f3389af07915d9abae59af5cdeb.jpg,1,311,190,328,219,0.5900200009346008
sub_2275,006612_jpg.rf.1d5a9f3389af07915d9abae59af5cdeb.jpg,1,272,197,290,222,0.5607203841209412
sub_2276,006613_jpg.rf.475b07259ebdea02cbe5fa15e0b1acc4.jpg,1,157,100,229,192,0.8563799262046814
sub_2277,006614_jpg.rf.5398dfa85cb985ffdb62225d1be9e5ea.jpg,1,212,6,243,46,0.8177756667137146
sub_2278,006614_jpg.rf.5398dfa85cb985ffdb62225d1be9e5ea.jpg,1,316,108,349,146,0.8174872398376465
sub_2279,006614_jpg.rf.5398dfa85cb985ffdb62225d1be9e5ea.jpg,1,158,116,199,157,0.44782060384750366
sub_2280,006617_jpg.rf.9b7ee9eed6f8354aa3f7ac833c363b09.jpg,1,251,164,292,211,0.8231233954429626
sub_2281,006618_jpg.rf.67c7c130a045ab49016c10cdf150a180.jpg,0,191,121,219,158,0.8737287521362305
sub_2282,006618_jpg.rf.67c7c130a045ab49016c10cdf150a180.jpg,0,417,109,462,163,0.8528000116348267
sub_2283,006618_jpg.rf.67c7c130a045ab49016c10cdf150a180.jpg,0,269,135,305,177,0.8372796177864075
sub_2284,006618_jpg.rf.67c7c130a045ab49016c10cdf150a180.jpg,0,137,123,165,162,0.8162761330604553
sub_2285,006618_jpg.rf.67c7c130a045ab49016c10cdf150a180.jpg,0,104,133,128,163,0.7713211178779602
sub_2286,006618_jpg.rf.67c7c130a045ab49016c10cdf150a180.jpg,0,380,142,416,187,0.7601518034934998
sub_2287,006618_jpg.rf.67c7c130a045ab49016c10cdf150a180.jpg,0,469,134,498,172,0.735192596912384
sub_2288,006618_jpg.rf.67c7c130a045ab49016c10cdf150a180.jpg,0,310,125,333,160,0.71647709608078
sub_2289,006618_jpg.rf.67c7c130a045ab49016c10cdf150a180.jpg,0,326,134,352,165,0.710712194442749
sub_2290,006618_jpg.rf.67c7c130a045ab49016c10cdf150a180.jpg,0,225,127,253,163,0.7077277898788452
sub_2291,006619_jpg.rf.2b4571557ffe5c6d93e348dc57f85c62.jpg,0,185,53,225,101,0.8914567232131958
sub_2292,006619_jpg.rf.2b4571557ffe5c6d93e348dc57f85c62.jpg,0,272,12,330,84,0.8849261403083801
sub_2293,006619_jpg.rf.2b4571557ffe5c6d93e348dc57f85c62.jpg,0,161,57,190,99,0.833577573299408
sub_2294,006619_jpg.rf.2b4571557ffe5c6d93e348dc57f85c62.jpg,0,219,72,243,104,0.7770059704780579
sub_2295,006619_jpg.rf.2b4571557ffe5c6d93e348dc57f85c62.jpg,0,248,69,269,97,0.77646404504776
sub_2296,006619_jpg.rf.2b4571557ffe5c6d93e348dc57f85c62.jpg,0,377,85,393,103,0.4491409957408905
sub_2297,006619_jpg.rf.2b4571557ffe5c6d93e348dc57f85c62.jpg,0,269,70,286,96,0.41192811727523804
sub_2298,006620_jpg.rf.9956fc00e0d9970341fc14792b42fa47.jpg,0,66,122,96,158,0.8460494875907898
sub_2299,006620_jpg.rf.9956fc00e0d9970341fc14792b42fa47.jpg,0,439,129,472,165,0.8412066102027893
sub_2300,006620_jpg.rf.9956fc00e0d9970341fc14792b42fa47.jpg,0,354,123,380,154,0.8184912800788879
sub_2301,006620_jpg.rf.9956fc00e0d9970341fc14792b42fa47.jpg,0,226,137,249,167,0.8135349154472351
sub_2302,006620_jpg.rf.9956fc00e0d9970341fc14792b42fa47.jpg,0,205,128,225,155,0.8122901320457458
sub_2303,006620_jpg.rf.9956fc00e0d9970341fc14792b42fa47.jpg,0,182,129,205,159,0.7873510122299194
sub_2304,006620_jpg.rf.9956fc00e0d9970341fc14792b42fa47.jpg,0,262,123,285,154,0.7872725129127502
sub_2305,006620_jpg.rf.9956fc00e0d9970341fc14792b42fa47.jpg,0,6,145,39,180,0.7853425145149231
sub_2306,006620_jpg.rf.9956fc00e0d9970341fc14792b42fa47.jpg,0,116,135,138,162,0.77527916431427
sub_2307,006620_jpg.rf.9956fc00e0d9970341fc14792b42fa47.jpg,0,157,125,176,150,0.7239358425140381
sub_2308,006621_jpg.rf.4c9f6fd9e2383612ff5a1e3a2774da24.jpg,0,172,55,210,98,0.8665172457695007
sub_2309,006621_jpg.rf.4c9f6fd9e2383612ff5a1e3a2774da24.jpg,0,89,49,133,104,0.8634902834892273
sub_2310,006621_jpg.rf.4c9f6fd9e2383612ff5a1e3a2774da24.jpg,0,292,87,321,123,0.8541913032531738
sub_2311,006621_jpg.rf.4c9f6fd9e2383612ff5a1e3a2774da24.jpg,0,236,76,268,114,0.8140848875045776
sub_2312,006621_jpg.rf.4c9f6fd9e2383612ff5a1e3a2774da24.jpg,0,413,115,442,152,0.7974274158477783
sub_2313,006621_jpg.rf.4c9f6fd9e2383612ff5a1e3a2774da24.jpg,0,374,129,397,156,0.7660781741142273
sub_2314,006621_jpg.rf.4c9f6fd9e2383612ff5a1e3a2774da24.jpg,0,333,127,356,156,0.7312803268432617
sub_2315,006621_jpg.rf.4c9f6fd9e2383612ff5a1e3a2774da24.jpg,0,138,92,166,125,0.7280982136726379
sub_2316,006623_jpg.rf.7929c26a26a78a2fd859764bc1656eee.jpg,1,404,60,469,129,0.8929632902145386
sub_2317,006623_jpg.rf.7929c26a26a78a2fd859764bc1656eee.jpg,1,255,66,291,110,0.8574398756027222
sub_2318,006623_jpg.rf.7929c26a26a78a2fd859764bc1656eee.jpg,1,339,53,383,106,0.8328387141227722
sub_2319,006623_jpg.rf.7929c26a26a78a2fd859764bc1656eee.jpg,0,231,76,258,111,0.7609208822250366
sub_2320,006623_jpg.rf.7929c26a26a78a2fd859764bc1656eee.jpg,0,167,89,192,117,0.7401848435401917
sub_2321,006623_jpg.rf.7929c26a26a78a2fd859764bc1656eee.jpg,0,60,113,82,139,0.7393917441368103
sub_2322,006623_jpg.rf.7929c26a26a78a2fd859764bc1656eee.jpg,0,131,82,154,110,0.7307897806167603
sub_2323,006623_jpg.rf.7929c26a26a78a2fd859764bc1656eee.jpg,0,31,112,51,136,0.6933956742286682
sub_2324,006623_jpg.rf.7929c26a26a78a2fd859764bc1656eee.jpg,0,110,98,131,125,0.6504514217376709
sub_2325,006623_jpg.rf.7929c26a26a78a2fd859764bc1656eee.jpg,1,478,60,503,86,0.6253268122673035
sub_2326,006625_jpg.rf.3b6a24592858a062c1e78e1dee5f21be.jpg,1,256,97,288,129,0.8529701232910156
sub_2327,006625_jpg.rf.3b6a24592858a062c1e78e1dee5f21be.jpg,1,333,121,366,152,0.8313260674476624
sub_2328,006625_jpg.rf.3b6a24592858a062c1e78e1dee5f21be.jpg,1,145,34,175,65,0.8124298453330994
sub_2329,006625_jpg.rf.3b6a24592858a062c1e78e1dee5f21be.jpg,1,197,15,220,42,0.730316162109375
sub_2330,006626_jpg.rf.b32925d19fbd4373daedb87e958785a1.jpg,1,257,126,290,165,0.868433952331543
sub_2331,006626_jpg.rf.b32925d19fbd4373daedb87e958785a1.jpg,1,207,135,235,171,0.8411461710929871
sub_2332,006628_jpg.rf.d43aa553d6904c847666578e7f5c6088.jpg,1,106,32,193,152,0.8780528903007507
sub_2333,006631_jpg.rf.51b5994373120032b00eebb7029cdb67.jpg,1,320,69,388,158,0.854580819606781
sub_2334,006631_jpg.rf.51b5994373120032b00eebb7029cdb67.jpg,1,177,142,213,177,0.7388855218887329
sub_2335,006631_jpg.rf.51b5994373120032b00eebb7029cdb67.jpg,1,186,121,211,147,0.6219769716262817
sub_2336,006633_jpg.rf.ac9700ba1e8f77cb0128de94eac11c70.jpg,1,109,170,147,214,0.8520603179931641
sub_2337,006633_jpg.rf.ac9700ba1e8f77cb0128de94eac11c70.jpg,1,26,152,110,239,0.851118266582489
sub_2338,006633_jpg.rf.ac9700ba1e8f77cb0128de94eac11c70.jpg,1,231,161,251,184,0.5368090271949768
sub_2339,006637_jpg.rf.012e99d80844459254e586c7aa45adac.jpg,1,105,7,172,91,0.8809607028961182
sub_2340,006637_jpg.rf.012e99d80844459254e586c7aa45adac.jpg,1,187,23,257,115,0.8783493638038635
sub_2341,006640_jpg.rf.74cd1784777bc4e2985dbdf8542b7eb4.jpg,1,34,31,72,69,0.8219693303108215
sub_2342,006640_jpg.rf.74cd1784777bc4e2985dbdf8542b7eb4.jpg,1,95,63,120,92,0.785956621170044
sub_2343,006644_jpg.rf.47977421edf9534ad4e49f7cf095a4dc.jpg,1,68,13,147,104,0.8798739314079285
sub_2344,006644_jpg.rf.47977421edf9534ad4e49f7cf095a4dc.jpg,1,260,18,342,110,0.8768010139465332
sub_2345,006645_jpg.rf.0f1fb545f6f68769cc05cca4d979b69e.jpg,1,121,2,227,107,0.8730452060699463
sub_2346,006645_jpg.rf.0f1fb545f6f68769cc05cca4d979b69e.jpg,1,354,38,419,107,0.8624809384346008
sub_2347,006646_jpg.rf.da14e561105551a4402c0ce14325c3ea.jpg,1,142,275,223,381,0.8709777593612671
sub_2348,006648_jpg.rf.d863109bca5ebc8c2afa57f1b89e2e2a.jpg,1,370,59,437,129,0.8587530255317688
sub_2349,006648_jpg.rf.d863109bca5ebc8c2afa57f1b89e2e2a.jpg,1,323,206,399,272,0.7308152914047241
sub_2350,006649_jpg.rf.62eacf2918f1ed3bc9c80dd6e4d4e8f6.jpg,1,5,70,67,135,0.8764380812644958
sub_2351,006649_jpg.rf.62eacf2918f1ed3bc9c80dd6e4d4e8f6.jpg,1,450,64,522,138,0.8597819805145264
sub_2352,006649_jpg.rf.62eacf2918f1ed3bc9c80dd6e4d4e8f6.jpg,1,120,36,192,115,0.8570634722709656
sub_2353,006649_jpg.rf.62eacf2918f1ed3bc9c80dd6e4d4e8f6.jpg,1,238,63,290,123,0.8522582054138184
sub_2354,006649_jpg.rf.62eacf2918f1ed3bc9c80dd6e4d4e8f6.jpg,1,342,72,395,131,0.8395681977272034
sub_2355,006651_jpg.rf.f90b8c0d9c8f5d2cf39a4b5f0bcc6859.jpg,1,262,111,351,224,0.8564823865890503
sub_2356,006651_jpg.rf.f90b8c0d9c8f5d2cf39a4b5f0bcc6859.jpg,1,210,142,244,188,0.7390220165252686
sub_2357,006651_jpg.rf.f90b8c0d9c8f5d2cf39a4b5f0bcc6859.jpg,1,236,132,276,203,0.5546356439590454
sub_2358,006653_jpg.rf.03e6dfccee1d7aee32ee543b28c54a7c.jpg,0,245,166,268,196,0.8000187873840332
sub_2359,006653_jpg.rf.03e6dfccee1d7aee32ee543b28c54a7c.jpg,0,373,172,396,199,0.7938315868377686
sub_2360,006653_jpg.rf.03e6dfccee1d7aee32ee543b28c54a7c.jpg,0,457,149,482,179,0.7823525071144104
sub_2361,006653_jpg.rf.03e6dfccee1d7aee32ee543b28c54a7c.jpg,0,282,165,305,192,0.4042617678642273
sub_2362,006654_jpg.rf.9d4c1895dd7e13d40435bcefe9372507.jpg,1,295,71,352,130,0.8028544783592224
sub_2363,006655_jpg.rf.d6a702bfea77d2ddd7c2877466da2faa.jpg,1,159,51,194,90,0.817147970199585
sub_2364,006658_jpg.rf.5d84eca3c33f97d3c4edade76d9c7f0d.jpg,1,73,70,109,110,0.8661696314811707
sub_2365,006658_jpg.rf.5d84eca3c33f97d3c4edade76d9c7f0d.jpg,1,169,78,200,111,0.8064261674880981
sub_2366,006658_jpg.rf.5d84eca3c33f97d3c4edade76d9c7f0d.jpg,1,265,102,286,125,0.6522982716560364
sub_2367,006658_jpg.rf.5d84eca3c33f97d3c4edade76d9c7f0d.jpg,1,295,94,320,121,0.5313048362731934
sub_2368,006661_jpg.rf.7f0d09fba4925e445d5bfa3c79e12e8d.jpg,1,223,130,249,158,0.7383823394775391
sub_2369,006661_jpg.rf.7f0d09fba4925e445d5bfa3c79e12e8d.jpg,1,477,139,499,165,0.7294813990592957
sub_2370,006663_jpg.rf.fcf822ee5a7f999966044478f7110c65.jpg,1,303,35,342,84,0.8617154955863953
sub_2371,006665_jpg.rf.25bb7ca11c3abc8ed67c19f2872029f5.jpg,1,154,166,173,187,0.7441584467887878
sub_2372,006665_jpg.rf.25bb7ca11c3abc8ed67c19f2872029f5.jpg,1,39,79,51,92,0.6572834849357605
sub_2373,006665_jpg.rf.25bb7ca11c3abc8ed67c19f2872029f5.jpg,1,95,137,114,155,0.6303039193153381
sub_2374,006665_jpg.rf.25bb7ca11c3abc8ed67c19f2872029f5.jpg,1,231,78,242,91,0.5286878943443298
sub_2375,006666_jpg.rf.6de7f20d2cd7de738af60d031b0e69ed.jpg,1,288,219,302,236,0.6237520575523376
sub_2376,006666_jpg.rf.6de7f20d2cd7de738af60d031b0e69ed.jpg,1,119,238,132,254,0.6219860911369324
sub_2377,006666_jpg.rf.6de7f20d2cd7de738af60d031b0e69ed.jpg,1,312,208,325,225,0.6194946765899658
sub_2378,006667_jpg.rf.5be347a59dcb6e6345cb60543db93e8d.jpg,0,114,118,151,158,0.8519186973571777
sub_2379,006667_jpg.rf.5be347a59dcb6e6345cb60543db93e8d.jpg,0,342,119,380,158,0.8346543312072754
sub_2380,006667_jpg.rf.5be347a59dcb6e6345cb60543db93e8d.jpg,0,45,144,68,170,0.8251274824142456
sub_2381,006667_jpg.rf.5be347a59dcb6e6345cb60543db93e8d.jpg,0,252,124,285,162,0.8022580742835999
sub_2382,006667_jpg.rf.5be347a59dcb6e6345cb60543db93e8d.jpg,0,292,123,321,157,0.7942520380020142
sub_2383,006667_jpg.rf.5be347a59dcb6e6345cb60543db93e8d.jpg,0,204,126,234,161,0.7927573323249817
sub_2384,006667_jpg.rf.5be347a59dcb6e6345cb60543db93e8d.jpg,0,395,119,423,152,0.7632896304130554
sub_2385,006667_jpg.rf.5be347a59dcb6e6345cb60543db93e8d.jpg,0,420,115,446,148,0.7370184063911438
sub_2386,006667_jpg.rf.5be347a59dcb6e6345cb60543db93e8d.jpg,0,228,124,246,158,0.41477417945861816
sub_2387,006668_jpg.rf.e4bfc791f13a39604b026ffbacd7dcc9.jpg,1,283,278,390,400,0.8228779435157776
sub_2388,006671_jpg.rf.2a078403b2db8b2c40c12fcf7b607c27.jpg,1,303,134,323,160,0.8128533959388733
sub_2389,006671_jpg.rf.2a078403b2db8b2c40c12fcf7b607c27.jpg,1,217,139,238,165,0.8082817196846008
sub_2390,006671_jpg.rf.2a078403b2db8b2c40c12fcf7b607c27.jpg,1,58,150,79,176,0.7947832942008972
sub_2391,006671_jpg.rf.2a078403b2db8b2c40c12fcf7b607c27.jpg,1,147,133,167,161,0.7914007306098938
sub_2392,006671_jpg.rf.2a078403b2db8b2c40c12fcf7b607c27.jpg,1,340,140,360,165,0.7764410972595215
sub_2393,006671_jpg.rf.2a078403b2db8b2c40c12fcf7b607c27.jpg,1,374,143,396,170,0.7749689221382141
sub_2394,006671_jpg.rf.2a078403b2db8b2c40c12fcf7b607c27.jpg,1,104,129,125,157,0.7712851166725159
sub_2395,006671_jpg.rf.2a078403b2db8b2c40c12fcf7b607c27.jpg,1,263,142,282,166,0.7640199065208435
sub_2396,006671_jpg.rf.2a078403b2db8b2c40c12fcf7b607c27.jpg,1,177,141,197,166,0.7466275095939636
sub_2397,006673_jpg.rf.579ed5f08ad39134f5bd502b293704a8.jpg,1,166,111,203,158,0.897358238697052
sub_2398,006673_jpg.rf.579ed5f08ad39134f5bd502b293704a8.jpg,1,57,118,101,171,0.8749858140945435
sub_2399,006673_jpg.rf.579ed5f08ad39134f5bd502b293704a8.jpg,1,239,99,280,149,0.869616687297821
sub_2400,006673_jpg.rf.579ed5f08ad39134f5bd502b293704a8.jpg,1,380,97,415,147,0.8540300130844116
sub_2401,006673_jpg.rf.579ed5f08ad39134f5bd502b293704a8.jpg,1,412,90,463,152,0.752526044845581
sub_2402,006675_jpg.rf.fe4053d617a7e602bac41f53824dd89d.jpg,0,7,9,34,41,0.910935640335083
sub_2403,006675_jpg.rf.fe4053d617a7e602bac41f53824dd89d.jpg,0,102,9,128,40,0.8777196407318115
sub_2404,006675_jpg.rf.fe4053d617a7e602bac41f53824dd89d.jpg,0,65,5,93,39,0.8707815408706665
sub_2405,006675_jpg.rf.fe4053d617a7e602bac41f53824dd89d.jpg,0,151,0,183,41,0.8553414344787598
sub_2406,006675_jpg.rf.fe4053d617a7e602bac41f53824dd89d.jpg,0,200,1,221,28,0.8108790516853333
sub_2407,006675_jpg.rf.fe4053d617a7e602bac41f53824dd89d.jpg,0,344,24,368,51,0.7910082936286926
sub_2408,006675_jpg.rf.fe4053d617a7e602bac41f53824dd89d.jpg,0,368,8,390,34,0.7577316761016846
sub_2409,006675_jpg.rf.fe4053d617a7e602bac41f53824dd89d.jpg,0,233,12,267,54,0.7427698969841003
sub_2410,006675_jpg.rf.fe4053d617a7e602bac41f53824dd89d.jpg,0,228,8,255,48,0.6192696690559387
sub_2411,006675_jpg.rf.fe4053d617a7e602bac41f53824dd89d.jpg,0,229,8,248,35,0.5851877331733704
sub_2412,006678_jpg.rf.340e4f6bd73ec7de6f85bf36f58e1336.jpg,0,48,59,104,129,0.9092557430267334
sub_2413,006678_jpg.rf.340e4f6bd73ec7de6f85bf36f58e1336.jpg,0,238,82,283,138,0.8949676752090454
sub_2414,006678_jpg.rf.340e4f6bd73ec7de6f85bf36f58e1336.jpg,0,121,79,165,135,0.8830621242523193
sub_2415,006678_jpg.rf.340e4f6bd73ec7de6f85bf36f58e1336.jpg,0,379,87,425,147,0.8766095638275146
sub_2416,006678_jpg.rf.340e4f6bd73ec7de6f85bf36f58e1336.jpg,0,457,121,492,158,0.7753078937530518
sub_2417,006682_jpg.rf.aef88956011a0a2254d35b5b37bcf972.jpg,1,0,125,30,180,0.8255126476287842
sub_2418,006682_jpg.rf.aef88956011a0a2254d35b5b37bcf972.jpg,1,188,135,216,171,0.8218066692352295
sub_2419,006682_jpg.rf.aef88956011a0a2254d35b5b37bcf972.jpg,1,334,149,364,184,0.8217105269432068
sub_2420,006682_jpg.rf.aef88956011a0a2254d35b5b37bcf972.jpg,1,297,138,330,178,0.8211060166358948
sub_2421,006682_jpg.rf.aef88956011a0a2254d35b5b37bcf972.jpg,1,87,150,110,182,0.7696635127067566
sub_2422,006682_jpg.rf.aef88956011a0a2254d35b5b37bcf972.jpg,1,107,155,136,192,0.7685622572898865
sub_2423,006682_jpg.rf.aef88956011a0a2254d35b5b37bcf972.jpg,1,263,144,290,179,0.7603033781051636
sub_2424,006682_jpg.rf.aef88956011a0a2254d35b5b37bcf972.jpg,1,140,153,162,182,0.6992236971855164
sub_2425,006682_jpg.rf.aef88956011a0a2254d35b5b37bcf972.jpg,1,255,147,281,180,0.5590063333511353
sub_2426,006682_jpg.rf.aef88956011a0a2254d35b5b37bcf972.jpg,1,252,152,268,180,0.5215561389923096
sub_2427,006682_jpg.rf.aef88956011a0a2254d35b5b37bcf972.jpg,1,122,138,144,170,0.44041040539741516
sub_2428,006683_jpg.rf.e673bdbdbf4b455c23f6075b8b48fdbd.jpg,0,286,102,310,136,0.8918341398239136
sub_2429,006683_jpg.rf.e673bdbdbf4b455c23f6075b8b48fdbd.jpg,0,308,107,331,136,0.8425662517547607
sub_2430,006683_jpg.rf.e673bdbdbf4b455c23f6075b8b48fdbd.jpg,0,124,98,152,132,0.811688244342804
sub_2431,006683_jpg.rf.e673bdbdbf4b455c23f6075b8b48fdbd.jpg,0,253,100,273,127,0.7680952548980713
sub_2432,006683_jpg.rf.e673bdbdbf4b455c23f6075b8b48fdbd.jpg,0,184,116,202,136,0.7339774966239929
sub_2433,006684_jpg.rf.7e1a4d68598a2714716c213b2db22906.jpg,1,153,87,200,135,0.8596351146697998
sub_2434,006685_jpg.rf.176fbaf8cf6d630758c8268885b45476.jpg,1,295,149,321,176,0.8002194762229919
sub_2435,006685_jpg.rf.176fbaf8cf6d630758c8268885b45476.jpg,1,205,212,224,232,0.6972635984420776
sub_2436,006687_jpg.rf.d479034b72af8476ec65ca354843ab91.jpg,1,255,64,382,171,0.8184934258460999
sub_2437,006687_jpg.rf.d479034b72af8476ec65ca354843ab91.jpg,0,104,29,152,77,0.5036385655403137
sub_2438,006688_jpg.rf.250a77fece4ac7525b98389bd85c8192.jpg,1,309,17,400,124,0.8711977601051331
sub_2439,006688_jpg.rf.250a77fece4ac7525b98389bd85c8192.jpg,1,317,204,385,276,0.6337345838546753
sub_2440,006691_jpg.rf.8ec767e73223e2aec2458cf8d3364a36.jpg,1,81,192,105,226,0.8011898398399353
sub_2441,006691_jpg.rf.8ec767e73223e2aec2458cf8d3364a36.jpg,1,185,196,209,228,0.7812126278877258
sub_2442,006691_jpg.rf.8ec767e73223e2aec2458cf8d3364a36.jpg,1,123,198,146,228,0.777039110660553
sub_2443,006691_jpg.rf.8ec767e73223e2aec2458cf8d3364a36.jpg,1,217,177,244,212,0.7499460577964783
sub_2444,006691_jpg.rf.8ec767e73223e2aec2458cf8d3364a36.jpg,1,248,189,276,220,0.713366687297821
sub_2445,006691_jpg.rf.8ec767e73223e2aec2458cf8d3364a36.jpg,1,145,194,168,224,0.7126225829124451
sub_2446,006691_jpg.rf.8ec767e73223e2aec2458cf8d3364a36.jpg,1,61,195,83,226,0.709149181842804
sub_2447,006691_jpg.rf.8ec767e73223e2aec2458cf8d3364a36.jpg,1,40,200,63,229,0.4615328013896942
sub_2448,006697_jpg.rf.0d4c3931f15613010e9cb36801f7d4d9.jpg,1,166,45,366,231,0.8865464329719543
sub_2449,006699_jpg.rf.212736eac425e78cd72287013cd129f8.jpg,1,268,16,325,77,0.8672404885292053
sub_2450,006699_jpg.rf.212736eac425e78cd72287013cd129f8.jpg,1,109,109,167,163,0.8230284452438354
sub_2451,006701_jpg.rf.5a34654886613f585c5b306ea340a743.jpg,1,271,146,299,178,0.8075675368309021
sub_2452,006701_jpg.rf.5a34654886613f585c5b306ea340a743.jpg,1,240,137,267,169,0.7128925919532776
sub_2453,006704_jpg.rf.4066997e688ef93a79b3d36a42cfe8ac.jpg,1,191,60,239,115,0.8179022073745728
sub_2454,006704_jpg.rf.4066997e688ef93a79b3d36a42cfe8ac.jpg,1,259,171,304,224,0.7590808868408203
sub_2455,006704_jpg.rf.4066997e688ef93a79b3d36a42cfe8ac.jpg,1,332,429,353,455,0.5769764184951782
sub_2456,006705_jpg.rf.86c014d12ceb9e79528827a7a0f5344a.jpg,1,172,238,216,292,0.8564738631248474
sub_2457,006706_jpg.rf.83529a542afea8b9466691b76e3077f0.jpg,0,271,153,343,236,0.9012465476989746
sub_2458,006706_jpg.rf.83529a542afea8b9466691b76e3077f0.jpg,0,0,58,110,195,0.8281902074813843
sub_2459,006706_jpg.rf.83529a542afea8b9466691b76e3077f0.jpg,0,112,172,181,244,0.82786625623703
sub_2460,006706_jpg.rf.83529a542afea8b9466691b76e3077f0.jpg,0,149,141,200,188,0.8092526793479919
sub_2461,006707_jpg.rf.8ed71a60b8c6d970eaed9af969631a4a.jpg,0,28,111,79,166,0.6372318267822266
sub_2462,006707_jpg.rf.8ed71a60b8c6d970eaed9af969631a4a.jpg,0,170,88,218,143,0.6301179528236389
sub_2463,006707_jpg.rf.8ed71a60b8c6d970eaed9af969631a4a.jpg,1,170,87,218,143,0.549098789691925
sub_2464,006708_jpg.rf.0eac70e2e5026fa7797657759eaf0634.jpg,1,283,66,367,157,0.9089441299438477
sub_2465,006708_jpg.rf.0eac70e2e5026fa7797657759eaf0634.jpg,1,0,120,162,269,0.8697652816772461
sub_2466,006709_jpg.rf.89a6198ed0535f30b44074fad3b52993.jpg,1,86,81,117,115,0.8586359620094299
sub_2467,006710_jpg.rf.0f33d5f6056de9586a6a13c76b3dfc03.jpg,1,57,105,95,140,0.5453859567642212
sub_2468,006712_jpg.rf.3b530e50e3b3c1756cd33a1620992f3d.jpg,1,116,76,144,112,0.8235061764717102
sub_2469,006712_jpg.rf.3b530e50e3b3c1756cd33a1620992f3d.jpg,1,9,68,44,111,0.7992172837257385
sub_2470,006712_jpg.rf.3b530e50e3b3c1756cd33a1620992f3d.jpg,1,299,98,323,129,0.7885448336601257
sub_2471,006712_jpg.rf.3b530e50e3b3c1756cd33a1620992f3d.jpg,1,416,121,442,151,0.7720940709114075
sub_2472,006712_jpg.rf.3b530e50e3b3c1756cd33a1620992f3d.jpg,1,163,103,181,127,0.7611158490180969
sub_2473,006712_jpg.rf.3b530e50e3b3c1756cd33a1620992f3d.jpg,1,214,104,238,132,0.7504634261131287
sub_2474,006712_jpg.rf.3b530e50e3b3c1756cd33a1620992f3d.jpg,1,281,114,299,135,0.6913760900497437
sub_2475,006713_jpg.rf.cd41b0255fcd67f5e3d5e2b9ed7ace6d.jpg,1,220,321,251,355,0.7887581586837769
sub_2476,006713_jpg.rf.cd41b0255fcd67f5e3d5e2b9ed7ace6d.jpg,1,202,48,223,68,0.5166214108467102
sub_2477,006713_jpg.rf.cd41b0255fcd67f5e3d5e2b9ed7ace6d.jpg,1,160,364,193,401,0.46235916018486023
sub_2478,006714_jpg.rf.e9d73d52d00de354515e7fd7fd293eaf.jpg,1,190,18,231,74,0.8841654658317566
sub_2479,006714_jpg.rf.e9d73d52d00de354515e7fd7fd293eaf.jpg,1,221,15,277,83,0.8459576964378357
sub_2480,006714_jpg.rf.e9d73d52d00de354515e7fd7fd293eaf.jpg,1,173,58,210,105,0.7880068421363831
sub_2481,006717_jpg.rf.bae58a0e505e1e74f665f3739bed41f8.jpg,1,293,0,414,87,0.8672841191291809
sub_2482,006717_jpg.rf.bae58a0e505e1e74f665f3739bed41f8.jpg,1,150,57,266,171,0.8480831980705261
sub_2483,006719_jpg.rf.9538a01c57221a62a0dae909bbaeb8ee.jpg,1,292,126,380,249,0.8999553322792053
sub_2484,006720_jpg.rf.69ae62e79a2755ef0fc16e0df2d916b9.jpg,1,92,58,125,97,0.8034665584564209
sub_2485,006720_jpg.rf.69ae62e79a2755ef0fc16e0df2d916b9.jpg,1,107,96,148,136,0.784589946269989
sub_2486,006720_jpg.rf.69ae62e79a2755ef0fc16e0df2d916b9.jpg,1,333,78,356,104,0.5330537557601929
sub_2487,006723_jpg.rf.a5bb8f40adbe744af3a3b3c598a0b353.jpg,1,255,76,387,210,0.8507099151611328
sub_2488,006724_jpg.rf.31e8f2d18cb0344bcfa4375aa53e3366.jpg,1,264,51,336,135,0.8493724465370178
sub_2489,006726_jpg.rf.3703ccc9b2a01b73e2808d77078466c3.jpg,1,374,62,423,118,0.8645992279052734
sub_2490,006726_jpg.rf.3703ccc9b2a01b73e2808d77078466c3.jpg,1,123,17,179,82,0.8470051884651184
sub_2491,006726_jpg.rf.3703ccc9b2a01b73e2808d77078466c3.jpg,1,284,71,311,99,0.7622813582420349
sub_2492,006726_jpg.rf.3703ccc9b2a01b73e2808d77078466c3.jpg,1,343,77,367,102,0.539486289024353
sub_2493,006728_jpg.rf.95e738ca70f277eb781578229893e1bf.jpg,1,439,150,499,214,0.8579643964767456
sub_2494,006728_jpg.rf.95e738ca70f277eb781578229893e1bf.jpg,1,271,159,315,210,0.8554255366325378
sub_2495,006728_jpg.rf.95e738ca70f277eb781578229893e1bf.jpg,1,223,193,246,220,0.7006844282150269
sub_2496,006740_jpg.rf.07589b3c048d0cc39f34940b3e7d1484.jpg,1,159,54,205,109,0.8659723997116089
sub_2497,006740_jpg.rf.07589b3c048d0cc39f34940b3e7d1484.jpg,1,98,67,142,122,0.8523639440536499
sub_2498,006740_jpg.rf.07589b3c048d0cc39f34940b3e7d1484.jpg,1,26,20,91,93,0.8477464318275452
sub_2499,006741_jpg.rf.6033e44cdefe0ba2f1a4f83451a43046.jpg,0,421,118,461,163,0.8544431328773499
sub_2500,006741_jpg.rf.6033e44cdefe0ba2f1a4f83451a43046.jpg,0,169,136,194,170,0.8016423583030701
sub_2501,006741_jpg.rf.6033e44cdefe0ba2f1a4f83451a43046.jpg,0,196,137,216,167,0.7650929093360901
sub_2502,006741_jpg.rf.6033e44cdefe0ba2f1a4f83451a43046.jpg,0,118,133,143,164,0.7570618987083435
sub_2503,006741_jpg.rf.6033e44cdefe0ba2f1a4f83451a43046.jpg,0,148,142,169,171,0.7463741302490234
sub_2504,006741_jpg.rf.6033e44cdefe0ba2f1a4f83451a43046.jpg,0,239,132,260,160,0.7406923174858093
sub_2505,006747_jpg.rf.ee77cb37b8973ccca754b3eae461d79c.jpg,1,303,12,380,94,0.8826121687889099
sub_2506,006748_jpg.rf.231cfa6fe43248dc5016cbc7dc59dd76.jpg,1,174,223,193,245,0.7685611844062805
sub_2507,006749_jpg.rf.2e3aea39db89ff524f0c2291851ee0ea.jpg,1,332,44,381,103,0.8688271641731262
sub_2508,006749_jpg.rf.2e3aea39db89ff524f0c2291851ee0ea.jpg,1,97,31,152,89,0.865125298500061
sub_2509,006749_jpg.rf.2e3aea39db89ff524f0c2291851ee0ea.jpg,1,311,187,378,261,0.8576643466949463
sub_2510,006749_jpg.rf.2e3aea39db89ff524f0c2291851ee0ea.jpg,1,10,32,64,95,0.8537089228630066
sub_2511,006749_jpg.rf.2e3aea39db89ff524f0c2291851ee0ea.jpg,1,269,60,307,100,0.8226743340492249
sub_2512,006751_jpg.rf.e24fd0542f8e10e01d2be3458657ad37.jpg,0,177,118,200,146,0.849966287612915
sub_2513,006751_jpg.rf.e24fd0542f8e10e01d2be3458657ad37.jpg,0,132,125,153,151,0.8292277455329895
sub_2514,006751_jpg.rf.e24fd0542f8e10e01d2be3458657ad37.jpg,0,96,127,115,150,0.790495753288269
sub_2515,006751_jpg.rf.e24fd0542f8e10e01d2be3458657ad37.jpg,0,217,123,240,149,0.7783365249633789
sub_2516,006751_jpg.rf.e24fd0542f8e10e01d2be3458657ad37.jpg,0,286,124,308,154,0.7469050884246826
sub_2517,006752_jpg.rf.a72d0906e1fbd5ee0945fa8df5cf510c.jpg,1,373,150,408,186,0.8656109571456909
sub_2518,006752_jpg.rf.a72d0906e1fbd5ee0945fa8df5cf510c.jpg,1,162,183,195,222,0.8525188565254211
sub_2519,006752_jpg.rf.a72d0906e1fbd5ee0945fa8df5cf510c.jpg,1,222,155,251,189,0.7804237008094788
sub_2520,006753_jpg.rf.7025b49c327b19e8382ed4ae00a9dce1.jpg,1,292,183,331,231,0.8800305724143982
sub_2521,006753_jpg.rf.7025b49c327b19e8382ed4ae00a9dce1.jpg,1,203,168,234,207,0.8470441102981567
sub_2522,006753_jpg.rf.7025b49c327b19e8382ed4ae00a9dce1.jpg,1,408,175,441,214,0.8200936317443848
sub_2523,006753_jpg.rf.7025b49c327b19e8382ed4ae00a9dce1.jpg,1,60,170,79,193,0.8027390837669373
sub_2524,006753_jpg.rf.7025b49c327b19e8382ed4ae00a9dce1.jpg,1,115,170,144,203,0.7855299115180969
sub_2525,006753_jpg.rf.7025b49c327b19e8382ed4ae00a9dce1.jpg,1,146,179,168,208,0.75983726978302
sub_2526,006753_jpg.rf.7025b49c327b19e8382ed4ae00a9dce1.jpg,1,244,182,267,211,0.7574980854988098
sub_2527,006753_jpg.rf.7025b49c327b19e8382ed4ae00a9dce1.jpg,1,456,128,490,189,0.7323203086853027
sub_2528,006754_jpg.rf.e2a6640bf1d8480fbe1601fde8d8dc31.jpg,1,297,97,352,164,0.8858224153518677
sub_2529,006754_jpg.rf.e2a6640bf1d8480fbe1601fde8d8dc31.jpg,1,194,72,243,144,0.864093005657196
sub_2530,006754_jpg.rf.e2a6640bf1d8480fbe1601fde8d8dc31.jpg,1,71,93,120,160,0.863642156124115
sub_2531,006754_jpg.rf.e2a6640bf1d8480fbe1601fde8d8dc31.jpg,1,113,88,183,169,0.8424178957939148
sub_2532,006754_jpg.rf.e2a6640bf1d8480fbe1601fde8d8dc31.jpg,1,381,76,435,147,0.8278034329414368
sub_2533,006754_jpg.rf.e2a6640bf1d8480fbe1601fde8d8dc31.jpg,1,239,82,280,143,0.8180733323097229
sub_2534,006755_jpg.rf.a7d7731d3346ce3e1074cd5dcaefdab2.jpg,1,69,115,135,194,0.9047281742095947
sub_2535,006755_jpg.rf.a7d7731d3346ce3e1074cd5dcaefdab2.jpg,1,329,99,405,185,0.8730297684669495
sub_2536,006755_jpg.rf.a7d7731d3346ce3e1074cd5dcaefdab2.jpg,1,226,105,290,185,0.8520326018333435
sub_2537,006757_jpg.rf.4e6e98f3697f9460be7bd1c611e85aff.jpg,0,182,130,211,165,0.7980658411979675
sub_2538,006757_jpg.rf.4e6e98f3697f9460be7bd1c611e85aff.jpg,0,334,152,357,180,0.7975282073020935
sub_2539,006757_jpg.rf.4e6e98f3697f9460be7bd1c611e85aff.jpg,0,380,133,408,166,0.7909822463989258
sub_2540,006757_jpg.rf.4e6e98f3697f9460be7bd1c611e85aff.jpg,0,246,140,271,170,0.7721276879310608
sub_2541,006757_jpg.rf.4e6e98f3697f9460be7bd1c611e85aff.jpg,1,210,146,232,174,0.7707043290138245
sub_2542,006757_jpg.rf.4e6e98f3697f9460be7bd1c611e85aff.jpg,0,42,142,69,176,0.7443040609359741
sub_2543,006757_jpg.rf.4e6e98f3697f9460be7bd1c611e85aff.jpg,0,75,160,97,187,0.7428008913993835
sub_2544,006757_jpg.rf.4e6e98f3697f9460be7bd1c611e85aff.jpg,1,412,144,436,174,0.7190311551094055
sub_2545,006757_jpg.rf.4e6e98f3697f9460be7bd1c611e85aff.jpg,0,123,162,143,187,0.7129349708557129
sub_2546,006757_jpg.rf.4e6e98f3697f9460be7bd1c611e85aff.jpg,0,150,164,168,189,0.618930459022522
sub_2547,006761_jpg.rf.f33b47c32273ba91895e0ebde2ff3fa0.jpg,1,244,184,260,203,0.7568805813789368
sub_2548,006762_jpg.rf.f0505aa64c637bcbbb89d1663dcc6dcd.jpg,1,220,207,248,237,0.7645019292831421
sub_2549,006762_jpg.rf.f0505aa64c637bcbbb89d1663dcc6dcd.jpg,1,200,154,221,178,0.6604059934616089
sub_2550,006762_jpg.rf.f0505aa64c637bcbbb89d1663dcc6dcd.jpg,1,173,173,197,199,0.5631396174430847
sub_2551,006762_jpg.rf.f0505aa64c637bcbbb89d1663dcc6dcd.jpg,1,268,162,294,189,0.47090423107147217
sub_2552,006764_jpg.rf.89da25bde841e56cf4a4fc98fe954406.jpg,1,298,4,367,85,0.8685798645019531
sub_2553,006764_jpg.rf.89da25bde841e56cf4a4fc98fe954406.jpg,1,121,17,174,85,0.8607826232910156
sub_2554,006764_jpg.rf.89da25bde841e56cf4a4fc98fe954406.jpg,1,213,50,268,119,0.8546175360679626
sub_2555,006766_jpg.rf.8ecdedd2fa9c2640f366f51f67a64d9c.jpg,1,322,21,372,81,0.8772671818733215
sub_2556,006766_jpg.rf.8ecdedd2fa9c2640f366f51f67a64d9c.jpg,1,23,52,54,89,0.8429914712905884
sub_2557,006766_jpg.rf.8ecdedd2fa9c2640f366f51f67a64d9c.jpg,1,53,38,92,86,0.8374685049057007
sub_2558,006766_jpg.rf.8ecdedd2fa9c2640f366f51f67a64d9c.jpg,1,124,50,153,86,0.8343513607978821
sub_2559,006766_jpg.rf.8ecdedd2fa9c2640f366f51f67a64d9c.jpg,1,286,48,311,80,0.7936103343963623
sub_2560,006766_jpg.rf.8ecdedd2fa9c2640f366f51f67a64d9c.jpg,1,228,55,256,86,0.7905095815658569
sub_2561,006766_jpg.rf.8ecdedd2fa9c2640f366f51f67a64d9c.jpg,1,186,58,207,83,0.7420385479927063
sub_2562,006768_jpg.rf.2dfdd0e8c7232d015754726ec244e239.jpg,0,343,59,370,94,0.875555694103241
sub_2563,006768_jpg.rf.2dfdd0e8c7232d015754726ec244e239.jpg,0,111,36,143,76,0.8614919185638428
sub_2564,006768_jpg.rf.2dfdd0e8c7232d015754726ec244e239.jpg,0,430,66,457,99,0.8428422808647156
sub_2565,006768_jpg.rf.2dfdd0e8c7232d015754726ec244e239.jpg,0,227,41,255,78,0.8268260955810547
sub_2566,006768_jpg.rf.2dfdd0e8c7232d015754726ec244e239.jpg,0,150,57,173,86,0.8204343318939209
sub_2567,006768_jpg.rf.2dfdd0e8c7232d015754726ec244e239.jpg,0,277,61,298,86,0.7434762120246887
sub_2568,006768_jpg.rf.2dfdd0e8c7232d015754726ec244e239.jpg,0,46,54,67,80,0.7070638537406921
sub_2569,006768_jpg.rf.2dfdd0e8c7232d015754726ec244e239.jpg,0,196,59,215,85,0.7033532857894897
sub_2570,006768_jpg.rf.2dfdd0e8c7232d015754726ec244e239.jpg,0,83,50,107,78,0.663397490978241
sub_2571,006768_jpg.rf.2dfdd0e8c7232d015754726ec244e239.jpg,0,302,74,316,92,0.5160483717918396
sub_2572,006774_jpg.rf.9a3a8946f107c5eb47a91efd018a9c31.jpg,1,191,70,218,99,0.802488386631012
sub_2573,006774_jpg.rf.9a3a8946f107c5eb47a91efd018a9c31.jpg,1,425,91,447,115,0.7398279309272766
sub_2574,006774_jpg.rf.9a3a8946f107c5eb47a91efd018a9c31.jpg,1,353,115,369,135,0.7354618906974792
sub_2575,006774_jpg.rf.9a3a8946f107c5eb47a91efd018a9c31.jpg,1,291,83,311,104,0.7200181484222412
sub_2576,006777_jpg.rf.9f2081eff0af9dc58a321ab33aee740b.jpg,1,173,66,221,128,0.8970053195953369
sub_2577,006777_jpg.rf.9f2081eff0af9dc58a321ab33aee740b.jpg,1,72,27,140,105,0.8839977979660034
sub_2578,006777_jpg.rf.9f2081eff0af9dc58a321ab33aee740b.jpg,1,238,88,280,137,0.8246070742607117
sub_2579,006778_jpg.rf.97ed75ce0b4b047fe5ceb37a6d78118c.jpg,1,325,120,357,161,0.802334189414978
sub_2580,006778_jpg.rf.97ed75ce0b4b047fe5ceb37a6d78118c.jpg,1,473,112,499,149,0.7876890301704407
sub_2581,006778_jpg.rf.97ed75ce0b4b047fe5ceb37a6d78118c.jpg,1,278,140,315,179,0.7729384899139404
sub_2582,006778_jpg.rf.97ed75ce0b4b047fe5ceb37a6d78118c.jpg,1,121,125,142,150,0.7720560431480408
sub_2583,006778_jpg.rf.97ed75ce0b4b047fe5ceb37a6d78118c.jpg,1,443,124,467,152,0.7633161544799805
sub_2584,006778_jpg.rf.97ed75ce0b4b047fe5ceb37a6d78118c.jpg,1,296,119,318,144,0.7426658272743225
sub_2585,006778_jpg.rf.97ed75ce0b4b047fe5ceb37a6d78118c.jpg,1,231,118,254,144,0.7337822914123535
sub_2586,006778_jpg.rf.97ed75ce0b4b047fe5ceb37a6d78118c.jpg,1,367,121,388,145,0.7189013361930847
sub_2587,006778_jpg.rf.97ed75ce0b4b047fe5ceb37a6d78118c.jpg,1,194,126,213,151,0.6961891055107117
sub_2588,006778_jpg.rf.97ed75ce0b4b047fe5ceb37a6d78118c.jpg,1,167,127,184,146,0.6332390904426575
sub_2589,006778_jpg.rf.97ed75ce0b4b047fe5ceb37a6d78118c.jpg,1,258,130,272,150,0.5843388438224792
sub_2590,006779_jpg.rf.ab314d22d3d5a07102816d10691256bc.jpg,1,39,23,114,120,0.8850105404853821
sub_2591,006780_jpg.rf.fef7aecfdf0a955409cb7b0768d59013.jpg,1,178,95,227,157,0.8644115924835205
sub_2592,006780_jpg.rf.fef7aecfdf0a955409cb7b0768d59013.jpg,1,335,142,368,183,0.8306487798690796
sub_2593,006780_jpg.rf.fef7aecfdf0a955409cb7b0768d59013.jpg,1,418,94,458,143,0.8147811889648438
sub_2594,006780_jpg.rf.fef7aecfdf0a955409cb7b0768d59013.jpg,0,279,98,311,138,0.813532829284668
sub_2595,006780_jpg.rf.fef7aecfdf0a955409cb7b0768d59013.jpg,0,319,98,345,129,0.756373941898346
sub_2596,006780_jpg.rf.fef7aecfdf0a955409cb7b0768d59013.jpg,1,436,79,463,109,0.4172724485397339
sub_2597,006781_jpg.rf.f2b70b8a7af40635ade1d797fdc42c15.jpg,1,175,176,201,203,0.6768412590026855
sub_2598,006783_jpg.rf.19b7f9e1a66ae1fddf50af46cd81e927.jpg,0,95,82,157,157,0.9153010845184326
sub_2599,006783_jpg.rf.19b7f9e1a66ae1fddf50af46cd81e927.jpg,0,227,39,288,115,0.9013044238090515
sub_2600,006783_jpg.rf.19b7f9e1a66ae1fddf50af46cd81e927.jpg,0,359,7,439,107,0.8748536705970764
sub_2601,006786_jpg.rf.f6ff987844d7f8302b3cc0695b66d6a7.jpg,1,200,12,292,115,0.8917642831802368
sub_2602,006786_jpg.rf.f6ff987844d7f8302b3cc0695b66d6a7.jpg,1,346,20,454,147,0.8794710636138916
sub_2603,006787_jpg.rf.390d6fbb2ded460102bdd47a457ddf7b.jpg,1,195,32,302,170,0.8596677780151367
sub_2604,006787_jpg.rf.390d6fbb2ded460102bdd47a457ddf7b.jpg,1,262,92,379,218,0.8420665264129639
sub_2605,006790_jpg.rf.cd6d3c19da633b24a06a600c39b6250f.jpg,1,36,75,140,174,0.8907216191291809
sub_2606,006790_jpg.rf.cd6d3c19da633b24a06a600c39b6250f.jpg,1,388,1,491,79,0.8696228265762329
sub_2607,006791_jpg.rf.2be24fe43113bef6ee71a846b9d46490.jpg,0,99,120,130,157,0.8323701620101929
sub_2608,006791_jpg.rf.2be24fe43113bef6ee71a846b9d46490.jpg,0,443,137,470,170,0.7962577939033508
sub_2609,006791_jpg.rf.2be24fe43113bef6ee71a846b9d46490.jpg,0,212,142,233,167,0.790919840335846
sub_2610,006791_jpg.rf.2be24fe43113bef6ee71a846b9d46490.jpg,0,412,145,436,175,0.7560412287712097
sub_2611,006791_jpg.rf.2be24fe43113bef6ee71a846b9d46490.jpg,0,375,141,397,168,0.7404019236564636
sub_2612,006791_jpg.rf.2be24fe43113bef6ee71a846b9d46490.jpg,0,41,145,62,170,0.7386453151702881
sub_2613,006791_jpg.rf.2be24fe43113bef6ee71a846b9d46490.jpg,0,286,137,304,162,0.6946849226951599
sub_2614,006791_jpg.rf.2be24fe43113bef6ee71a846b9d46490.jpg,0,308,142,328,166,0.6685834527015686
sub_2615,006791_jpg.rf.2be24fe43113bef6ee71a846b9d46490.jpg,0,344,144,361,167,0.6529577374458313
sub_2616,006791_jpg.rf.2be24fe43113bef6ee71a846b9d46490.jpg,0,172,143,190,168,0.6207522749900818
sub_2617,006791_jpg.rf.2be24fe43113bef6ee71a846b9d46490.jpg,0,272,145,288,166,0.6146572232246399
sub_2618,006791_jpg.rf.2be24fe43113bef6ee71a846b9d46490.jpg,0,358,138,375,161,0.5901459455490112
sub_2619,006791_jpg.rf.2be24fe43113bef6ee71a846b9d46490.jpg,0,126,143,144,166,0.5389952659606934
sub_2620,006791_jpg.rf.2be24fe43113bef6ee71a846b9d46490.jpg,0,351,140,371,164,0.5155863165855408
sub_2621,006791_jpg.rf.2be24fe43113bef6ee71a846b9d46490.jpg,0,3,140,21,162,0.5145879983901978
sub_2622,006791_jpg.rf.2be24fe43113bef6ee71a846b9d46490.jpg,0,467,143,483,166,0.4158926010131836
sub_2623,006792_jpg.rf.2c8a759fa61cc4d71e5f00f392849d6f.jpg,1,115,89,144,126,0.8717542886734009
sub_2624,006792_jpg.rf.2c8a759fa61cc4d71e5f00f392849d6f.jpg,1,64,94,88,125,0.8328273892402649
sub_2625,006793_jpg.rf.8c1236e9aaf9489cffe6b0077e5ce5ab.jpg,1,303,122,340,167,0.8794353008270264
sub_2626,006793_jpg.rf.8c1236e9aaf9489cffe6b0077e5ce5ab.jpg,1,85,120,119,161,0.8767073154449463
sub_2627,006793_jpg.rf.8c1236e9aaf9489cffe6b0077e5ce5ab.jpg,1,167,126,200,169,0.8535818457603455
sub_2628,006793_jpg.rf.8c1236e9aaf9489cffe6b0077e5ce5ab.jpg,1,219,125,249,163,0.8323847651481628
sub_2629,006793_jpg.rf.8c1236e9aaf9489cffe6b0077e5ce5ab.jpg,1,0,143,24,170,0.79642254114151
sub_2630,006793_jpg.rf.8c1236e9aaf9489cffe6b0077e5ce5ab.jpg,1,292,156,313,183,0.6743364334106445
sub_2631,006794_jpg.rf.1a73269ff3e9472da96e9351f26523f6.jpg,0,55,145,135,233,0.8901814818382263
sub_2632,006794_jpg.rf.1a73269ff3e9472da96e9351f26523f6.jpg,0,396,123,493,223,0.8542785048484802
sub_2633,006794_jpg.rf.1a73269ff3e9472da96e9351f26523f6.jpg,0,113,127,160,181,0.7519515752792358
sub_2634,006794_jpg.rf.1a73269ff3e9472da96e9351f26523f6.jpg,0,299,105,326,138,0.725334107875824
sub_2635,006794_jpg.rf.1a73269ff3e9472da96e9351f26523f6.jpg,0,254,101,272,126,0.6682541370391846
sub_2636,006794_jpg.rf.1a73269ff3e9472da96e9351f26523f6.jpg,0,158,103,178,126,0.6536340713500977
sub_2637,006794_jpg.rf.1a73269ff3e9472da96e9351f26523f6.jpg,0,340,120,372,160,0.64076167345047
sub_2638,006794_jpg.rf.1a73269ff3e9472da96e9351f26523f6.jpg,0,265,107,286,136,0.5726908445358276
sub_2639,006794_jpg.rf.1a73269ff3e9472da96e9351f26523f6.jpg,0,483,130,499,220,0.4898945689201355
sub_2640,006794_jpg.rf.1a73269ff3e9472da96e9351f26523f6.jpg,0,356,107,371,126,0.46668538451194763
sub_2641,006794_jpg.rf.1a73269ff3e9472da96e9351f26523f6.jpg,0,351,115,372,153,0.46604475378990173
sub_2642,006795_jpg.rf.8064999eecc78b7dd963399d3f3cd583.jpg,1,403,112,457,177,0.855571985244751
sub_2643,006795_jpg.rf.8064999eecc78b7dd963399d3f3cd583.jpg,1,271,110,306,146,0.7874313592910767
sub_2644,006795_jpg.rf.8064999eecc78b7dd963399d3f3cd583.jpg,1,371,121,389,142,0.7125696539878845
sub_2645,006795_jpg.rf.8064999eecc78b7dd963399d3f3cd583.jpg,1,322,122,338,140,0.5841006636619568
sub_2646,006798_jpg.rf.85014726c121e857b46634620e27a962.jpg,1,355,67,403,120,0.8854271173477173
sub_2647,006798_jpg.rf.85014726c121e857b46634620e27a962.jpg,1,56,78,95,125,0.8423119187355042
sub_2648,006798_jpg.rf.85014726c121e857b46634620e27a962.jpg,1,277,67,311,111,0.8383146524429321
sub_2649,006798_jpg.rf.85014726c121e857b46634620e27a962.jpg,1,104,52,171,123,0.8323400616645813
sub_2650,006800_jpg.rf.1466eac837d12bb7b08e93b77e936278.jpg,1,183,10,321,184,0.8778742551803589
sub_2651,006803_jpg.rf.38b3d77830f08ea31c4ce4bc9d9dce26.jpg,1,131,126,188,178,0.7255983352661133
sub_2652,006805_jpg.rf.13b2f5b5fa62fdd16f1ecfbdcb364379.jpg,1,156,217,228,311,0.8796197175979614
sub_2653,006806_jpg.rf.33c1773145c3a08e0cee7e118da1b66b.jpg,1,13,41,78,116,0.8701412677764893
sub_2654,006806_jpg.rf.33c1773145c3a08e0cee7e118da1b66b.jpg,1,195,31,297,139,0.8617450594902039
sub_2655,006806_jpg.rf.33c1773145c3a08e0cee7e118da1b66b.jpg,1,371,14,427,71,0.827865481376648
sub_2656,006809_jpg.rf.94212ce392dd061b623ea0d4823e0088.jpg,1,44,55,107,137,0.849443256855011
sub_2657,006809_jpg.rf.94212ce392dd061b623ea0d4823e0088.jpg,1,602,10,663,89,0.8456262350082397
sub_2658,006809_jpg.rf.94212ce392dd061b623ea0d4823e0088.jpg,1,291,13,358,93,0.8283675312995911
sub_2659,006811_jpg.rf.b99460b4d015a3799c0845d91c4aa2e6.jpg,1,313,12,383,95,0.8402897715568542
sub_2660,006812_jpg.rf.3a7f01bc02ec4dd06b463374b8a08b00.jpg,1,372,150,422,216,0.8958705067634583
sub_2661,006812_jpg.rf.3a7f01bc02ec4dd06b463374b8a08b00.jpg,1,257,74,319,144,0.8657835721969604
sub_2662,006812_jpg.rf.3a7f01bc02ec4dd06b463374b8a08b00.jpg,1,476,25,528,99,0.8636668920516968
sub_2663,006812_jpg.rf.3a7f01bc02ec4dd06b463374b8a08b00.jpg,1,244,139,310,210,0.8327839970588684
sub_2664,006813_jpg.rf.06b6e4cfecc3d3c5787ec1992ddabac3.jpg,1,127,4,183,80,0.8830680847167969
sub_2665,006813_jpg.rf.06b6e4cfecc3d3c5787ec1992ddabac3.jpg,1,253,73,311,149,0.8259783983230591
sub_2666,006814_jpg.rf.c57f7b64ffed31d6bf04d86276006887.jpg,1,140,91,180,130,0.7668694257736206
sub_2667,006819_jpg.rf.abfe647128a354010b30c263d399913e.jpg,1,370,30,460,128,0.8977544903755188
sub_2668,006819_jpg.rf.abfe647128a354010b30c263d399913e.jpg,1,62,0,137,73,0.8837021589279175
sub_2669,006819_jpg.rf.abfe647128a354010b30c263d399913e.jpg,1,205,33,266,109,0.8796805143356323
sub_2670,006819_jpg.rf.abfe647128a354010b30c263d399913e.jpg,1,335,14,400,88,0.8129464983940125
sub_2671,006819_jpg.rf.abfe647128a354010b30c263d399913e.jpg,0,0,41,18,103,0.6231107115745544
sub_2672,006819_jpg.rf.abfe647128a354010b30c263d399913e.jpg,0,469,121,499,159,0.560579776763916
sub_2673,006820_jpg.rf.00fda8072c3672f40b36c2e86a1068b9.jpg,1,309,31,500,223,0.8615402579307556
sub_2674,006820_jpg.rf.00fda8072c3672f40b36c2e86a1068b9.jpg,1,262,150,287,179,0.6817094087600708
sub_2675,006823_jpg.rf.5cad40a64afc3b47bc975ddfd7cc4c15.jpg,1,93,129,161,204,0.8884859085083008
sub_2676,006823_jpg.rf.5cad40a64afc3b47bc975ddfd7cc4c15.jpg,1,173,82,210,134,0.6990512609481812
sub_2677,006823_jpg.rf.5cad40a64afc3b47bc975ddfd7cc4c15.jpg,1,169,27,220,92,0.5522447228431702
sub_2678,006824_jpg.rf.b6cc94c309297e36900e1df92d909a0d.jpg,1,248,190,300,239,0.7366132736206055
sub_2679,006825_jpg.rf.119686beaf9b800ec91f1728999b38ba.jpg,1,241,68,294,136,0.8713533878326416
sub_2680,006825_jpg.rf.119686beaf9b800ec91f1728999b38ba.jpg,1,376,125,428,198,0.8525769114494324
sub_2681,006825_jpg.rf.119686beaf9b800ec91f1728999b38ba.jpg,1,125,32,181,101,0.8467622995376587
sub_2682,006826_jpg.rf.76190434307547906f5ddcac7917547d.jpg,1,32,151,180,313,0.8674569725990295
sub_2683,006828_jpg.rf.2fa5dde43d27614500d2ac8871403b6c.jpg,1,94,115,119,146,0.788589358329773
sub_2684,006828_jpg.rf.2fa5dde43d27614500d2ac8871403b6c.jpg,1,260,99,283,127,0.7759113907814026
sub_2685,006828_jpg.rf.2fa5dde43d27614500d2ac8871403b6c.jpg,1,129,121,152,149,0.7756717205047607
sub_2686,006828_jpg.rf.2fa5dde43d27614500d2ac8871403b6c.jpg,1,154,105,176,134,0.7311367392539978
sub_2687,006828_jpg.rf.2fa5dde43d27614500d2ac8871403b6c.jpg,1,51,131,67,150,0.726883053779602
sub_2688,006828_jpg.rf.2fa5dde43d27614500d2ac8871403b6c.jpg,1,14,132,32,152,0.6717938780784607
sub_2689,006830_jpg.rf.7ef2a103339f96e8691fb99ebc2adc11.jpg,0,87,25,145,93,0.8470501899719238
sub_2690,006830_jpg.rf.7ef2a103339f96e8691fb99ebc2adc11.jpg,0,441,88,486,144,0.8453732132911682
sub_2691,006830_jpg.rf.7ef2a103339f96e8691fb99ebc2adc11.jpg,0,289,39,345,106,0.840300977230072
sub_2692,006830_jpg.rf.7ef2a103339f96e8691fb99ebc2adc11.jpg,0,405,102,440,144,0.8204379677772522
sub_2693,006830_jpg.rf.7ef2a103339f96e8691fb99ebc2adc11.jpg,0,238,100,275,146,0.8185843229293823
sub_2694,006830_jpg.rf.7ef2a103339f96e8691fb99ebc2adc11.jpg,0,11,74,52,129,0.8182076811790466
sub_2695,006830_jpg.rf.7ef2a103339f96e8691fb99ebc2adc11.jpg,1,192,77,237,142,0.7471343278884888
sub_2696,006830_jpg.rf.7ef2a103339f96e8691fb99ebc2adc11.jpg,0,47,81,75,117,0.7325774431228638
sub_2697,006830_jpg.rf.7ef2a103339f96e8691fb99ebc2adc11.jpg,0,382,117,405,144,0.7002826929092407
sub_2698,006830_jpg.rf.7ef2a103339f96e8691fb99ebc2adc11.jpg,1,143,84,168,122,0.6841247081756592
sub_2699,006830_jpg.rf.7ef2a103339f96e8691fb99ebc2adc11.jpg,1,132,48,159,103,0.5728877782821655
sub_2700,006830_jpg.rf.7ef2a103339f96e8691fb99ebc2adc11.jpg,0,356,91,388,129,0.49012619256973267
sub_2701,006835_jpg.rf.23af84714213739f87927cf529602fbf.jpg,1,229,115,314,211,0.8881149291992188
sub_2702,006835_jpg.rf.23af84714213739f87927cf529602fbf.jpg,1,109,95,185,188,0.8730964064598083
sub_2703,006835_jpg.rf.23af84714213739f87927cf529602fbf.jpg,0,415,157,433,178,0.5281279683113098
sub_2704,006836_jpg.rf.3dfdd71b6ef2b6060b054ff1cfda424f.jpg,1,219,98,258,147,0.8189544677734375
sub_2705,006836_jpg.rf.3dfdd71b6ef2b6060b054ff1cfda424f.jpg,1,134,12,197,91,0.81718510389328
sub_2706,006837_jpg.rf.7df374b1ec4b77683a205e8516bbcd9d.jpg,1,259,165,302,211,0.8140497803688049
sub_2707,006838_jpg.rf.e9fb53b036018dfe55dd4b763e1ee6d6.jpg,0,355,139,379,168,0.8068457841873169
sub_2708,006838_jpg.rf.e9fb53b036018dfe55dd4b763e1ee6d6.jpg,1,164,123,190,155,0.7999095320701599
sub_2709,006838_jpg.rf.e9fb53b036018dfe55dd4b763e1ee6d6.jpg,0,282,139,306,168,0.7993028163909912
sub_2710,006838_jpg.rf.e9fb53b036018dfe55dd4b763e1ee6d6.jpg,1,49,134,74,164,0.797254204750061
sub_2711,006838_jpg.rf.e9fb53b036018dfe55dd4b763e1ee6d6.jpg,1,196,122,219,153,0.7747904062271118
sub_2712,006843_jpg.rf.b174750fb6e2bef4cf2e8a320ba64e3f.jpg,1,371,21,466,113,0.8502806425094604
sub_2713,006843_jpg.rf.b174750fb6e2bef4cf2e8a320ba64e3f.jpg,1,40,8,111,82,0.8469274640083313
sub_2714,006843_jpg.rf.b174750fb6e2bef4cf2e8a320ba64e3f.jpg,1,215,22,277,97,0.8396163582801819
sub_2715,006845_jpg.rf.77264dce179eea5d8b58be4aa5ff6692.jpg,1,57,71,206,252,0.9041258692741394
sub_2716,006845_jpg.rf.77264dce179eea5d8b58be4aa5ff6692.jpg,1,327,46,397,127,0.8886131048202515
sub_2717,006845_jpg.rf.77264dce179eea5d8b58be4aa5ff6692.jpg,1,300,110,477,287,0.8697895407676697
sub_2718,006845_jpg.rf.77264dce179eea5d8b58be4aa5ff6692.jpg,0,122,5,190,79,0.8437787890434265
sub_2719,006845_jpg.rf.77264dce179eea5d8b58be4aa5ff6692.jpg,1,410,3,488,94,0.8163796663284302
sub_2720,006846_jpg.rf.dec1c28e64779fb203bdf358321ef817.jpg,1,320,158,355,204,0.8689718246459961
sub_2721,006846_jpg.rf.dec1c28e64779fb203bdf358321ef817.jpg,1,270,152,305,199,0.863506019115448
sub_2722,006848_jpg.rf.e57cd668b9e0af416c1829040342f0d0.jpg,1,72,70,153,163,0.8905247449874878
sub_2723,006848_jpg.rf.e57cd668b9e0af416c1829040342f0d0.jpg,1,145,91,201,163,0.8890490531921387
sub_2724,006848_jpg.rf.e57cd668b9e0af416c1829040342f0d0.jpg,1,233,83,282,150,0.8676393628120422
sub_2725,006848_jpg.rf.e57cd668b9e0af416c1829040342f0d0.jpg,1,361,83,429,168,0.8516525626182556
sub_2726,006849_jpg.rf.3226fe12be2dc082b1813d30f6859e9c.jpg,1,230,71,261,112,0.8185064792633057
sub_2727,006849_jpg.rf.3226fe12be2dc082b1813d30f6859e9c.jpg,1,162,97,176,115,0.6592234969139099
sub_2728,006849_jpg.rf.3226fe12be2dc082b1813d30f6859e9c.jpg,1,453,97,469,116,0.43923285603523254
sub_2729,006850_jpg.rf.1d8572c8252b5bd88e04a38b433f2294.jpg,1,171,56,465,417,0.8716282844543457
sub_2730,006852_jpg.rf.ed2d9c42164193ee39c151a88228337c.jpg,1,52,185,81,221,0.8195655345916748
sub_2731,006853_jpg.rf.2f8523f9605ed5a9f454fd64f9ffacde.jpg,1,134,26,214,132,0.893903911113739
sub_2732,006855_jpg.rf.4c3a3910af72e2fcbce528d6e599e787.jpg,1,240,81,268,114,0.7618059515953064
sub_2733,006855_jpg.rf.4c3a3910af72e2fcbce528d6e599e787.jpg,1,204,101,232,132,0.7017358541488647
sub_2734,006855_jpg.rf.4c3a3910af72e2fcbce528d6e599e787.jpg,1,95,131,116,155,0.6702485680580139
sub_2735,006855_jpg.rf.4c3a3910af72e2fcbce528d6e599e787.jpg,1,152,123,167,143,0.5337477922439575
sub_2736,006858_jpg.rf.9446f374017b24474da3b86ee25ee57c.jpg,0,49,41,115,123,0.9185001850128174
sub_2737,006858_jpg.rf.9446f374017b24474da3b86ee25ee57c.jpg,0,296,3,450,194,0.8913076519966125
sub_2738,006858_jpg.rf.9446f374017b24474da3b86ee25ee57c.jpg,0,215,17,298,121,0.8795605301856995
sub_2739,006858_jpg.rf.9446f374017b24474da3b86ee25ee57c.jpg,0,200,0,228,31,0.8527214527130127
sub_2740,006858_jpg.rf.9446f374017b24474da3b86ee25ee57c.jpg,0,289,0,315,26,0.7572560906410217
sub_2741,006861_jpg.rf.961e1e5d692507e34bb1d2311252cf82.jpg,1,45,2,116,81,0.873917818069458
sub_2742,006861_jpg.rf.961e1e5d692507e34bb1d2311252cf82.jpg,1,122,42,161,96,0.8720620274543762
sub_2743,006861_jpg.rf.961e1e5d692507e34bb1d2311252cf82.jpg,1,163,56,189,94,0.8719786405563354
sub_2744,006861_jpg.rf.961e1e5d692507e34bb1d2311252cf82.jpg,1,196,44,233,95,0.8629329800605774
sub_2745,006861_jpg.rf.961e1e5d692507e34bb1d2311252cf82.jpg,1,237,27,292,94,0.8616280555725098
sub_2746,006861_jpg.rf.961e1e5d692507e34bb1d2311252cf82.jpg,1,0,52,38,114,0.8271241784095764
sub_2747,006861_jpg.rf.961e1e5d692507e34bb1d2311252cf82.jpg,1,278,53,303,94,0.6649908423423767
sub_2748,006863_jpg.rf.41e04e87964465b8a77d435d581ebc3c.jpg,1,93,95,149,170,0.8883448243141174
sub_2749,006863_jpg.rf.41e04e87964465b8a77d435d581ebc3c.jpg,0,159,85,203,151,0.8810101747512817
sub_2750,006863_jpg.rf.41e04e87964465b8a77d435d581ebc3c.jpg,1,436,85,491,157,0.8789092898368835
sub_2751,006863_jpg.rf.41e04e87964465b8a77d435d581ebc3c.jpg,0,325,105,365,154,0.8636974692344666
sub_2752,006863_jpg.rf.41e04e87964465b8a77d435d581ebc3c.jpg,1,251,81,304,158,0.856123149394989
sub_2753,006863_jpg.rf.41e04e87964465b8a77d435d581ebc3c.jpg,1,226,87,258,132,0.8268240690231323
sub_2754,006863_jpg.rf.41e04e87964465b8a77d435d581ebc3c.jpg,1,334,70,369,111,0.8258587121963501
sub_2755,006863_jpg.rf.41e04e87964465b8a77d435d581ebc3c.jpg,0,403,49,432,83,0.8160855770111084
sub_2756,006863_jpg.rf.41e04e87964465b8a77d435d581ebc3c.jpg,1,67,17,98,56,0.815457820892334
sub_2757,006863_jpg.rf.41e04e87964465b8a77d435d581ebc3c.jpg,1,136,30,165,66,0.8104771375656128
sub_2758,006863_jpg.rf.41e04e87964465b8a77d435d581ebc3c.jpg,1,185,33,210,64,0.7617711424827576
sub_2759,006863_jpg.rf.41e04e87964465b8a77d435d581ebc3c.jpg,1,197,99,230,144,0.7545919418334961
sub_2760,006863_jpg.rf.41e04e87964465b8a77d435d581ebc3c.jpg,0,436,60,458,89,0.659961998462677
sub_2761,006866_jpg.rf.7a83a38a60429047a4be3d864dbde115.jpg,1,288,582,335,643,0.7517328858375549
sub_2762,006867_jpg.rf.d6d37b6443d4a9f17dd7ead30910b3ab.jpg,1,101,174,132,211,0.8190310001373291
sub_2763,006867_jpg.rf.d6d37b6443d4a9f17dd7ead30910b3ab.jpg,1,322,158,338,176,0.5405172109603882
sub_2764,006867_jpg.rf.d6d37b6443d4a9f17dd7ead30910b3ab.jpg,1,17,177,28,193,0.43865764141082764
sub_2765,006868_jpg.rf.64224d3d369574f5f53cdc44f3c000c1.jpg,1,184,134,241,212,0.9015555381774902
sub_2766,006868_jpg.rf.64224d3d369574f5f53cdc44f3c000c1.jpg,1,34,141,86,208,0.8423246741294861
sub_2767,006869_jpg.rf.f8ce4adb0656ff4ca263b91845f49923.jpg,1,337,198,361,224,0.7500377893447876
sub_2768,006870_jpg.rf.81334f52ad19eaa6a7ff3bec7fef01d0.jpg,0,366,115,416,175,0.9116207361221313
sub_2769,006870_jpg.rf.81334f52ad19eaa6a7ff3bec7fef01d0.jpg,0,162,119,201,171,0.8919731378555298
sub_2770,006870_jpg.rf.81334f52ad19eaa6a7ff3bec7fef01d0.jpg,0,302,134,345,191,0.8878412246704102
sub_2771,006870_jpg.rf.81334f52ad19eaa6a7ff3bec7fef01d0.jpg,0,91,124,135,180,0.8841274380683899
sub_2772,006870_jpg.rf.81334f52ad19eaa6a7ff3bec7fef01d0.jpg,0,208,120,252,173,0.8255656957626343
sub_2773,006870_jpg.rf.81334f52ad19eaa6a7ff3bec7fef01d0.jpg,0,239,156,268,188,0.6913327574729919
sub_2774,006870_jpg.rf.81334f52ad19eaa6a7ff3bec7fef01d0.jpg,0,2,113,42,160,0.6644644141197205
sub_2775,006870_jpg.rf.81334f52ad19eaa6a7ff3bec7fef01d0.jpg,0,31,114,63,156,0.6521031260490417
sub_2776,006870_jpg.rf.81334f52ad19eaa6a7ff3bec7fef01d0.jpg,0,60,134,85,167,0.6358906030654907
sub_2777,006876_jpg.rf.cc47c399edb964fd508e616d549f4eea.jpg,1,5,117,32,150,0.8629866242408752
sub_2778,006876_jpg.rf.cc47c399edb964fd508e616d549f4eea.jpg,1,96,115,118,142,0.8192533850669861
sub_2779,006876_jpg.rf.cc47c399edb964fd508e616d549f4eea.jpg,1,193,118,212,144,0.8076052069664001
sub_2780,006876_jpg.rf.cc47c399edb964fd508e616d549f4eea.jpg,1,68,118,91,148,0.8002287745475769
sub_2781,006876_jpg.rf.cc47c399edb964fd508e616d549f4eea.jpg,1,162,113,182,140,0.7893902063369751
sub_2782,006876_jpg.rf.cc47c399edb964fd508e616d549f4eea.jpg,1,131,120,152,147,0.7856965065002441
sub_2783,006876_jpg.rf.cc47c399edb964fd508e616d549f4eea.jpg,0,324,127,346,152,0.7630816102027893
sub_2784,006876_jpg.rf.cc47c399edb964fd508e616d549f4eea.jpg,1,223,121,242,144,0.7463217377662659
sub_2785,006876_jpg.rf.cc47c399edb964fd508e616d549f4eea.jpg,0,258,127,276,150,0.7060633897781372
sub_2786,006876_jpg.rf.cc47c399edb964fd508e616d549f4eea.jpg,0,292,122,311,146,0.6768226623535156
sub_2787,006876_jpg.rf.cc47c399edb964fd508e616d549f4eea.jpg,0,364,110,388,141,0.6409856677055359
sub_2788,006879_jpg.rf.5bc242df69ad602082cb59e539621d06.jpg,1,62,64,99,104,0.8405890464782715
sub_2789,006879_jpg.rf.5bc242df69ad602082cb59e539621d06.jpg,1,305,86,343,127,0.8213253617286682
sub_2790,006879_jpg.rf.5bc242df69ad602082cb59e539621d06.jpg,1,201,213,229,249,0.7920470237731934
sub_2791,006879_jpg.rf.5bc242df69ad602082cb59e539621d06.jpg,1,105,129,138,167,0.7562798857688904
sub_2792,006882_jpg.rf.fee4f044693ddce54e39bc2d096c068f.jpg,0,63,98,131,171,0.9087712168693542
sub_2793,006882_jpg.rf.fee4f044693ddce54e39bc2d096c068f.jpg,0,347,115,392,170,0.8774637579917908
sub_2794,006882_jpg.rf.fee4f044693ddce54e39bc2d096c068f.jpg,0,170,76,260,167,0.8768422603607178
sub_2795,006882_jpg.rf.fee4f044693ddce54e39bc2d096c068f.jpg,0,462,68,500,162,0.8453723788261414
sub_2796,006882_jpg.rf.fee4f044693ddce54e39bc2d096c068f.jpg,0,33,135,74,182,0.7376488447189331
sub_2797,006882_jpg.rf.fee4f044693ddce54e39bc2d096c068f.jpg,0,253,125,284,168,0.655104398727417
sub_2798,006883_jpg.rf.95962aab9fff4c8ea8302570d7a50a6e.jpg,1,181,162,198,183,0.7140617370605469
sub_2799,006883_jpg.rf.95962aab9fff4c8ea8302570d7a50a6e.jpg,1,65,162,84,180,0.6176135540008545
sub_2800,006883_jpg.rf.95962aab9fff4c8ea8302570d7a50a6e.jpg,1,99,170,119,191,0.607331395149231
sub_2801,006883_jpg.rf.95962aab9fff4c8ea8302570d7a50a6e.jpg,1,199,160,218,182,0.48656609654426575
sub_2802,006884_jpg.rf.90f78bf8f2d65d1cd6f0b6501733432f.jpg,1,202,110,269,177,0.8988931775093079
sub_2803,006885_jpg.rf.a4c4e76cca639c5aef6f18fc7a884a01.jpg,1,44,71,74,106,0.8227180242538452
sub_2804,006887_jpg.rf.ec6783158c0c060c9ce34dce93b44927.jpg,1,50,119,74,146,0.8112201690673828
sub_2805,006888_jpg.rf.dbe059a26baf9bc322caaaa0b8a1fd7b.jpg,1,228,97,271,139,0.8499001264572144
sub_2806,006888_jpg.rf.dbe059a26baf9bc322caaaa0b8a1fd7b.jpg,1,338,114,383,159,0.8316598534584045
sub_2807,006889_jpg.rf.cf1d7fd053515fd07e46b80af5a5b93a.jpg,1,125,63,335,317,0.8516541123390198
sub_2808,006894_jpg.rf.f2446df05f4bc5092802a94d9e0e6fc7.jpg,1,218,60,254,95,0.8316490650177002
sub_2809,006894_jpg.rf.f2446df05f4bc5092802a94d9e0e6fc7.jpg,1,230,93,258,124,0.8279156684875488
sub_2810,006895_jpg.rf.96ba102a178220f5601cc292e809deb8.jpg,1,133,83,219,193,0.8670541048049927
sub_2811,006895_jpg.rf.96ba102a178220f5601cc292e809deb8.jpg,1,217,138,273,210,0.8576828241348267
sub_2812,006895_jpg.rf.96ba102a178220f5601cc292e809deb8.jpg,1,0,52,67,275,0.8295497894287109
sub_2813,006895_jpg.rf.96ba102a178220f5601cc292e809deb8.jpg,0,421,170,450,206,0.7435193061828613
sub_2814,006895_jpg.rf.96ba102a178220f5601cc292e809deb8.jpg,0,346,167,375,204,0.666105329990387
sub_2815,006895_jpg.rf.96ba102a178220f5601cc292e809deb8.jpg,0,402,167,420,190,0.5835964679718018
sub_2816,006895_jpg.rf.96ba102a178220f5601cc292e809deb8.jpg,0,380,173,400,196,0.573623776435852
sub_2817,006895_jpg.rf.96ba102a178220f5601cc292e809deb8.jpg,1,74,169,96,202,0.5408803224563599
sub_2818,006895_jpg.rf.96ba102a178220f5601cc292e809deb8.jpg,0,92,161,115,195,0.473011314868927
sub_2819,006895_jpg.rf.96ba102a178220f5601cc292e809deb8.jpg,1,285,169,301,190,0.4352848529815674
sub_2820,006899_jpg.rf.611ead1f9f5cbeee63d7bef584e7677c.jpg,1,301,144,325,169,0.816008985042572
sub_2821,006899_jpg.rf.611ead1f9f5cbeee63d7bef584e7677c.jpg,1,262,158,278,176,0.7720242142677307
sub_2822,006899_jpg.rf.611ead1f9f5cbeee63d7bef584e7677c.jpg,1,88,172,106,192,0.716242253780365
sub_2823,006899_jpg.rf.611ead1f9f5cbeee63d7bef584e7677c.jpg,1,37,181,51,196,0.6998146772384644
sub_2824,006899_jpg.rf.611ead1f9f5cbeee63d7bef584e7677c.jpg,1,174,168,189,186,0.5845352411270142
sub_2825,006900_jpg.rf.396b2e263e1f134496529b96ed741362.jpg,1,112,152,163,201,0.8636544346809387
sub_2826,006905_jpg.rf.bf93e827325e6f2771738ed2d7a79f3d.jpg,1,249,26,371,183,0.9012439846992493
sub_2827,006905_jpg.rf.bf93e827325e6f2771738ed2d7a79f3d.jpg,1,408,16,546,187,0.8860938549041748
sub_2828,006907_jpg.rf.5980c5a7ccf284e506d83be517df7a0e.jpg,1,130,114,160,143,0.6459982395172119
sub_2829,006912_jpg.rf.7d6a3a181522b491a577f49d9323e141.jpg,1,284,73,302,94,0.6292440891265869
sub_2830,006913_jpg.rf.10618760d215624f4a4033196dbeb873.jpg,1,0,251,46,302,0.7885181903839111
sub_2831,006913_jpg.rf.10618760d215624f4a4033196dbeb873.jpg,1,360,189,392,220,0.7776697874069214
sub_2832,006913_jpg.rf.10618760d215624f4a4033196dbeb873.jpg,1,117,257,133,275,0.5926614999771118
sub_2833,006913_jpg.rf.10618760d215624f4a4033196dbeb873.jpg,1,78,259,93,276,0.5502946972846985
sub_2834,006915_jpg.rf.0cd73858a9eecb7a121d96bbbfa9698b.jpg,1,398,238,417,258,0.6960082054138184
sub_2835,006915_jpg.rf.0cd73858a9eecb7a121d96bbbfa9698b.jpg,1,362,209,376,225,0.6730575561523438
sub_2836,006915_jpg.rf.0cd73858a9eecb7a121d96bbbfa9698b.jpg,1,170,96,187,117,0.6064720749855042
sub_2837,006915_jpg.rf.0cd73858a9eecb7a121d96bbbfa9698b.jpg,1,437,229,450,255,0.42436233162879944
sub_2838,006918_jpg.rf.d02456dfeaeb0c351c14f225bf94dc75.jpg,1,0,88,110,214,0.8544455170631409
sub_2839,006918_jpg.rf.d02456dfeaeb0c351c14f225bf94dc75.jpg,1,232,27,293,97,0.846596896648407
sub_2840,006923_jpg.rf.4ddda97c6d8efc3a0835f8481506547a.jpg,1,83,55,131,105,0.8321523070335388
sub_2841,006923_jpg.rf.4ddda97c6d8efc3a0835f8481506547a.jpg,1,337,125,362,148,0.7689813375473022
sub_2842,006923_jpg.rf.4ddda97c6d8efc3a0835f8481506547a.jpg,1,253,105,267,120,0.5311146378517151
sub_2843,006927_jpg.rf.76cc4f00a3f80a29e8719742e233f91a.jpg,1,290,10,395,160,0.8779367804527283
sub_2844,006927_jpg.rf.76cc4f00a3f80a29e8719742e233f91a.jpg,1,380,0,513,153,0.8772319555282593
sub_2845,006929_jpg.rf.ad849834c20d8f087890624955f61bde.jpg,1,242,126,278,171,0.8999713659286499
sub_2846,006929_jpg.rf.ad849834c20d8f087890624955f61bde.jpg,1,207,141,236,175,0.7873074412345886
sub_2847,006930_jpg.rf.4478e1e0006d8670baca9639653535f4.jpg,1,113,39,203,149,0.8783687949180603
sub_2848,006930_jpg.rf.4478e1e0006d8670baca9639653535f4.jpg,1,249,39,273,65,0.7573381066322327
sub_2849,006930_jpg.rf.4478e1e0006d8670baca9639653535f4.jpg,1,9,172,56,209,0.7490705251693726
sub_2850,006930_jpg.rf.4478e1e0006d8670baca9639653535f4.jpg,1,3,74,27,98,0.7116354703903198
sub_2851,006931_jpg.rf.c566205f61a0b846e306cadbb4b86dd2.jpg,1,83,51,96,67,0.6550878286361694
sub_2852,006931_jpg.rf.c566205f61a0b846e306cadbb4b86dd2.jpg,1,303,35,315,50,0.46082744002342224
sub_2853,006932_jpg.rf.558d33f7c213d0b1d6b0ed35ea591b3d.jpg,1,113,200,210,315,0.888066828250885
sub_2854,006932_jpg.rf.558d33f7c213d0b1d6b0ed35ea591b3d.jpg,1,311,195,417,327,0.8740844130516052
sub_2855,006933_jpg.rf.6c96c110c5293d16fd5fc0aa502e695b.jpg,0,375,43,453,134,0.9047939777374268
sub_2856,006933_jpg.rf.6c96c110c5293d16fd5fc0aa502e695b.jpg,0,310,65,353,120,0.8716541528701782
sub_2857,006933_jpg.rf.6c96c110c5293d16fd5fc0aa502e695b.jpg,0,200,71,254,138,0.8485862612724304
sub_2858,006933_jpg.rf.6c96c110c5293d16fd5fc0aa502e695b.jpg,0,27,84,109,169,0.8473507165908813
sub_2859,006933_jpg.rf.6c96c110c5293d16fd5fc0aa502e695b.jpg,0,465,79,500,130,0.8033726811408997
sub_2860,006936_jpg.rf.2045e4e705d84d03ab5f7333b58eb847.jpg,1,221,20,289,112,0.8592772483825684
sub_2861,006936_jpg.rf.2045e4e705d84d03ab5f7333b58eb847.jpg,1,120,121,183,183,0.8330316543579102
sub_2862,006937_jpg.rf.69f3e728822902f4e875d0b2f3c87edf.jpg,1,255,167,298,215,0.8434785008430481
sub_2863,006937_jpg.rf.69f3e728822902f4e875d0b2f3c87edf.jpg,1,311,90,346,135,0.8182926774024963
sub_2864,006937_jpg.rf.69f3e728822902f4e875d0b2f3c87edf.jpg,1,103,131,131,162,0.7957143783569336
sub_2865,006937_jpg.rf.69f3e728822902f4e875d0b2f3c87edf.jpg,1,220,51,247,85,0.7917144298553467
sub_2866,006937_jpg.rf.69f3e728822902f4e875d0b2f3c87edf.jpg,1,184,59,209,92,0.7393268346786499
sub_2867,006938_jpg.rf.04eb21f06d571e04d47486da087b015f.jpg,1,149,100,318,291,0.7949749231338501
sub_2868,006942_jpg.rf.e772ba05fd6e434b1afa420df26b0d7f.jpg,1,111,145,134,171,0.7831215262413025
sub_2869,006946_jpg.rf.67c8863e0a8b07029ff88e9d82f2c1b4.jpg,1,162,126,271,251,0.8433519601821899
sub_2870,006947_jpg.rf.0288bcfce3a2913c27200525cf71f080.jpg,1,264,80,311,142,0.8618707656860352
sub_2871,006947_jpg.rf.0288bcfce3a2913c27200525cf71f080.jpg,0,183,108,207,140,0.7778252363204956
sub_2872,006947_jpg.rf.0288bcfce3a2913c27200525cf71f080.jpg,1,0,131,17,164,0.7739207744598389
sub_2873,006947_jpg.rf.0288bcfce3a2913c27200525cf71f080.jpg,0,227,121,256,160,0.767913281917572
sub_2874,006947_jpg.rf.0288bcfce3a2913c27200525cf71f080.jpg,0,70,121,92,149,0.7447769045829773
sub_2875,006950_jpg.rf.71cbfe6b611df3f7c10c932ba6f47a9b.jpg,1,36,263,52,283,0.8209421038627625
sub_2876,006950_jpg.rf.71cbfe6b611df3f7c10c932ba6f47a9b.jpg,1,128,264,146,285,0.7685083150863647
sub_2877,006950_jpg.rf.71cbfe6b611df3f7c10c932ba6f47a9b.jpg,1,71,258,87,276,0.7229287624359131
sub_2878,006951_jpg.rf.1782f5aa67f9a398945d5a31915b47cf.jpg,1,216,72,243,101,0.8260542154312134
sub_2879,006951_jpg.rf.1782f5aa67f9a398945d5a31915b47cf.jpg,1,171,72,197,102,0.8049567341804504
sub_2880,006952_jpg.rf.88dcb043421869cd4a4eb4acf3da8dba.jpg,1,207,112,247,157,0.8284881114959717
sub_2881,006952_jpg.rf.88dcb043421869cd4a4eb4acf3da8dba.jpg,1,156,81,195,127,0.800050675868988
sub_2882,006952_jpg.rf.88dcb043421869cd4a4eb4acf3da8dba.jpg,1,76,92,108,129,0.6983714699745178
sub_2883,006955_jpg.rf.b6554c0baf7c920f78abf967b42004bd.jpg,1,149,169,221,254,0.897197961807251
sub_2884,006955_jpg.rf.b6554c0baf7c920f78abf967b42004bd.jpg,1,33,171,60,202,0.756468653678894
sub_2885,006955_jpg.rf.b6554c0baf7c920f78abf967b42004bd.jpg,1,132,128,156,155,0.6041004061698914
sub_2886,006957_jpg.rf.a065e8e3cf140fa68ea6d2feefd4f819.jpg,1,273,103,305,142,0.8225225210189819
sub_2887,006957_jpg.rf.a065e8e3cf140fa68ea6d2feefd4f819.jpg,1,176,124,207,162,0.8166971206665039
sub_2888,006957_jpg.rf.a065e8e3cf140fa68ea6d2feefd4f819.jpg,1,97,107,130,145,0.7972833514213562
sub_2889,006957_jpg.rf.a065e8e3cf140fa68ea6d2feefd4f819.jpg,1,74,144,88,161,0.5239377617835999
sub_2890,006958_jpg.rf.3ba63c1cf937a220dcdc46aa38d4a19a.jpg,1,97,39,143,100,0.8688403964042664
sub_2891,006959_jpg.rf.0403069f37c59a3beb0998c6a4496c4d.jpg,1,44,116,85,164,0.8821439743041992
sub_2892,006959_jpg.rf.0403069f37c59a3beb0998c6a4496c4d.jpg,1,130,118,173,170,0.8612754344940186
sub_2893,006959_jpg.rf.0403069f37c59a3beb0998c6a4496c4d.jpg,1,170,144,195,178,0.8070310354232788
sub_2894,006961_jpg.rf.0192a1e4b795fdd6f25b0c8eb0cf4518.jpg,1,44,71,74,106,0.8252498507499695
sub_2895,006963_jpg.rf.e6bec51eeecf218740068fa22e009ea9.jpg,1,181,147,223,189,0.8328942656517029
sub_2896,006963_jpg.rf.e6bec51eeecf218740068fa22e009ea9.jpg,1,235,126,257,152,0.7891088128089905
sub_2897,006963_jpg.rf.e6bec51eeecf218740068fa22e009ea9.jpg,1,4,175,29,198,0.7648442983627319
sub_2898,006963_jpg.rf.e6bec51eeecf218740068fa22e009ea9.jpg,1,200,67,217,86,0.7498005032539368
sub_2899,006966_jpg.rf.95805b5e3a40114f80d3fbe2e4cdd68d.jpg,1,266,98,292,131,0.8158400654792786
sub_2900,006966_jpg.rf.95805b5e3a40114f80d3fbe2e4cdd68d.jpg,0,151,104,194,153,0.8127133846282959
sub_2901,006966_jpg.rf.95805b5e3a40114f80d3fbe2e4cdd68d.jpg,0,230,92,262,132,0.7865482568740845
sub_2902,006966_jpg.rf.95805b5e3a40114f80d3fbe2e4cdd68d.jpg,0,103,109,135,148,0.7861199378967285
sub_2903,006966_jpg.rf.95805b5e3a40114f80d3fbe2e4cdd68d.jpg,0,130,105,150,134,0.783592700958252
sub_2904,006966_jpg.rf.95805b5e3a40114f80d3fbe2e4cdd68d.jpg,0,342,103,372,143,0.7834938764572144
sub_2905,006966_jpg.rf.95805b5e3a40114f80d3fbe2e4cdd68d.jpg,0,62,110,92,147,0.75214022397995
sub_2906,006966_jpg.rf.95805b5e3a40114f80d3fbe2e4cdd68d.jpg,0,380,94,403,124,0.7269195914268494
sub_2907,006966_jpg.rf.95805b5e3a40114f80d3fbe2e4cdd68d.jpg,0,0,112,23,140,0.7084354162216187
sub_2908,006966_jpg.rf.95805b5e3a40114f80d3fbe2e4cdd68d.jpg,0,27,106,51,133,0.6695351004600525
sub_2909,006966_jpg.rf.95805b5e3a40114f80d3fbe2e4cdd68d.jpg,0,30,120,62,155,0.6636825799942017
sub_2910,006966_jpg.rf.95805b5e3a40114f80d3fbe2e4cdd68d.jpg,0,190,111,212,138,0.6570795774459839
sub_2911,006966_jpg.rf.95805b5e3a40114f80d3fbe2e4cdd68d.jpg,1,211,98,235,133,0.6369322538375854
sub_2912,006966_jpg.rf.95805b5e3a40114f80d3fbe2e4cdd68d.jpg,0,27,108,56,149,0.5344286561012268
sub_2913,006966_jpg.rf.95805b5e3a40114f80d3fbe2e4cdd68d.jpg,0,332,106,346,136,0.4015711545944214
sub_2914,006967_jpg.rf.9bb3ed18c5e660a119ca04271d8fe72c.jpg,0,178,60,206,103,0.832403838634491
sub_2915,006967_jpg.rf.9bb3ed18c5e660a119ca04271d8fe72c.jpg,1,104,45,141,101,0.8217928409576416
sub_2916,006967_jpg.rf.9bb3ed18c5e660a119ca04271d8fe72c.jpg,0,213,58,243,102,0.8188734650611877
sub_2917,006967_jpg.rf.9bb3ed18c5e660a119ca04271d8fe72c.jpg,0,256,76,287,116,0.7977824211120605
sub_2918,006968_jpg.rf.e707b00bcb2dab3eeae24df3e60195e5.jpg,1,267,138,309,177,0.7235735654830933
sub_2919,006968_jpg.rf.e707b00bcb2dab3eeae24df3e60195e5.jpg,1,350,111,396,160,0.5572563409805298
sub_2920,006969_jpg.rf.f12a88a82fe030b708df962606f8d5bb.jpg,1,244,6,332,102,0.9081734418869019
sub_2921,006969_jpg.rf.f12a88a82fe030b708df962606f8d5bb.jpg,1,43,125,121,216,0.8600459098815918
sub_2922,006976_jpg.rf.90884fb30a072e83b6819f32e72123cf.jpg,1,19,81,63,130,0.7939620018005371
sub_2923,006976_jpg.rf.90884fb30a072e83b6819f32e72123cf.jpg,1,74,131,113,174,0.72952800989151
sub_2924,006976_jpg.rf.90884fb30a072e83b6819f32e72123cf.jpg,1,378,89,420,130,0.6926271319389343
sub_2925,006977_jpg.rf.81f7b427c4d922e5bca7f8a249123c62.jpg,1,245,86,277,130,0.8343640565872192
sub_2926,006977_jpg.rf.81f7b427c4d922e5bca7f8a249123c62.jpg,1,285,84,325,131,0.822182834148407
sub_2927,006977_jpg.rf.81f7b427c4d922e5bca7f8a249123c62.jpg,1,92,51,154,119,0.7945040464401245
sub_2928,006977_jpg.rf.81f7b427c4d922e5bca7f8a249123c62.jpg,1,87,65,128,117,0.6945486664772034
sub_2929,006977_jpg.rf.81f7b427c4d922e5bca7f8a249123c62.jpg,1,137,68,176,118,0.6847175359725952
sub_2930,006977_jpg.rf.81f7b427c4d922e5bca7f8a249123c62.jpg,1,83,74,116,116,0.5553226470947266
sub_2931,006978_jpg.rf.797c1b80e617141a9e41f6e6f8fb069d.jpg,0,219,96,241,124,0.5609971880912781
sub_2932,006979_jpg.rf.9d1bee4976fd36d9c133c4a18ee39061.jpg,1,276,558,318,605,0.8071955442428589
sub_2933,006979_jpg.rf.9d1bee4976fd36d9c133c4a18ee39061.jpg,1,36,518,66,552,0.7795037031173706
sub_2934,006979_jpg.rf.9d1bee4976fd36d9c133c4a18ee39061.jpg,1,194,541,236,590,0.7672192454338074
sub_2935,006979_jpg.rf.9d1bee4976fd36d9c133c4a18ee39061.jpg,1,261,316,292,346,0.538225531578064
sub_2936,006981_jpg.rf.d61136fa9b11d75e45490dea1800eb81.jpg,1,250,57,314,121,0.8264257907867432
sub_2937,006982_jpg.rf.a8bacda528ccf99d21362ce03e0edca7.jpg,1,191,47,295,164,0.8932814598083496
sub_2938,006982_jpg.rf.a8bacda528ccf99d21362ce03e0edca7.jpg,1,98,99,176,185,0.8603063225746155
sub_2939,006983_jpg.rf.b49d81271249788c5be3bea1821dc6c3.jpg,1,83,2,162,94,0.8614396452903748
sub_2940,006984_jpg.rf.709c61978da32a98e9b0a447f76465d8.jpg,0,105,99,138,136,0.8651076555252075
sub_2941,006984_jpg.rf.709c61978da32a98e9b0a447f76465d8.jpg,0,409,92,443,132,0.8373642563819885
sub_2942,006984_jpg.rf.709c61978da32a98e9b0a447f76465d8.jpg,0,277,96,307,133,0.8271467685699463
sub_2943,006984_jpg.rf.709c61978da32a98e9b0a447f76465d8.jpg,0,201,109,230,143,0.824627697467804
sub_2944,006988_jpg.rf.bd1942bd962c025c7a1291feb1b53bda.jpg,1,302,102,340,149,0.8735530972480774
sub_2945,006988_jpg.rf.bd1942bd962c025c7a1291feb1b53bda.jpg,1,249,106,278,146,0.8251940011978149
sub_2946,006988_jpg.rf.bd1942bd962c025c7a1291feb1b53bda.jpg,1,190,111,217,146,0.7323169112205505
sub_2947,006988_jpg.rf.bd1942bd962c025c7a1291feb1b53bda.jpg,1,155,105,175,133,0.6716561317443848
sub_2948,006988_jpg.rf.bd1942bd962c025c7a1291feb1b53bda.jpg,1,224,112,241,131,0.5786486268043518
sub_2949,006988_jpg.rf.bd1942bd962c025c7a1291feb1b53bda.jpg,1,174,110,189,133,0.5255768895149231
sub_2950,006990_jpg.rf.3ea17dcdbb56aaf50a72cafe399eee08.jpg,1,129,54,158,89,0.862655520439148
sub_2951,006990_jpg.rf.3ea17dcdbb56aaf50a72cafe399eee08.jpg,1,79,73,104,98,0.8563289642333984
sub_2952,006990_jpg.rf.3ea17dcdbb56aaf50a72cafe399eee08.jpg,1,182,45,238,110,0.8415665030479431
sub_2953,006990_jpg.rf.3ea17dcdbb56aaf50a72cafe399eee08.jpg,1,149,68,192,121,0.8382814526557922
sub_2954,006990_jpg.rf.3ea17dcdbb56aaf50a72cafe399eee08.jpg,1,70,53,92,78,0.8030456304550171
sub_2955,006990_jpg.rf.3ea17dcdbb56aaf50a72cafe399eee08.jpg,1,176,43,201,70,0.7087627053260803
sub_2956,006991_jpg.rf.e4388e5673b305a1c8cb116e2b177e26.jpg,1,239,147,271,184,0.7983613610267639
sub_2957,006992_jpg.rf.9618d35aaf4dacb261998c6327f37d61.jpg,1,272,9,376,133,0.8791857957839966
sub_2958,006992_jpg.rf.9618d35aaf4dacb261998c6327f37d61.jpg,1,203,24,277,126,0.8693544268608093
sub_2959,006994_jpg.rf.c13ac0a9af65085b4ee85dbe3ad154c9.jpg,1,290,12,428,168,0.8740913271903992
sub_2960,006994_jpg.rf.c13ac0a9af65085b4ee85dbe3ad154c9.jpg,1,137,1,230,84,0.8668238520622253
sub_2961,006994_jpg.rf.c13ac0a9af65085b4ee85dbe3ad154c9.jpg,1,204,28,260,101,0.7871688604354858
sub_2962,006997_jpg.rf.2c668355190de4dad5e1d80d0b76e60f.jpg,0,64,181,109,235,0.9057052731513977
sub_2963,006997_jpg.rf.2c668355190de4dad5e1d80d0b76e60f.jpg,0,257,188,291,231,0.8803740739822388
sub_2964,006997_jpg.rf.2c668355190de4dad5e1d80d0b76e60f.jpg,0,317,193,348,231,0.8442692756652832
sub_2965,006997_jpg.rf.2c668355190de4dad5e1d80d0b76e60f.jpg,0,216,188,260,242,0.8323097825050354
sub_2966,006997_jpg.rf.2c668355190de4dad5e1d80d0b76e60f.jpg,0,425,187,479,254,0.824099600315094
sub_2967,006997_jpg.rf.2c668355190de4dad5e1d80d0b76e60f.jpg,0,106,197,138,241,0.7863142490386963
sub_2968,006997_jpg.rf.2c668355190de4dad5e1d80d0b76e60f.jpg,0,406,178,448,228,0.7822359800338745
sub_2969,007004_jpg.rf.c85aba0ea86d520bed6628bdc78a61cf.jpg,0,431,39,475,96,0.9071606397628784
sub_2970,007004_jpg.rf.c85aba0ea86d520bed6628bdc78a61cf.jpg,1,163,16,214,91,0.8864197134971619
sub_2971,007004_jpg.rf.c85aba0ea86d520bed6628bdc78a61cf.jpg,1,112,34,176,114,0.8782480955123901
sub_2972,007004_jpg.rf.c85aba0ea86d520bed6628bdc78a61cf.jpg,1,281,44,330,111,0.8580734729766846
sub_2973,007004_jpg.rf.c85aba0ea86d520bed6628bdc78a61cf.jpg,0,331,48,384,109,0.7987320423126221
sub_2974,007004_jpg.rf.c85aba0ea86d520bed6628bdc78a61cf.jpg,0,470,57,499,98,0.6503562331199646
sub_2975,007005_jpg.rf.2e8bc9da75864fe84016c27d69f1304d.jpg,1,221,28,326,125,0.8890464901924133
sub_2976,007005_jpg.rf.2e8bc9da75864fe84016c27d69f1304d.jpg,1,61,38,106,79,0.574619710445404
sub_2977,007007_jpg.rf.4dea58330eac57952b8f56528320121d.jpg,1,145,176,168,203,0.8182961940765381
sub_2978,007007_jpg.rf.4dea58330eac57952b8f56528320121d.jpg,1,179,185,200,209,0.7712006568908691
sub_2979,007007_jpg.rf.4dea58330eac57952b8f56528320121d.jpg,1,78,188,105,219,0.7691068053245544
sub_2980,007007_jpg.rf.4dea58330eac57952b8f56528320121d.jpg,1,211,182,230,205,0.753555953502655
sub_2981,007007_jpg.rf.4dea58330eac57952b8f56528320121d.jpg,1,510,158,534,185,0.7304123044013977
sub_2982,007007_jpg.rf.4dea58330eac57952b8f56528320121d.jpg,1,231,177,248,199,0.6754792928695679
sub_2983,007007_jpg.rf.4dea58330eac57952b8f56528320121d.jpg,1,256,188,273,208,0.6546075940132141
sub_2984,007007_jpg.rf.4dea58330eac57952b8f56528320121d.jpg,1,273,182,289,201,0.5833855271339417
sub_2985,007007_jpg.rf.4dea58330eac57952b8f56528320121d.jpg,1,291,178,304,196,0.4519769847393036
sub_2986,007008_jpg.rf.a183124e17048026d5fb5d06cbb1647a.jpg,1,197,1,303,93,0.8812447190284729
sub_2987,007008_jpg.rf.a183124e17048026d5fb5d06cbb1647a.jpg,1,345,83,415,155,0.8429862856864929
sub_2988,007009_jpg.rf.6b3b5882a590e9408e39432b5ff8c2b3.jpg,0,134,48,176,103,0.9254704713821411
sub_2989,007009_jpg.rf.6b3b5882a590e9408e39432b5ff8c2b3.jpg,0,206,59,245,112,0.9031909108161926
sub_2990,007009_jpg.rf.6b3b5882a590e9408e39432b5ff8c2b3.jpg,0,360,40,404,102,0.8922030329704285
sub_2991,007009_jpg.rf.6b3b5882a590e9408e39432b5ff8c2b3.jpg,0,296,55,334,102,0.8675575256347656
sub_2992,007009_jpg.rf.6b3b5882a590e9408e39432b5ff8c2b3.jpg,0,25,37,66,94,0.8527438044548035
sub_2993,007009_jpg.rf.6b3b5882a590e9408e39432b5ff8c2b3.jpg,0,420,49,448,91,0.8241592645645142
sub_2994,007009_jpg.rf.6b3b5882a590e9408e39432b5ff8c2b3.jpg,0,60,55,93,100,0.8069027066230774
sub_2995,007009_jpg.rf.6b3b5882a590e9408e39432b5ff8c2b3.jpg,0,241,90,274,129,0.803106963634491
sub_2996,007009_jpg.rf.6b3b5882a590e9408e39432b5ff8c2b3.jpg,0,174,82,203,117,0.7375150322914124
sub_2997,007009_jpg.rf.6b3b5882a590e9408e39432b5ff8c2b3.jpg,0,434,53,449,95,0.6309109926223755
sub_2998,007009_jpg.rf.6b3b5882a590e9408e39432b5ff8c2b3.jpg,0,439,58,449,100,0.5206829309463501
sub_2999,007010_jpg.rf.af65ac31f050517b245415f2ecfbac76.jpg,0,90,67,164,167,0.8879541754722595
sub_3000,007010_jpg.rf.af65ac31f050517b245415f2ecfbac76.jpg,0,419,50,500,149,0.8749403953552246
sub_3001,007010_jpg.rf.af65ac31f050517b245415f2ecfbac76.jpg,0,239,88,307,174,0.8463489413261414
sub_3002,007010_jpg.rf.af65ac31f050517b245415f2ecfbac76.jpg,0,180,116,224,165,0.7760205268859863
sub_3003,007010_jpg.rf.af65ac31f050517b245415f2ecfbac76.jpg,0,224,101,254,163,0.5559574961662292
sub_3004,007012_jpg.rf.6f7b6c431a89b8a46339239c7b04a967.jpg,1,233,58,307,148,0.8879103064537048
sub_3005,007013_jpg.rf.54ac648d4ec59715341bec65e250e2ba.jpg,1,205,141,235,176,0.804729163646698
sub_3006,007013_jpg.rf.54ac648d4ec59715341bec65e250e2ba.jpg,1,166,109,194,139,0.5215482711791992
sub_3007,007013_jpg.rf.54ac648d4ec59715341bec65e250e2ba.jpg,1,167,182,198,213,0.5097609162330627
sub_3008,007015_jpg.rf.06443b173e8e2775f8e8ca89e7d7b727.jpg,1,303,78,339,129,0.8664957880973816
sub_3009,007015_jpg.rf.06443b173e8e2775f8e8ca89e7d7b727.jpg,1,8,71,57,128,0.8642826080322266
sub_3010,007015_jpg.rf.06443b173e8e2775f8e8ca89e7d7b727.jpg,1,111,71,158,133,0.8584222793579102
sub_3011,007015_jpg.rf.06443b173e8e2775f8e8ca89e7d7b727.jpg,1,353,52,404,119,0.8308117985725403
sub_3012,007015_jpg.rf.06443b173e8e2775f8e8ca89e7d7b727.jpg,1,225,85,260,138,0.8190813064575195
sub_3013,007015_jpg.rf.06443b173e8e2775f8e8ca89e7d7b727.jpg,1,413,87,445,128,0.8081088066101074
sub_3014,007015_jpg.rf.06443b173e8e2775f8e8ca89e7d7b727.jpg,1,152,85,178,133,0.7129490375518799
sub_3015,007015_jpg.rf.06443b173e8e2775f8e8ca89e7d7b727.jpg,1,193,92,213,131,0.6120598912239075
sub_3016,007015_jpg.rf.06443b173e8e2775f8e8ca89e7d7b727.jpg,0,267,93,297,133,0.48316091299057007
sub_3017,007015_jpg.rf.06443b173e8e2775f8e8ca89e7d7b727.jpg,1,180,99,201,135,0.4778710603713989
sub_3018,007020_jpg.rf.2ad9227fcac462c9c52a5fb9138bd671.jpg,1,402,144,466,217,0.8834587931632996
sub_3019,007020_jpg.rf.2ad9227fcac462c9c52a5fb9138bd671.jpg,1,149,17,178,53,0.8020333647727966
sub_3020,007025_jpg.rf.1d2b9ac6bbdb31f9d7914ee7084438d5.jpg,1,15,8,147,136,0.828914999961853
sub_3021,007025_jpg.rf.1d2b9ac6bbdb31f9d7914ee7084438d5.jpg,0,0,0,53,52,0.4834223687648773
sub_3022,007028_jpg.rf.09fef29bd854db31869e8942d4e64705.jpg,1,368,54,392,79,0.7630746364593506
sub_3023,007028_jpg.rf.09fef29bd854db31869e8942d4e64705.jpg,1,261,56,284,81,0.7518305778503418
sub_3024,007030_jpg.rf.bb30bbf482e03ddf9003204b4c92d5b8.jpg,1,188,65,289,189,0.874687910079956
sub_3025,007031_jpg.rf.1d479215d9aa816dc591dd28d028e1e0.jpg,1,90,53,132,92,0.8357816934585571
sub_3026,007031_jpg.rf.1d479215d9aa816dc591dd28d028e1e0.jpg,1,277,116,308,151,0.805717945098877
sub_3027,007033_jpg.rf.b6adcc1f65d63b7a3d2ea11b6863db4d.jpg,1,308,140,344,183,0.8667351603507996
sub_3028,007033_jpg.rf.b6adcc1f65d63b7a3d2ea11b6863db4d.jpg,1,130,152,167,195,0.8653795123100281
sub_3029,007033_jpg.rf.b6adcc1f65d63b7a3d2ea11b6863db4d.jpg,1,207,49,236,89,0.8219385743141174
sub_3030,007034_jpg.rf.f2878b185e4e18635c465379ee7a2d8c.jpg,1,94,45,141,103,0.8735746741294861
sub_3031,007036_jpg.rf.f60a920fc7f8b532d1175d31ea1e344a.jpg,0,440,141,481,188,0.8831818699836731
sub_3032,007036_jpg.rf.f60a920fc7f8b532d1175d31ea1e344a.jpg,0,119,142,147,174,0.8536363840103149
sub_3033,007036_jpg.rf.f60a920fc7f8b532d1175d31ea1e344a.jpg,0,36,150,81,202,0.852595865726471
sub_3034,007036_jpg.rf.f60a920fc7f8b532d1175d31ea1e344a.jpg,0,82,155,119,197,0.8172831535339355
sub_3035,007036_jpg.rf.f60a920fc7f8b532d1175d31ea1e344a.jpg,0,380,139,411,173,0.7880027294158936
sub_3036,007036_jpg.rf.f60a920fc7f8b532d1175d31ea1e344a.jpg,0,147,135,173,164,0.7779590487480164
sub_3037,007036_jpg.rf.f60a920fc7f8b532d1175d31ea1e344a.jpg,0,322,137,345,164,0.7694463729858398
sub_3038,007036_jpg.rf.f60a920fc7f8b532d1175d31ea1e344a.jpg,0,355,139,378,168,0.7173749208450317
sub_3039,007036_jpg.rf.f60a920fc7f8b532d1175d31ea1e344a.jpg,0,181,135,199,158,0.7065961360931396
sub_3040,007036_jpg.rf.f60a920fc7f8b532d1175d31ea1e344a.jpg,0,294,137,311,160,0.6294423341751099
sub_3041,007036_jpg.rf.f60a920fc7f8b532d1175d31ea1e344a.jpg,0,254,137,272,160,0.6230541467666626
sub_3042,007036_jpg.rf.f60a920fc7f8b532d1175d31ea1e344a.jpg,0,212,137,227,156,0.5348713397979736
sub_3043,007036_jpg.rf.f60a920fc7f8b532d1175d31ea1e344a.jpg,0,62,139,82,162,0.45793628692626953
sub_3044,007039_jpg.rf.b73b2016c832ecef8893aeb1be781197.jpg,1,10,17,90,109,0.8620885014533997
sub_3045,007039_jpg.rf.b73b2016c832ecef8893aeb1be781197.jpg,1,261,11,352,112,0.8572918772697449
sub_3046,007039_jpg.rf.b73b2016c832ecef8893aeb1be781197.jpg,1,151,28,181,66,0.832886278629303
sub_3047,007039_jpg.rf.b73b2016c832ecef8893aeb1be781197.jpg,1,240,69,276,103,0.6980314254760742
sub_3048,007039_jpg.rf.b73b2016c832ecef8893aeb1be781197.jpg,1,0,28,20,81,0.6968235373497009
sub_3049,007042_jpg.rf.a1bb8f693d57545a037f5ca7746e83cd.jpg,1,259,62,317,130,0.842322826385498
sub_3050,007042_jpg.rf.a1bb8f693d57545a037f5ca7746e83cd.jpg,1,173,57,229,117,0.8355188369750977
sub_3051,007046_jpg.rf.15f2a8e92b2bdfd9391b096d68882ff2.jpg,0,438,92,466,123,0.8130452036857605
sub_3052,007046_jpg.rf.15f2a8e92b2bdfd9391b096d68882ff2.jpg,0,78,92,103,120,0.7550538182258606
sub_3053,007046_jpg.rf.15f2a8e92b2bdfd9391b096d68882ff2.jpg,0,218,89,235,110,0.7506203055381775
sub_3054,007046_jpg.rf.15f2a8e92b2bdfd9391b096d68882ff2.jpg,0,397,98,412,118,0.686619222164154
sub_3055,007046_jpg.rf.15f2a8e92b2bdfd9391b096d68882ff2.jpg,0,175,98,192,118,0.6836466193199158
sub_3056,007046_jpg.rf.15f2a8e92b2bdfd9391b096d68882ff2.jpg,0,263,92,282,115,0.556380033493042
sub_3057,007046_jpg.rf.15f2a8e92b2bdfd9391b096d68882ff2.jpg,0,368,100,384,120,0.5434269309043884
sub_3058,007046_jpg.rf.15f2a8e92b2bdfd9391b096d68882ff2.jpg,0,49,94,80,126,0.5399918556213379
sub_3059,007046_jpg.rf.15f2a8e92b2bdfd9391b096d68882ff2.jpg,0,125,99,142,123,0.5044571161270142
sub_3060,007047_jpg.rf.05f70dd38450beaf5f4d18cd0e7f804d.jpg,1,304,166,355,214,0.881085991859436
sub_3061,007047_jpg.rf.05f70dd38450beaf5f4d18cd0e7f804d.jpg,1,237,175,278,219,0.795544445514679
sub_3062,007048_jpg.rf.788703d1187f23c723011a44fe729832.jpg,1,262,106,296,148,0.811806857585907
sub_3063,007048_jpg.rf.788703d1187f23c723011a44fe729832.jpg,1,180,86,215,125,0.8077441453933716
sub_3064,007048_jpg.rf.788703d1187f23c723011a44fe729832.jpg,1,295,88,327,133,0.7748569846153259
sub_3065,007048_jpg.rf.788703d1187f23c723011a44fe729832.jpg,1,476,349,499,391,0.757191002368927
sub_3066,007051_jpg.rf.740168098c012a3e7d439fb08a125c04.jpg,1,340,159,418,248,0.8884339928627014
sub_3067,007051_jpg.rf.740168098c012a3e7d439fb08a125c04.jpg,1,329,43,350,64,0.5911190509796143
sub_3068,007053_jpg.rf.7452c702c57577b4ad417e0efd840f89.jpg,1,182,75,258,159,0.8504142761230469
sub_3069,007055_jpg.rf.581d38b77750014a8c3aad1027f6f4b4.jpg,1,260,225,276,244,0.7607967853546143
sub_3070,007055_jpg.rf.581d38b77750014a8c3aad1027f6f4b4.jpg,1,185,210,202,229,0.7192773222923279
sub_3071,007056_jpg.rf.7c1a3682380bc6e8de40b760fafd7032.jpg,0,363,143,418,208,0.9082738161087036
sub_3072,007056_jpg.rf.7c1a3682380bc6e8de40b760fafd7032.jpg,0,207,146,250,195,0.8771560192108154
sub_3073,007056_jpg.rf.7c1a3682380bc6e8de40b760fafd7032.jpg,0,2,195,74,273,0.8504747748374939
sub_3074,007056_jpg.rf.7c1a3682380bc6e8de40b760fafd7032.jpg,0,324,131,360,173,0.8341260552406311
sub_3075,007056_jpg.rf.7c1a3682380bc6e8de40b760fafd7032.jpg,0,77,131,112,170,0.7727506160736084
sub_3076,007056_jpg.rf.7c1a3682380bc6e8de40b760fafd7032.jpg,0,376,121,406,150,0.7264648675918579
sub_3077,007056_jpg.rf.7c1a3682380bc6e8de40b760fafd7032.jpg,0,72,178,140,268,0.6913090348243713
sub_3078,007056_jpg.rf.7c1a3682380bc6e8de40b760fafd7032.jpg,0,104,136,140,183,0.6328901052474976
sub_3079,007056_jpg.rf.7c1a3682380bc6e8de40b760fafd7032.jpg,0,413,127,439,157,0.6254372000694275
sub_3080,007057_jpg.rf.66165cd53e53f79d6a7d0bc48ad90d18.jpg,1,319,65,366,116,0.8758333921432495
sub_3081,007057_jpg.rf.66165cd53e53f79d6a7d0bc48ad90d18.jpg,1,188,47,220,84,0.8471725583076477
sub_3082,007058_jpg.rf.05953964d02a75c4e5dd56d939d99583.jpg,1,217,5,287,96,0.8566877841949463
sub_3083,007058_jpg.rf.05953964d02a75c4e5dd56d939d99583.jpg,0,114,89,139,120,0.7451767921447754
sub_3084,007063_jpg.rf.0d7faa35f8635ed83d6704bb1e1acf4b.jpg,1,109,149,152,196,0.8089295029640198
